,feature,importance,pn,perc_importance
0,frequency_action_Video.Play,-8.59433491196574e-11,-1.0,-1.0
1,frequency_action_relative_Video.Play,-5.55833094764611e-11,-1.0,-0.646743582206384
2,number_submissions,-4.617776197879741e-11,-1.0,-0.5373046600092921
3,fraction_spent_completed_Video.Play,-1.082988860626895e-11,-1.0,-0.12601194527793752
4,frequency_action_relative_Video.Pause,-7.228579072628942e-12,-1.0,-0.0841086500197324
5,time_sessions_sum,-1.200006619696047e-12,-1.0,-0.013962763052499839
6,regularity_peak_dayhour,1.0092601380072184e-12,1.0,5.77060029948702e-10
7,obs_duration_problem_var,1.3302169440947661e-12,1.0,7.605720276570622e-10
8,time_in__video_sum,1.5723772587391285e-12,1.0,8.990309176484782e-10
9,frequency_action_Video,2.65669405909935e-12,1.0,1.519005750425709e-09
10,video.play-video.play-video.play,3.637946886477573e-12,1.0,2.080052169114323e-09
11,watching_index,5.107074201687583e-12,1.0,2.9200483411492886e-09
12,total_clicks_Video.Load,7.648308016638336e-12,1.0,4.373037918502087e-09
13,number_submissions_avg,1.3436479539214477e-11,1.0,7.68251414408757e-09
14,fraction_spent_entirety_Video.Play,1.0482344509234125e-10,1.0,5.993441936956786e-08
15,number_submissions_perc_correct,1.1217540458488481e-10,1.0,6.413801545464229e-08
16,count_unique_elements_video,1.312412953557247e-10,1.0,7.503923218251513e-08
17,number_submissions_distinct_correct,3.80225816777852e-10,1.0,2.1739996751514195e-07
18,number_submissions_correct,3.80225816777852e-10,1.0,2.1739996751514195e-07
19,attendance_rate,6.705404970409989e-10,1.0,3.8339185779031415e-07
20,content_alignment,6.705404970409989e-10,1.0,3.8339185779031415e-07
21,weekly_prop_watched_mean,6.705404970409989e-10,1.0,3.8339185779031415e-07
22,video.play-problem.check-problem.check,1.0371124391125464e-06,1.0,0.000592985012125959
23,frequency_action_Video.Pause,1.0668849805845788e-06,1.0,0.0006100079213111199
24,video.pause-video.speedchange-video.play,1.5796471829060567e-06,1.0,0.0009031876087725088
25,time_sessions_length,2.7268612639076723e-06,1.0,0.00155912493058877
26,obs_duration_problem_amax,2.8693845639881343e-06,1.0,0.0016406148227539462
27,video.play-video.pause-video.load,3.1359816588461443e-06,1.0,0.001793045818242148
28,total_clicks_weekend,4.414067236522737e-06,1.0,0.0025238109341490476
29,frequency_action_total_Video.Pause,1.53195562064458e-05,1.0,0.008759192234370411
30,competency_anticipation,1.8041958239279e-05,1.0,0.010315767530905007
31,fraction_spent_ratio_played_Video.Pause,2.0108882486363924e-05,1.0,0.011497563306847952
32,time_sessions_mean,2.2051016493743477e-05,1.0,0.012608008341044698
33,number_sessions,2.231135141768463e-05,1.0,0.012756858843852428
34,time_in__problem_sum,3.195408080740482e-05,1.0,0.018270237903295045
35,total_clicks_weekday,4.6429441857619035e-05,1.0,0.026546748553609806
36,time_sessions_std,5.265255236572612e-05,1.0,0.03010490784371413
37,weekly_prop_interrupted_mean,5.2995027892635646e-05,1.0,0.030300723501514037
38,total_clicks,6.387346605952237e-05,1.0,0.03652063808842489
39,fraction_spent_spent_Video.Play,6.90015921518046e-05,1.0,0.03945272317229247
40,watching_ratio,8.277986290232216e-05,1.0,0.04733066170619117
41,problem.check-problem.check-video.load,8.311763502088414e-05,1.0,0.04752378811781986
42,total_clicks_video,9.354108419659923e-05,1.0,0.05348355574064844
43,pause_duration_std,0.00010468748684714042,1.0,0.05985668314865431
44,delay_lecture,0.0001304702248507768,1.0,0.0745983607441996
45,fraction_spent_ratio_duration_Video.Play,0.0001394607431303139,1.0,0.07973882805512288
46,utilization_rate,0.00014503822280397666,1.0,0.08292783797072016
47,speed_playback__std,0.0001586673790188739,1.0,0.09072051797200631
48,time_solve_problem,0.0002091219699736257,1.0,0.11956870752290516
49,ratio_clicks_weekend_day,0.00021857184719919532,1.0,0.12497182038691462
50,number_submissions_distinct,0.00022447494539266737,1.0,0.12834700770684696
51,frequency_action_Video.Load,0.00027036553377173846,1.0,0.15458565848391836
52,total_clicks_Video,0.000356116612938337,1.0,0.20361515885605824
53,student_speed,0.0003582176031517487,1.0,0.20481643237298042
54,problem.check-problem.check-problem.check,0.0003817930991702158,1.0,0.21829608536446202
55,obs_duration_problem,0.0004311561838455221,1.0,0.2465201893871742
56,frequency_action_relative_Video.Load,0.0005737500055715685,1.0,0.32805040338948693
57,speed_playback__mean,0.0006427501077055693,1.0,0.3675022746211487
58,regularity_periodicity_m1,0.000710200704105022,1.0,0.40606819208141764
59,time_speeding_up_std,0.0007489948370910966,1.0,0.42824933517796393
60,pause_duration_mean,0.0007508551269311016,1.0,0.42931298454878536
61,time_speeding_up_mean,0.0008576576502850062,1.0,0.4903789723989469
62,weekly_prop_replayed_mean,0.0008932991297382227,1.0,0.510757537276481
63,time_between_sessions_std,0.0010748274405371313,1.0,0.6145491451299225
64,total_clicks_problem,0.0017489690597647823,1.0,1.0
