,feature,importance,pn,perc_importance
0,problem.check-problem.check-video.load,-0.0007694313767946748,-1.0,-1.0
1,obs_duration_problem,-0.0004915550296269599,-1.0,-0.6388549316440639
2,fraction_spent_completed_Video.Play,-0.00015251740403307145,-1.0,-0.19822093123942255
3,weekly_prop_replayed_mean,0.0003158569680492021,1.0,0.011044429849327454
4,student_speed,0.0003366710439949876,1.0,0.011772226367737625
5,fraction_spent_ratio_duration_Video.Play,0.00035297559502748356,1.0,0.012342340338043102
6,problem.check-problem.check-problem.check,0.0007865428120355213,1.0,0.027502692008573557
7,number_submissions_perc_correct,0.0013284907846153504,1.0,0.04645274526245897
8,number_submissions_avg,0.0016460790689222444,1.0,0.05755771327585851
9,fraction_spent_spent_Video.Play,0.0016681749957463221,1.0,0.05833033170271046
10,weekly_prop_watched_mean,0.0017097673725458278,1.0,0.05978467380782868
11,utilization_rate,0.0018677389803438869,1.0,0.06530839662226207
12,weekly_prop_interrupted_mean,0.0019408755171653714,1.0,0.06786572931413358
13,video.play-video.play-video.play,0.0019544516230246573,1.0,0.06834043895791946
14,total_clicks_problem,0.002508134564251603,1.0,0.08770082363114194
15,competency_anticipation,0.003178009086888077,1.0,0.11112402755412072
16,video.pause-video.speedchange-video.play,0.004616192632912908,1.0,0.16141235072340396
17,fraction_spent_entirety_Video.Play,0.006693115411616432,1.0,0.23403518400624648
18,number_submissions_distinct_correct,0.006734443367041725,1.0,0.2354802802070043
19,content_alignment,0.007150158179541531,1.0,0.250016394804499
20,number_submissions_correct,0.007711732865211889,1.0,0.26965272658894845
21,attendance_rate,0.007724588490012249,1.0,0.27010224349260825
22,watching_index,0.012919108794504457,1.0,0.45173672019325994
23,watching_ratio,0.018255126699664972,1.0,0.6383188804421999
24,video.play-problem.check-problem.check,0.018758134904683543,1.0,0.6559073441961429
25,number_submissions,0.022253154104707407,1.0,0.7781161231099682
26,number_submissions_distinct,0.02791837789262249,1.0,0.9762094787601836
27,delay_lecture,0.02859875723403106,1.0,1.0
