inst,attendance_rate_InWeek10 <= 0.00,attendance_rate_InWeek11 <= 0.00,attendance_rate_InWeek12 <= 0.00,competency_anticipation_InWeek1 <= 0.00,competency_anticipation_InWeek10 <= 0.00,competency_anticipation_InWeek12 <= 0.00,competency_anticipation_InWeek2 <= 0.00,competency_anticipation_InWeek3 <= 0.00,competency_anticipation_InWeek4 <= 0.00,competency_anticipation_InWeek5 <= 0.00,competency_anticipation_InWeek6 <= 0.00,competency_anticipation_InWeek7 <= 0.00,competency_anticipation_InWeek8 <= 0.00,competency_anticipation_InWeek9 <= 0.00,content_alignment_InWeek10 <= 0.00,content_alignment_InWeek11 <= 0.00,content_alignment_InWeek12 <= 0.00,delay_lecture_InWeek10 <= 0.00,delay_lecture_InWeek11 <= 0.00,delay_lecture_InWeek12 <= 0.00,exp number,fraction_spent_completed_Video.Play_InWeek10 <= 0.00,fraction_spent_completed_Video.Play_InWeek11 <= 0.00,fraction_spent_completed_Video.Play_InWeek12 <= 0.00,fraction_spent_entirety_Video.Play_InWeek10 <= 0.00,fraction_spent_entirety_Video.Play_InWeek11 <= 0.00,fraction_spent_entirety_Video.Play_InWeek12 <= 0.00,fraction_spent_ratio_duration_Video.Play_InWeek10 <= 0.00,fraction_spent_ratio_duration_Video.Play_InWeek11 <= 0.00,fraction_spent_ratio_duration_Video.Play_InWeek12 <= 0.00,fraction_spent_spent_Video.Play_InWeek10 <= 0.00,fraction_spent_spent_Video.Play_InWeek11 <= 0.00,fraction_spent_spent_Video.Play_InWeek12 <= 0.00,number_submissions_InWeek10 <= 0.00,number_submissions_InWeek11 <= 0.00,number_submissions_avg_InWeek10 <= 0.00,number_submissions_avg_InWeek11 <= 0.00,number_submissions_correct_InWeek10 <= 0.00,number_submissions_correct_InWeek11 <= 0.00,number_submissions_distinct_InWeek10 <= 0.00,number_submissions_distinct_InWeek11 <= 0.00,number_submissions_distinct_InWeek9 <= 0.00,number_submissions_distinct_InWeek9 > 0.00,number_submissions_distinct_correct_InWeek10 <= 0.00,number_submissions_distinct_correct_InWeek11 <= 0.00,number_submissions_perc_correct_InWeek10 <= 0.00,number_submissions_perc_correct_InWeek11 <= 0.00,obs_duration_problem_InWeek10 <= 0.00,obs_duration_problem_InWeek11 <= 0.00,problem.check-problem.check-problem.check_InWeek3 <= 0.00,problem.check-problem.check-video.load_InWeek10 <= 0.00,problem.check-problem.check-video.load_InWeek10 > 0.00,real value,student_speed_InWeek12 <= 0.00,student_speed_InWeek12 > 0.00,total_clicks_problem_InWeek11 <= 0.00,total_clicks_problem_InWeek11 > 0.00,total_clicks_problem_InWeek12 <= 0.00,total_clicks_problem_InWeek12 > 0.00,utilization_rate_InWeek12 <= 0.00,video.pause-video.speedchange-video.play_InWeek10 <= 0.00,video.pause-video.speedchange-video.play_InWeek11 <= 0.00,video.pause-video.speedchange-video.play_InWeek12 <= 0.00,video.pause-video.speedchange-video.play_InWeek9 <= 0.00,video.play-problem.check-problem.check_InWeek1 <= 0.00,video.play-problem.check-problem.check_InWeek10 <= 0.00,video.play-problem.check-problem.check_InWeek11 <= 0.00,video.play-problem.check-problem.check_InWeek11 > 0.00,video.play-problem.check-problem.check_InWeek12 <= 0.00,video.play-problem.check-problem.check_InWeek2 <= 0.00,video.play-problem.check-problem.check_InWeek3 <= 0.00,video.play-problem.check-problem.check_InWeek4 <= 0.00,video.play-problem.check-problem.check_InWeek5 <= 0.00,video.play-problem.check-problem.check_InWeek6 <= 0.00,video.play-problem.check-problem.check_InWeek7 <= 0.00,video.play-problem.check-problem.check_InWeek8 <= 0.00,video.play-problem.check-problem.check_InWeek9 <= 0.00,video.play-video.play-video.play_InWeek10 <= 0.00,video.play-video.play-video.play_InWeek2 <= 0.00,video.play-video.play-video.play_InWeek3 <= 0.00,video.play-video.play-video.play_InWeek4 <= 0.00,video.play-video.play-video.play_InWeek4 > 0.00,video.play-video.play-video.play_InWeek5 <= 0.00,video.play-video.play-video.play_InWeek7 <= 0.00,video.play-video.play-video.play_InWeek8 <= 0.00,video.play-video.play-video.play_InWeek9 <= 0.00,watching_index_InWeek10 <= 0.00,watching_index_InWeek11 <= 0.00,watching_index_InWeek12 <= 0.00,watching_ratio_InWeek10 <= 0.00,watching_ratio_InWeek11 <= 0.00,watching_ratio_InWeek12 <= 0.00,weekly_prop_interrupted_mean_InWeek10 <= 0.00,weekly_prop_interrupted_mean_InWeek11 <= 0.00,weekly_prop_interrupted_mean_InWeek12 <= 0.00,weekly_prop_replayed_mean_InWeek10 <= 0.00,weekly_prop_replayed_mean_InWeek11 <= 0.00,weekly_prop_replayed_mean_InWeek12 <= 0.00,weekly_prop_watched_mean_InWeek10 <= 0.00,weekly_prop_watched_mean_InWeek11 <= 0.00,weekly_prop_watched_mean_InWeek12 <= 0.00
19,,,,-0.013724007306137218,,,,,,,,,,,,-0.04695995876704613,,,,,19,,,,,,,,,,,,,0.11905313153296723,,,,,,,,,,,,,,,,,-0.011220088029459856,,pass,,,,,,,,,,,,,,0.15337378415227357,,0.07860323316044884,,,,0.08195299688973336,,,,,,,,,,,,,,,,0.12356310264525491,,,,,,,,0.11568935144413924,,,,0.08244706960237154
52,,,,,,,,0.20513200933719142,,,,,,,,,0.0991064706044114,,0.17637851931347384,0.241605153595746,52,,,,,,,,,-0.009804842150196983,,,,,,,,,,0.0703291042656476,0.09514042678227967,,,,,,,,,,,,pass,,,,,,,,,,,,,,,,0.07406507615929134,,,,,,,,,,,,,,,,,,,0.16194361818485148,,0.14368556325730533,,,,,,,,,,,
57,,,0.08393593001255635,0.2536393380027,,,,,,,,,,,0.06226354955146297,,,,,,57,-0.010261662070298662,,,,,,,,,,,,,0.07690762358759368,,,,,,0.15044044434272172,,,,,,,,,,,,pass,,,,,,,,,,,,,0.03301721307715775,0.054840554997594146,,,0.1036262267333201,,,,,,,,,,,,,,,,,,,,,,,,,,-0.010173697109679886,,,,,
64,,0.0915163748618155,,,,,,,,,,,,,,,,,0.20191005834469875,0.12199967960419461,64,,,,,,,,-0.006589449028882888,,,,,,,,,,,0.06340372145439976,,,,,,,,,,,,,pass,0.07475385540090802,,,,,,,,,,,,,0.10856300220165546,,0.04073565476203627,,,,,,,,0.052116667746434635,,,,,,,,,,,,0.11094450698783463,,,,,,,,,,,,
65,-0.04756959586393551,,,,,,,,,,,,0.09527670507942786,,,,,,,,65,,,,,,,,,,,,,0.08684086934110578,,,,,,0.056868718932658366,0.06813866966967899,,,,,,,,,,,,pass,,,,,,,,,,,,,,0.09043558071972208,,0.09450738975090561,,0.10799666911883446,,,,,,,,,,,,,,,,,,,0.07594426917277784,,0.16718592050347295,,,,,,,,,
108,,,,,,,,,,,,,,,,,,,0.03152633338059429,,108,,,,,0.05900607499420027,,,,,,,,0.09585320460482426,,,,,,,0.08103510758686873,,,,,,,0.05378733888234105,,,,,pass,,,,-0.06432615515999464,,-0.06173744344553781,,,,,,,0.0720436683212534,,,,,,,,,0.11951500107918149,,,,,,,,,,,,,0.04972189527724518,,,,,,,,,,,,,
113,,,-0.027149180636900208,,,,,,,,-0.0262049691623941,,,,,,,0.06817585027995873,,,113,,,,,,,,,,,,,0.11991276212307289,0.1711828386685361,,,,,,0.12391963182709197,,,,,,,,,,,,fail,,,0.05676894723438487,,,,,,0.10255542789596948,,,,,0.05921696455913093,,0.10185391047567942,,,,,,,,,,,,,,,,,,,,,,,,,,,,,,,,
114,,,,,,,0.23546756994187282,,,,,,,,,,,,0.08006983509437711,0.10981085227741978,114,,-0.009215179960914997,,,,,,,,,,,,,,,,,0.15714937832753859,0.10969424780810162,,,,,,-0.008998956238573792,,,,,,pass,,,,,,,,,,,,,,,,0.07102204128412139,,,,,,,,,,,,,,,,,,,,,0.16423874053993354,0.07896056867821481,,,,,,,,,,
125,,,,,,,,,,,,,,,,,,0.0817972269806538,,,125,,,,,,,0.16984743633019422,,,,,,,,,,,,,,,,,,,,-0.03304519498994227,,,,,fail,,,0.08040670498519138,,0.07326122257045423,,,,,0.08794854331350879,,,0.06328365335329429,0.06578722349254329,,,,0.1110441499297143,,,,,-0.003509666264031728,,,,,,,,,,,,,,,,,,,,,,,,,
136,,,,,,,,,,,,,,,0.0581327249557201,,,,,,136,,,,,,,,,,,,,0.08509937830045575,0.06468714790815164,,,0.022092372371333366,,,0.2277217106076879,,,0.09375668941096589,-0.013926064754844421,,,,,,,,fail,,,,,,,,,,,,,,,,0.08319354416425208,,,,,,0.09560739342716518,,,,,,,,,,,,,,,,,0.12937650656605706,,,,,,,,,
138,,,0.010828676362351741,,,,,,,,,,,,,-0.006291394857305574,,,,0.043352496555643064,138,,,-0.0058440462304033495,,,,,,,,,,-0.0032976887892505295,,,,,,0.17311123851914806,0.033737112504164196,,,,,,,,,,,,pass,,,,-0.06815662724146855,,,,,,,0.04873579354213998,,,,,0.07307418487759108,,,,,,,,,,,,,,,,,,,,,,,,,,,,,,,,
150,,0.16530007205303288,,,-0.03499853078348607,,,,,,,,,,,,,,,,150,,,,,,,,,,,,,,,,,,,,,0.06633474909367784,,,,,,,,,0.04191593397299509,,fail,,,0.06417225871119579,,,,,,,,,,,0.0861797248310605,,0.14624116179159585,,,,,,0.05556307668888454,,,,0.06518007345600836,,,,,,,,,,,,,,,,-0.0056232248658283765,,,,,,
161,,,,,-0.008149291365957458,,,,,,,,,-0.008147615037426677,,,0.00488227276051725,,0.061166731081087104,,161,,,,,,,,,,,,,,,,,,,0.09434356921948524,0.01700109026121007,,,,,,,,,,,,pass,,,,,,,,,,0.11747906923439858,,,,,,0.12600229003640936,,,,,,,,,,,,,,,,,,0.053897725638038525,,,,,,,,-0.008052323553475304,,,,,,
210,,,,,0.06927361161222509,,,,,,,,,,,,,,,,210,,,,0.10151556270797489,,,0.029389878883944495,,,,,,,,,,,,,0.1367844057389763,,,,,,,,,,,,pass,,,,-0.07627887644109943,,,,,,,,,,,,0.06808516004413571,,,0.10942544577766626,,,,,,,0.0878812154036416,,,,,,,,,,0.03813275175561395,,,0.06792473726485021,,,,,,,,,
217,,,,,,,,,,,,,,,,,,,,,217,,,,0.06623554397532407,,,,,,,,,,,,,,0.060927664930808464,,0.1519517759856118,,,,,,,,-0.008481423665434402,,-0.009688243068675707,,pass,,,,,,,,,,,,,,0.077748831425758,,0.11646569886472576,,,,,,,,,,,,,,,,,,,,0.0863824857998499,,,,0.18434134870282334,,,,-0.008604527669445678,,,,
239,,,,,,,0.0725637434556107,,,,,,,,,,,0.02418550284560468,,,239,,,,,,,,,,,,,0.09637485395382793,,,,,,,,,,,-0.028064400853043698,,,,-0.011759527298266199,,,,fail,,,0.06488556381838397,,,,,,,,,,,0.08305494530935202,,,,,,,,,,,,,,,,,,,,,,,,,0.0648829343362271,,-0.0076924276342790945,,,,,,0.033862477034706046,
248,,,,0.09878157695478236,,,,,,,,,0.05212787464330344,,,,,0.10478619816913974,,0.10417902893722243,248,,,,,,,,,-0.03874623214354054,,,,,,,,,,,,,,,,,,,,,-0.031960514482905225,,fail,,,0.06564356986193841,,,,,,,,,,,0.1134556891647062,,0.08461991044495096,0.053982533781509905,,,,,,,,,,,,,,,,,,,,,,,,,,,,,,,
277,,,,-0.009892176505262671,,,,,,,,,,,0.10814102012535896,,,,,0.04416944991910644,277,,,,,,,,,,,,,0.16059508493432453,,,,0.1733391224307441,,0.1207045250466055,0.1311906726748973,,,,,,,,-0.009803979767544607,,,,fail,,,,,,,,,,,,,0.13195269156652895,,,0.1648677597206751,,,,,,,,,,,,,,,,,,,,,,,,,,,,,,,,
282,,,,,,,0.06000436424277205,,0.08850518954892088,,,,,,,-0.007921913708108541,,,,0.060971240743292604,282,,,,,,,,,,,,,,,,,,,,,,,,,,,,,,,,pass,,,,,,,,,,,,,0.12135722366664017,0.10954165796723524,,0.04834576291432712,,,,,,,,,,,,,,,,,-0.009792851556565308,,,,,0.1065600651435895,,,,,,,,-0.0018859287805849745,,
318,,,,,,,,,,,,,,,,,,,0.06688546940442282,,318,,,,,,,,,,,,,0.13700182095893698,,,,,,-0.009532374271542337,0.1326852321810365,,,,0.07813934697600851,,,,,,,,fail,,,,,,,,,,,,,,,,0.17495540387468841,,,,,,,0.10027075812466997,0.06939692611082851,,,,,,,,,,,,,,0.08323308723980842,,,-0.009403065583427316,,,,,,,
323,,,,,,,,,,,,,,-0.01242919332977252,,,,0.06563330354368357,,0.1087357847976453,323,,,,,,,,,,,,,,,,,0.14641762825121948,,0.10368614062194113,,,,,,,,,,,,,fail,,,,,,,,,,,,,0.0410328500326655,0.09902240597165765,,0.1248552308838639,,,,,,,0.1520588570088217,,,,,,,,,,,,,,,,0.10738770879922294,,,,,,,,,
349,,,,,,,,,,,,,,,,,,,,,349,,,,,,,,,,,-0.010231646509576652,,,0.07286774894879089,,,,,,0.07964352527626119,,,,,,-0.003467541735641314,,,,,,fail,,,,,,,,,,,,,,0.07596705927791211,,0.17906773275637328,,,,,,0.03570272647213859,,,,,,,,,,,,,,0.06122902309272229,,0.09150647876598994,,-0.010189188846783319,,,,,,,,
404,,,,,,-0.009508604646750246,,,,,0.13494902347541018,,,,,,,,,,404,,,,,,,,,,,,,,,-0.06348135009174743,,-0.007361325316439617,,,0.1926886665679634,,,,,,,,,,,,pass,,,,,,,,,,,,,,,,0.10267421714892533,,,,,,,0.14125188047969517,,,,,,,,,,0.060847487178655194,,,,,,0.13146427146276526,,,,,,-0.013304630704145398,,,
436,,,,,,,,,,,,,,,,,0.10297002085230293,,,,436,,,,,,,-0.008873085180370723,,,,,,,,,,,,0.13971630298094492,0.02630465088351097,,-0.0747839894775198,,,,,-0.008934834646948057,,,,,pass,,,,,,,,,,0.10271766690137453,,,,,,0.08299792556407543,,,,,,,,,,,,,,,,,,,0.019388218827476832,,,-0.00559211610508962,,,,,,,,,,
452,,,,,,,,,,,,,,,,,,,0.12298652919749742,,452,,,,,,,,-0.03234461920660835,,-0.007642393888658038,-0.007418714193948055,,0.27639226774886416,,,,,,,,,,,,,,,,,,,pass,,,,,,-0.070097642219196,,,,,,,,0.11586121907715953,,0.04653681241188611,,,,,,,0.13239790551854536,,,,,,,,,,,,,0.17249401959866073,,,,,,,,,,,,
453,,,-0.008353303741628241,,,,-0.008600303715200715,,,,,,,,,,,,,0.06683602485687966,453,,,,,,,,,,,,,,0.20455749649577523,,,0.0634838275733353,,,0.18101176528046364,,,,,,,,,,,,pass,,,,,,,,,,,,,,,,,,,,,,,,,,,,,,,,,,,,,0.09421130660612698,0.05297339563141333,0.07016277056171177,,,,,,,,,-0.008400456693055051
527,,,,,,,,,,,,-0.005400250228356216,-0.005359060213116981,,,,,,,0.03233827613734027,527,,,,,,,,,,,,,,,,,,,0.0499993023881666,,0.07136601321182137,,,,,,,-0.007563622830444615,,,,pass,,,0.07695752172891748,,,,,,,,,,,,,,,,,,,,,,,,,,,,,,,,0.13309254865488337,0.054061650403842254,,,,,,,,0.010125207700128777,,,,
533,,,,,,,,,,,,,,,,,,,,,533,,,,,,,,,,,,,,,,,,0.06466507486621685,,0.13325580454754105,,,0.12025499450857481,0.0711391768291692,,,,,,,,pass,,,,,,,,,0.09273551836704105,,,,,0.09959612695531755,,0.2340413410274759,,,,,,,,,,,,,,,,,,,,0.08693864162481035,,,0.23751998215540004,,-0.009809300132864901,,,,,,,
538,,,,,,,,,,,,,,,,,,,,0.12498420052348225,538,,,,,,,,,,,,,0.10887660886653167,,,,0.0774643130612056,,0.02157874163300688,,,,,,,,,,,,,fail,,,,,,,,,0.121018349239679,,,,0.09165301738448627,,,0.06918941389689852,,0.11440538802287263,,,,,,0.09798378731438917,,,,,,,,,,,,0.1338530786439101,,,,,,,,,,,,
544,,,,,,,,,,,,,,,0.15526627265734697,,0.09832872140234046,,,,544,,,,,,,,,,,,,,,,,-0.009388387409400597,0.03501835324279577,,0.1714297509051276,,,,,,,,,,0.12678238480904228,,pass,,,,,,,,,,0.0934752233208571,,,,,,0.07308749071508451,,,,,,0.18275296696948715,,,,,,,,,,,,,,,,,,,,,,-0.046269542729342764,,,,
616,,,,,,,,,,,,,,,,,,,,,616,,,,,,,,,,,,,,0.05562844349489514,,-0.006540229297455827,,,0.015128083881729202,,,,0.13019368525491254,,,,,-0.008437542278731048,,,,pass,,,,,,,0.2816248844639711,,,,,,,,,0.13512213124627662,,,,,,,,0.14955582298478215,,,,,,,,,,,,,,0.08227785910900363,,-0.007573253952571867,,,,,,,,
672,0.06220892037713851,,,,,,,,,,,,,,,,,,,,672,-0.007192274115764327,,,0.16206495613788513,,,,,,,,,,,,,,-0.007320024554290616,,,,,,0.11220147284265349,,,,,,,,fail,,,0.06968762049473036,,,,,,,,,,,0.09977228528970564,,0.1344119446665913,,-0.018984502252626514,,,,,,,,,,,,,,,,,,0.03931309841732096,,,,,,,,,,,,
675,0.12305799698469311,,,,,,,,,,,,,,,,,-0.0070990136341893715,,,675,,-0.008410588975089507,,,,,,,,,,,0.19191869518738794,,,,,0.09937786813724167,,,,,,,,,,,,,-0.21432675430670997,pass,,,,,,,,,,0.06517268544552426,,,,,,0.13610250455686465,,,,,0.10004403772724148,,,,,,,,,,,,,,,,,,,-0.007597078588211996,,,,,,,,
690,,,,,,-0.005695226953108998,,,,,,,,,0.16084129531558297,0.07934848610851394,,,,,690,,,,,,,,,,,,,,,,,,,0.16087328215698748,0.05160093274283854,,,,,,,,,,,,fail,,,,-0.06486359224078593,,,,,,,,,,0.06631947014621956,,0.07007488028575125,,,,,,,,0.06912460420622753,,,,,,,,,,,,,,,,,,-0.026468970703335343,,,,,,
699,,,,,,,,,,,,,,,,0.05196253685853446,,,0.12919843171383066,0.1109032843958906,699,,,,,,,,,,,,,,,,,,,,,,,,,,,,,,,,pass,,,,,,,,,0.0576979553886023,,,,,0.08395446833195105,,,,0.15405100567381544,,,,0.09956766924269013,,0.08412794144167647,,,,,,,,,,,,,,,,,,,-0.047165222357224784,,-0.009572084305787218,,,
725,,,,,,,0.0020750834799997957,,,,,,,,,,,,0.1813064455032864,,725,,-0.006298437760465793,,,,,,,,,,,,,,,,,,0.0921197307318728,,,,,,,,-0.0034861754756308643,,,,pass,,,,-0.06572880372107229,,,,,,,,,,0.08328478979042057,,0.04173823253988213,0.05790201443494142,,,,,,,,,,,,,,,,,,,,,,,,,,,,,,,0.09309621435365294
817,,,0.02491187206861699,,,,,,,0.1510667197108258,,,,,,,,,,0.08103667957509839,817,,,,,,,,,,,,,,0.19947360763802138,,,,,0.08884444795247935,,,,,0.10474313198497419,,,,,,,,pass,,,,,,,,,,,,,,,-0.1271104940910668,0.169137587668134,,,,,,0.14922888556281128,,,,,,,,,,,,,,,,,,0.09696985007918832,,,,,,,,
842,,,,,,,,,,,,,,,,,,,,0.019935425269406056,842,,,,,,,,,,,,,,0.05988974931891294,,,0.11137896365292209,,,,,,,,-0.0027197771052238713,,,,,,,fail,,,0.06819300934720747,,,,,0.12388857460710784,,,,,,0.07691335703658911,,,0.05197987001577644,,,,,,,,,,,,,,,,,,,,,,,-0.04937577850138862,,,,,-0.03906955874761748,,,
848,,0.07262279597894887,,,,,,,,,,,,,,,0.09132687571192018,,,0.1731739951118544,848,,,,,,,,,,,,,,,,,,,,0.2988601389094954,,,,,,,,,,,,fail,,,,,,,,,,,,,0.24021740033039507,0.061240609794580694,,0.1572149411004301,0.07435335530011809,,0.1649688399369325,,,,,,,,,,,,,,,,,0.06535630891835933,,,,,,,,,,,,
898,,,,0.23964621112481127,,,,,,0.10589345299323197,,,,0.01130911067588022,,,,,,0.16893412085408926,898,,,,,,,,,,,,,,0.2210918197777039,,,,,,0.26314742612947006,,,,,,,,,,,,fail,,,,,,,,,,,,,,,,0.18716141813247913,,,,,,,0.11512527491947654,0.059332744527469894,,,,,,,,,,,,,,,,,,,-0.013174788371657314,,,,,
910,,-0.00719874486093323,,,,,,,,,,,,,,,-0.009531535795530345,,,,910,,,,,,0.08846453619588292,,,,,,,,,-0.010526998986232057,,,,,0.12156416893085424,,,,,,,,,,,,fail,,,,,,,,,,,,,,0.10338623202582432,,0.1379662563882623,,,,,,0.10021661495723348,,,,,,,,,,,,0.06949481783017866,,,0.307891215182751,,,,,,,,,,,
919,0.06883011019210643,,,,,,,,,,,,,,,,,,0.11274394308249441,0.04986179648950174,919,,,,,,-0.00557291383123115,,,,,,,,0.049656084248944625,,,,,,,,,,-0.008206816694821624,,,,,,,,pass,,,,,,,,,,,,,,,,0.05876954251959337,,0.09070135675536435,-0.006836822892120615,,0.08804771450498595,,,,,,,,,,,,,,,,,,,,,,,,,,,
920,,,,,,,0.26354888767243057,,,-0.012715627146235043,,,0.1202568001074582,,-0.009701548509718211,0.07064359050099779,,,0.3300007573659498,,920,,,,,,,,,,,,,,,,,,,,,,,,,,,,,,,,pass,,,,,,,,,,,,,,0.1646998370067102,,0.04778552118372917,,,,,,,,,,,,,,,,,,,,,,0.21336313122203487,,,,,,,,-0.008044686030199056,,
970,,,,,,,,,,,,-0.005817829791153063,,,,,0.04439814077598591,-0.029070315299369414,,,970,,,,,,,,,-0.008727311196918733,,,,,0.14687174286901694,,,,,,,,,,,,,,,,,,pass,,,,-0.07528635963194219,,,,,,,,,,,,0.11603466895083923,,,,,,,,0.03377490102958481,0.07255057390799464,,,,,,,,,,,,,,0.17840879740738566,,,,,,,,,
989,,,,,,-0.008738524102474264,,,,,,-0.03308630073235338,,,,,,,0.06378371151648636,,989,,,,-0.024340814005649008,,,-0.006163976885183547,,,,,,,,,,,,,0.23665477043254018,,,,,,,,,,,,pass,,,,,,-0.06872613519750882,,,,,,,,0.12183037886128259,,,,,-0.04745305894910126,,,,,,,,,,,,,,,,,,,,,,,,,,,-0.008357500190690835,,
994,,,,,,,,,,,,,,,,,,,,0.05289475242874039,994,,,,,,0.14957829525576416,,,,,,,,,,,,,0.18173067646276353,0.06253901545832,,,,,0.05737529517067707,-0.00833585703829923,,,,,,pass,,,,,,,,,,,,0.09406267783078422,,0.10677431500001167,,,,,,,,,,,,,,0.07537017688192,,,,,0.044805571549437276,,,,,,,,,,,,,,,
1013,,,,,,,,,,0.1795187826773726,,,,-0.00969471724501198,,0.09515559777862534,,,,,1013,,,0.07001356560038899,,,0.2015458655446003,,,,,,,,,,,,,,0.18531921535159335,,,,,,,-0.010874214104498087,,,,,fail,,,,,,,,,,,,,,,,0.13669085924580981,,,,,,,,,,,,0.08770340450872044,,,,,,,,,,,,,,,,,,-0.010150678232747224,,
1048,0.1051899950876893,,,,,,,,,,,,,,,,,,,,1048,,,,,,,,,,,,-0.005207908041707216,,,,,,,0.18055259490891956,,,,,,,,,,,,,pass,,,,,,,,,,0.0908962343204749,,,0.14430862965434316,0.12385650787447296,,0.1333280293198237,0.10654781796721342,,0.10966465133223031,,,,,,,,,,,,,,,,,,,0.06827123647215654,,,,,,,,,,
1068,,,,,,,,,,-0.008940356232254058,,,,,,,,,,0.11697074176096205,1068,,,,,,,,,,,,,,,0.08198106612627196,,,0.16637030821733112,0.11404336079910846,,,,,,,,,,,,,pass,,,,,,,,,,,,,,,,0.0866557866701924,,,,,,0.11223407554208138,,,,,,,,,,,,0.06701641205694463,0.07432793645851103,0.126564518247289,,,,,,,,,,,,
1100,,,,,,,,,,,,,,,,,,,,,1100,,,,,,,,-0.013323465318632334,,,,,,,-0.02487409976638759,,,,,,0.08439209416974568,,,,,0.08172436976068367,,,,,,fail,,,,,,,-0.04876368737558189,,,,,,0.03667337691367196,,,,,,,,,,0.1479360613456701,,,,,,,,,,,,,-0.008180769265797989,,,0.08686918467724687,,,,,,,,0.0012026049728202605,
1108,,,,-0.009441844719858414,,,,,,,,,,,,,0.08711154811944141,,,,1108,,,-0.009157179074250113,,-0.009509530734976436,,,,,,,,,0.13618049566252863,,,,0.11755419706502201,0.16713868736256562,,,,,,,,,,,,,pass,,,,,,,,,,,,,,,,0.15474519580120927,,,,,,,,,,,,,,,,,,,,,,,,,-0.009525179697150603,,,,,,,0.058177282835643454
1115,,,,,,,,,,,,,,,,,,0.10021260408470509,,,1115,,,-0.009614413459665795,,,,,,,,,,,0.17193621379304466,,,,0.07406336752694168,0.05355883655268792,,,,,,,,,,,,,fail,,,,,,,,,,,,,,0.13045211227257242,,0.152520794103651,,,0.07871128546278512,,,,,,,,,,,,,0.10823659502275469,,,,,,,,,0.14364343324451354,,,,,,,
1121,-0.03535612984778364,,,,,,,,,,,,,,,-0.02315952797782587,0.0452474618302965,,,,1121,,,,,0.145454180756953,,,,,,,,,,-0.03361665530644153,,,,,,,,,,,,,,,,,fail,,,0.07329902269582955,,0.06454159349017977,,,,,,,,,0.1229839282862396,,,,0.03837998111126671,,,,,,,,,,,,,,,,,,0.12174295750671787,,,,,,,,,,,,
1138,,,,,,,,,,,,,-0.007394559973916018,,,,,,0.06867827319425768,,1138,,,,,0.07676243735434955,,,,,,-0.007179756748897025,,,,,,,,0.048754579630131856,0.07047912151679979,,,,,,,-0.007154519770971987,,,,,pass,,,,,,,,,,,,,,,,0.03135648536467892,,,,,,,,,,,,,,,,,,,,,,0.03187250847513465,0.05653186992637225,,,,,,,,,
1156,0.08958202041606181,,,,,,,,,,,,,,,,,0.06858271000813365,,0.22731936495959004,1156,,,,0.024998917553937187,,,,,,0.07656228261249674,,,,,,,,,,0.09981156334438275,,,,,,,,-0.013075446852364373,,,,pass,,,,,,,,,,,,,,0.08412723027076328,,,,-0.019571203881362593,,,,,,,,,,,,,,,,,,,,,0.09428303112836306,,,,,,,,,
1222,,,-0.010150302231685986,,,,,,,,,,,,,,,,0.28507572974114304,0.10080327202139737,1222,,,,,,,,,,,,,,,0.07899898855777658,,,,,,,,,,,,,,,,,fail,,,,,,,,,,,,,,0.08853131685794971,,0.1649804419691981,,,,,0.10147394424281576,,,0.08051915248804668,,,,,,,,,,0.0829768609842971,,,0.09528446196099329,,,,,,,,,,,
1261,,,,,,,,,,,,,,,,,,0.11449064343093196,0.04133950500751123,0.07397836676596294,1261,,,,,,,,,,,,,,,,,,,0.0942844261063743,,0.09249443039640555,,,,,-0.009525472054276575,,,,,,fail,,,,,,,,,,,,,,0.10302989310058816,,0.1700302938671989,,,,,,,,,,,,,,,,,,,,,,0.11939849552830574,,,,,,,,,0.23776155130556476,
1272,,,,,,-0.01395767463100807,,,,,,,,,,,,0.057691870043928395,,0.08080223193117748,1272,,,,,,,,,,0.11349301040660875,,,,,,,,,,0.2643014785582122,,,,,,,,,,,,fail,,,,,,,,,,,,,,0.10849351738822065,,,,,0.0960299944194216,,,,-0.004572044947639444,,,,,,,,,,,,,,,,,0.11667672894415068,-0.009751154187286405,,,,,,,
1332,,,0.14312130561791683,,,,0.10316496014408796,,,,,0.16505884465354473,,,,,,,,0.11993850381299885,1332,,,,,,,,,,,,,,,,0.13563577447592842,,,0.08910469725570705,,,,,,,,,,,,,fail,,,,,,,,,,,,,,0.0998349315143899,,0.0823567208670178,,,,,,,,,,,,,,,,,,,0.10374506064661665,,,0.16298916424655085,,,,,,,,,,
1369,,0.19002744808583366,,,,,0.16671774453991983,,,,,,,,,,,,,,1369,,,,,,,-0.010178340264812936,,-8.995668462712987e-05,,,,,0.07791597325033858,,,,,0.21778967115048067,0.11564740909983542,,,,,-0.004934029787929571,,,,,,,pass,,,,,,,,,,,,,,,,0.2190815938181221,,,,,,,,,,,,,,,0.13242604017547102,,,,,,,,,,,,,,,,,
1372,,0.10389676083560802,,,,,,,,,,,,,,,,,,,1372,,,,,0.10321308487026236,,,,,,,,,,-0.01199798372512694,,,,0.19003745030156935,0.0970391443350752,,,,-0.010093832181474131,,,,,,,,fail,,,,,,,,,,,,,,0.06663763599789627,,,,,0.08741751484143596,,,,0.05810839694398193,0.06923541217854318,,,,,,,,,,,,,,,,,,,,,,,,
1407,,,,,-0.01023055170565133,-0.010509351383424058,,,,,,,,,0.09886227373588577,,,,,0.08670377040794092,1407,,,,,,,,,-0.016259195328513183,,,,,,,,,,,,,,,,,,,,,,,pass,,,,,,,,,,,,0.09559588710929909,,0.12451729790530539,,0.09270869518776445,,-0.011138579889736717,,,,,,,,,,,-0.09323175390802707,,,,,,,,,,,,,,,,,,,
1623,,,,,,,,,,,,,,,,,,0.05774929295443728,,,1623,,,-0.013213792878267959,,,,,,,,,,,,,,,,,,,,,,,,,,,,,fail,,,,,,,,,,0.07593690958991865,,,0.20563859332726994,0.12112985160740582,,0.071376288894927,,,,,,,,,,,,,,,,,,,0.11514898877581671,,0.04618710729800623,0.07521144199308391,,-0.0055681141762624455,,,,,,,,
1734,,0.07756055537171086,,,,,,,,,,,,,,,,,,0.09394389479677065,1734,,,,,,,,,-0.02402323478176607,,,,,,,,,,,,,,,,,,,,,,,fail,,,0.06897109738934559,,,,,,0.054372677299287075,,,,,0.06459336996921708,,0.1207599253403232,,,0.13482019816497146,,-0.030130033988175715,,,0.08920551957527312,,,,,,,,,,,,,,,,,,,,,,,,
1813,,,,,,,,,,,,,,,,,,,,0.05247917297487883,1813,,,,,,,,,,0.07286182861689985,,,,,,,,,,0.07694376174618954,,,,,-0.0034179762511054217,,,,,,,pass,,,,-0.0746206323857854,,,,,,,,0.06516990153248402,,,,0.15750063679605475,,,0.1170662444515847,,,,0.06878420753116658,,,,,,,,,,,,,,,,0.0798494787626157,,,,,,,,,
1815,,,,,,,,,,,,,,,,,,,0.10732679272043344,0.13206844098810228,1815,,0.020921810042277594,,-0.008073330710204656,,,,,,,,,,,,,,,,0.40040159031312395,,,,,,,,,,,,fail,,,,,,,,,,,,,,0.08381743761669548,,0.11999896658455281,,,,,,,,0.17044995194169427,,,,,,,,,,,,,,,,,,-0.007176618118260008,0.089180148587599,,,,,
1831,,,,,,,0.13599337615103713,,,,,,,,,,,,,,1831,,,,,,,,,,,,,,0.21446997445985314,-0.00921923337465871,,,,,0.10972270692385712,,,,,,,,,,,,pass,,,,,,,,,,,,,,0.08504650968998366,,0.0776279313166391,,,0.10405020602225065,,,,0.05609237861400883,,,,,,,0.08912015419616212,,,,,0.028538574072807195,,,,,,,,,,,,,
1844,,,,,,,,,,,,,,,,0.3029802188478305,,,0.08097590815835222,,1844,,,,,,,,0.14189935760327493,,,,,,,,,,0.2810670517763026,0.025792825477114596,0.18597691249123188,,,,,,,,-0.009699787038375918,,,,fail,,,,,,,,,,,,,,0.10447224309314222,,0.06849934752420767,,,,,,,,,,,,,,,,,,,0.12311266364362632,,,,,,,,,,,,,
1886,,,,,,,,,,,,-0.012818626179079105,,,,,,,,0.1213564991062798,1886,,,,0.10588402222041655,-0.00949748845365447,,,,,0.07118844080976071,,,,,,,,,,0.06911619916045714,,,,,,,,,,,,fail,,,,,,,,,,,,,,0.08982115263195407,,,,,,,,,,,,,0.12011216792977072,,,,,,,,,,,,,,,-0.009350034668780195,,,,,-0.012309801094682469,
2018,0.05657838149051454,,,,,-0.0030127131361237535,,,-0.006421759656273558,,,,,,,,,,,,2018,-0.0043067344845852265,,,,0.09537394080258624,,,,,,,,,,,-0.0011840214581278763,,,,0.2701557186944639,,,,,,,,,,,,pass,,,0.07005159547442648,,,,,,,,,,,,,0.16201446850113385,,,,,,,,,,,,,,,,,,,,,,,,,,,,,-0.03661201801841269,,,
2040,,,,,,,,,,,,,,,,,,,0.061517201490559524,0.09415158337859378,2040,,,,-0.012275916247332343,,,,,,,,,,0.1175908199643748,,,,,,0.09602289341595267,,,,,,,,,,,,fail,,,,,,,,,,,,,,0.08293149859087807,,,0.10616271486273726,,,,,,,,,,,,,,0.08180593243356576,,,,,0.14352019903328586,,,0.1208692709330508,,,,,,,,,
2057,0.16472729177677053,,,,,,,,,,,,,,,,,0.06405621840078037,,,2057,,,,,,,,,,-0.008303467663661286,,,,,,,,,,,,,,,-0.03036306003683957,,,,,,,fail,,,0.07543497994482505,,,,,,,,,,0.08414048348164455,,,0.17833802905577223,,,,,,,,,0.07310698456266568,,,,,,,,,,,,,,,0.09140827268564848,,,,,,,-0.04263054663160131,
2071,,,,,,,,0.07887377006912905,,,,,,,,,,,,0.18882816353753654,2071,,,,,,0.12962472823364998,,,,,,,,,,,,,,,,,,,,,,,,,,pass,,,,,,,,,,,,,,0.03583866078641049,,,,,,,,,,,,,,,,,,,0.10490990164871744,0.16112333882703123,-0.009074837998546853,,0.11352632191328176,,,,,,,,-0.00961519316466477,0.06088264925135481,,
2180,,,,,,,,,,,,,,,,,,,,,2180,,,,,,,-0.008970568901943324,,-0.002704095839944562,,,,,,,,,,0.09796460928334931,0.10708682745650366,,,,0.11036474046600436,,,,,,,,pass,,,,,,,,,,,,,0.19065869785750214,,,0.18625142995854516,,,,,,,,0.07982201957967906,,,0.04913267608867536,,,,,,,,,0.13825798960973756,,,,,,,,,,,,
2186,,,,,,,,,,,,,,,,0.039541220992861156,,,,,2186,,,,,,,,,,0.15493212361111838,,,,,,,,,,,0.0618409574827969,,,,,,,,,,,fail,,,0.06320678569127607,,0.060597010214848916,,,,,,,,,0.06998935254618016,,0.14219354082152294,,,,,,,,0.08917172014497608,,,,,,,,,,,,0.2367458790865109,,,0.024325381028105244,,,,,,,,,
2195,,,,,,,-0.012701759547090703,,,,,,,,,,,,-0.00012808184222730157,,2195,,,,,,0.06685674384662939,,-0.00649460362382427,,,,,0.08293328722782548,,,,,,,0.07743371134382608,,,,,,,,,,,,fail,,,,,,,,,,,,,,0.12393433824168353,,0.1090296794770276,,,,,,0.13102018146642191,,,0.07018792393752205,,,,,,,,,,,,,,,,,,,,,,,
2234,0.2282870334665365,,,,,,,,0.039078573816785665,,,,,,,,,,0.09237119261673982,0.19298182797116703,2234,,,,,,,,,,,,,,,,,,,0.02171443479863333,,0.05799791017753301,,,,0.08323979614131531,,,,,,,fail,,,0.07129258725312475,,,,,,,,,,,,,0.07607893932157261,,,,,,,,,,,,,,,,,,,,,,,,,,,,-0.03056355061265699,,,,
2267,,,,,,,,,,,,,0.21370159981333317,,,,,,0.09072156813597623,,2267,,,,,,,,,,,,,,,,0.089663011592038,,,,0.14180641634113253,,,,,,,,,,,,fail,,,,,,,,,,0.10587966531924986,,,,0.07478189598850567,,0.16597474345494154,,,,,0.11509115075538323,,,,,,,,,,,,,,,,0.08144931776817274,,,0.019080664968959223,,,,,,,,
2268,,,,,,,,,,,,,,,,,,0.13250594695108942,0.030843266688458326,0.0509384407197397,2268,-0.007297063992571801,,-0.010322408343562264,,,,,,,,,,,0.0593253848276349,,-0.0083088779538944,,,,,,,,,,,,,,,,pass,,,,,,,,,,,,,,,,0.0508669498751265,,,,,,,,,,,,,,,,,,,0.1879345183312981,,0.11920765585766363,,,,,,,,,,,
2299,,,,,,-0.01330514254900052,,,,,,,,,0.14136493067107603,,,,,,2299,,,,,,,,,,,,,,0.08527738854007204,,,,,,0.10979568704779814,,,,,,,,,,,,fail,,,,,,,,,,,,,0.09991079955876479,0.11189750392727765,,0.1557459182772442,,,,,,,,,,,,,,,,,,,,0.0337594355620729,,,0.1443472530193361,,-0.009869953285983014,,,,,,,
2346,,,,,,,,0.049131617563632955,,,,,,,,,,,0.13306746031759425,,2346,,,,0.14842310785250243,,,,,,,,,0.022148126061417077,,,,,,,,,,0.06411479310932262,,,,,,,,,pass,,,,-0.0727941225812439,,,,,,,,,,,,0.1451456672194856,,,,,,,,0.046296105148134654,,,0.096489872026165,,,,,,,,,,,0.10361003588404744,,,,,,,,,,
2388,,,,,,-0.007154781405440558,,,,,,,,,,,,,0.09685411111224729,0.24700186717461003,2388,,,,,,,,,,,,,,,,,,,,0.09058630875307742,,,,,,,,,,-0.04621117666480995,,fail,,,0.07434796895953792,,,,-0.02717224874195783,,,,,,,,,0.14688785183497585,,,,,,0.0811726092675111,,,,,,,,,,,,,,,,0.06489261074974007,,,,,,,,,,
2418,,,,,,,,,,,,,,,,,,0.09311745474053462,0.0585374398450333,0.07042645048596446,2418,,,,,,,,,,,,,,0.18852861574449428,,,,,,0.060864736100519526,,,,,,,,-0.009741846235745488,,,,fail,,,,,,,,,,,,,,0.10144811587618613,,0.2557890278782783,,,,,,,,,,,,,,,,,,,,0.12534730307751465,,-0.009725029426558595,,,,,,,,,,
2456,,,,,,,,,,,-0.010055773544338037,,,,,,,,,,2456,,,,,0.03495436884155873,,,,,,,,,,,,0.0788930885477569,,,0.06835117218660544,,,0.05800259825889168,,,,,,,,,fail,,,,,0.06783456227738693,,-0.009784806076603954,,,,,,,0.164823173010366,,,,,,,,,,,,,,,,,,,,,,,0.054921727563814866,,,,,,,,0.14388719647352863,,,
2462,,,0.08952010283798857,,,,,,,,,,,,,0.10796318887690691,,,,0.0816309272529848,2462,,,,,,,,,,,,,,,-0.04771318873446309,,,,,,,,,,0.12950265448964943,,,,,,,fail,,,,,,,,,0.12655110046437923,,,,,,,0.14764801364712457,,,,,0.12755407110318137,,,,,,,,,,,,,,,,0.1027919285100812,,0.10390332268961637,,,,,,,,,
2473,,,,0.1579346040337989,,,,,,,,,,,,,,,,,2473,,,,,,,,,,0.07366145753107499,,,,,,,,,,,0.06828714119385129,,,,,,,,,,,pass,,,0.0700301942751646,,,,,,,,0.06634331851841067,,,0.05942430932645859,,,,-0.0024901804765058715,,,,,,0.0701411874372526,,,,0.07612141407321969,,,,,,,,,,,,,,,,,,,-0.004594466942462759,
2476,,,,,,,,,,0.06987443668857886,,,,,,,,,,0.15036757298012082,2476,,,,,,,,,,,,,,,0.08515160617300974,,,,0.09859836203559191,,,,,,,,,,,,,fail,,,0.07654032767350878,,,,,,,,,,,0.11112496043751549,,0.11953807551478898,,,,,,,,0.11656740752876997,,,,,,,,,,-0.02349431948835755,0.1614637298819213,,,,,,,,,,,,,
2560,,,0.043599949315137485,,-0.05364240849128531,,,,,,,,,,,,,,0.1257345671434879,,2560,,,,,0.1357959569768908,,,,,,,,,,,0.08448380028958499,,,,0.013026375243480628,,,,,,,,,,,,pass,,,0.07257678937000192,,,,,,,,,,,,,0.21919063702185806,,,,,,,0.19269791290460284,,,,,,,,,,,,0.23641954199828946,,,,,,,,,,,,,
2654,,,0.043186406981346605,,,,,,-0.034645753791190545,,,,,,,,,,,,2654,,,,-0.029424728811519803,,,,,,,,,,,,,,,,0.08767636646888863,,,,,,-0.005955913805905711,,,,,,fail,0.05883504477964279,,0.06042555143575705,,,,,,,,,,0.1602697130398002,0.1126244621269232,,,,,,,,,,,,,,,,,,,,,,,0.08679106554893389,,,,,,,,,,,
2752,,,,,,,,,,,,,,,,,,,,0.04377975305822386,2752,,-0.035556815506748225,,,,,,,,,,-0.008137627388551345,,,,,-0.005696891328668546,,,0.14333292437357026,0.06830791706986504,,,,,,,,,,,fail,,,0.06240947071859004,,,,,,,,,,,0.08842407178984336,,0.17711524913302443,,,,,,,,,,,,,,,,,,,,,,0.032477804953502144,,,,,,,,,,
2765,0.08225318867107183,,,,,,,,0.12671225022228744,,,,,,,,,,,0.06340626522475054,2765,,,,,,,,,,,,,,0.14176590276991702,,,,,,,,,,,,,,,,,,fail,,,0.06469416431556188,,,,,,,0.11082955649058078,,,,0.11906851782848618,,0.046124027321939653,,-0.021897806286839842,,,,,,,,,,,,,,,-0.006254343458521121,,,,,,,,,,,,,,,
2896,,,,,,,,0.09633800144709465,,,,,,,,,,,,0.13392179625667075,2896,,,,,0.13941077382567119,,,,,,,,,,,,,,,0.30170814809673047,,,0.15130038347430874,,,,,,,,,fail,,,,,,,,,,,,,,,,0.04013620362764023,,,,,,0.11362292959319678,,,,,,,,,,,,,0.10387004488880687,0.08505912011409186,,,0.24026903008401754,,,,,,,,,
2898,,,,,,,,,,,,,,,,,,,,0.041123440911869216,2898,,,,,,,,,,,,,,,,,,,,0.1711789454509958,0.07094854624623265,,,,,,,,0.07865428120355213,,,fail,,,,,,,,,,,,,,,,0.21298430531215726,0.062045649493917936,,,,,,,,,,,,,0.07717937300259073,,0.09264037655038869,,,,,,,0.10689603893368001,,,,,,,-0.010230381397492539,,
2901,,,,,,,,,,,,,,,,,,,,,2901,,,,,,,,,,,-0.0035718901464313365,,,,,,,,,0.07091612469516557,,,,,,,,,,,,pass,,-0.0662546913815533,,-0.08084699740882517,,-0.07442826617135168,,,,0.061850431594777974,,,,0.04903848115392153,,0.2292642666704956,,,,,,,,,,,,,,,,0.12179308728860604,,,,,,0.07273550625039837,,,,,,,,,,
2938,,,,,,,,,,,-0.004450643580076069,,,,,,,,,,2938,,,,,,,,,-0.03262053251940264,-0.004553240282631866,,,,,,,,,0.023062396202774043,,,,,,,,,,,,,fail,,,0.07028458219859716,,0.05925803304294874,,,,0.04767259149475193,,,,,,,0.2211362851389806,,,,,,,,,,,,,,,,,,,,,,,0.08126716047672299,,,,,,,,,-0.017185201505522604
2947,0.09290497421468673,,,,,,,,,,,,,,0.18962338336099144,,,,,0.21980492693197817,2947,,,,,,,,,,,,,,,,,,,,,,,0.3129687747767428,,,,-0.010040229852835132,,,,,pass,,,,,,,,,,,,,,0.11138772786527436,,0.1448563593358514,,,0.14638682177183965,,,,,,,,,,,,,,,,,,,0.11201853500054972,,,,,,,,,,-0.0004747027538184141
2957,0.1255816637513743,,,,,,,,-0.00939142949171506,,,,,0.0008166632745659967,,,,,0.11663766640543417,,2957,,,,,,,-0.0093304852540004,,,,,,,,-0.009235794735625311,,,,,0.2464115415907205,,,,,,,,,,,,pass,,,,,,,,,,,,,,0.09825570433108884,,0.0926321226891747,,,,,,,,,,,,,,,,,,,,,,,,,,,,,,0.0697647126604919,,
2959,,,0.11392397737503368,0.10618926414609879,,,,,,,,,,,,,,0.07470182618240223,,,2959,,,,,,,,,,,,,,0.15911051527257825,,,,,,,,,,,,,,,,-0.009177817588411618,,pass,,,,,,,,,,0.09271976081712958,,,,0.07663472503981146,,0.23537041292089755,,,,,,,,0.10902900704616557,,,,,,,,,0.08068440782265254,,,,,,,,,,,,,,,
2962,,,,,-0.006574407441314846,,,,,,,,,,,,-0.04684846891691732,,,,2962,,,,,,0.07146624833245908,,,,,,,,0.19601283164801084,,,,,0.21644159998002166,0.0568369668267631,,,,,,,,,,,,fail,,,0.07537274437313785,,,,,,,,,,0.08855980832163751,0.061217876427682415,,0.13245270901315184,,,,,,,,,,,,,,,,,,,,,,,,,,,,,,,,
2974,,,,,,,,,,,,,,,,,,,,0.06015096731087014,2974,,,,,,,,,,,,,,,,,,,0.15545722448490432,0.15972392988915368,,,,,-0.008425374585460308,,,,,,,pass,,,,,,,-0.009130244235438725,,,,,,,,,0.13940641152688205,,,,,,0.20905287300508457,,,,,,,,,,,,,,,0.15964789819155142,,,-0.008908793760742743,,0.13207681678095937,,,,,,
