,feature,mean_score_shap,mean_score_cem,mean_score_lime
0,total_clicks_InWeek1,0.0012106478369122886,0.0008542364367588457,0.0
1,number_sessions_InWeek1,0.001410409425261405,7.844588084883877e-05,0.0
2,time_in__video_sum_InWeek1,0.0015111115518835572,0.001852268267055514,0.0
3,time_in__problem_sum_InWeek1,0.0013023727539575236,0.001157643086315499,0.0
4,video.pause-video.speedchange-video.play_InWeek1,2.652048117068826e-05,0.004742703799505882,0.0
5,video.play-video.pause-video.load_InWeek1,0.0010606326635780184,0.0016196252792863137,0.0
6,video.play-video.play-video.play_InWeek1,0.0,0.0,0.0
7,video.play-problem.check-problem.check_InWeek1,0.0026885265411271896,4.245979029477909e-05,0.001103131647710994
8,problem.check-problem.check-video.load_InWeek1,2.7179144442603516e-05,0.00011154707158845654,0.0
9,problem.check-problem.check-problem.check_InWeek1,0.0013385928022902464,4.5136250371931855e-05,0.0
10,regularity_peak_dayhour_InWeek1,0.0008720103378046389,0.004107380117139549,0.0
11,regularity_periodicity_m1_InWeek1,0.0014460028417080833,0.002461155955889414,0.0
12,delay_lecture_InWeek1,0.001849984984298259,0.0001393744004487999,0.0
13,time_sessions_sum_InWeek1,0.0009147178518305151,0.0017663554178494534,0.0
14,time_sessions_mean_InWeek1,0.0017743462923026114,0.0016770126958642539,0.0
15,time_between_sessions_std_InWeek1,0.0010608146826347692,8.894310616370201e-05,0.0
16,time_sessions_std_InWeek1,0.001315102337020012,0.0021381975791436906,0.0
17,total_clicks_weekday_InWeek1,0.0007206435009071214,4.208315918227428e-05,0.0
18,total_clicks_weekend_InWeek1,0.0017285317386962907,0.004734794857453848,0.0
19,ratio_clicks_weekend_day_InWeek1,0.002305641899686602,0.0046879357955252,0.0
20,total_clicks_video_InWeek1,0.0011829905691492174,0.0015721737478628763,0.0
21,total_clicks_problem_InWeek1,0.0021945311233553784,0.0012053335634326784,0.0
22,attendance_rate_InWeek1,0.0015991175697485365,0.0019114100795146023,0.0
23,utilization_rate_InWeek1,0.0012755300783279333,0.0037080223437474056,0.0
24,watching_ratio_InWeek1,0.0015471008649707476,0.00011833267448490371,0.0
25,total_clicks_Video.Load_InWeek1,0.0013677678920417766,0.0024360754393088647,0.0
26,weekly_prop_watched_mean_InWeek1,0.001584361138097056,0.0019114100795146023,0.0
27,weekly_prop_replayed_mean_InWeek1,0.0012955791528778417,0.00019192842710688971,0.0
28,weekly_prop_interrupted_mean_InWeek1,0.0014833058074493603,0.0003489233931180641,0.0
29,total_clicks_Video_InWeek1,0.0016431880690080541,0.0015721737478628763,0.0
30,frequency_action_Video_InWeek1,0.001343842596354462,0.0019474113850729941,0.0
31,frequency_action_Video.Load_InWeek1,0.001166988316650109,4.2905377803889095e-05,0.0
32,frequency_action_Video.Play_InWeek1,0.0015996628753410186,0.0023798260982604473,0.0
33,frequency_action_Video.Pause_InWeek1,0.0018363189961693785,0.002462870534376349,0.0
34,pause_duration_mean_InWeek1,0.0016471485338717651,0.003743297574016039,0.0
35,pause_duration_std_InWeek1,0.0005551055962020593,0.002017539636163943,0.0
36,time_speeding_up_mean_InWeek1,0.0016348339311468521,7.191520775323662e-05,0.0
37,time_speeding_up_std_InWeek1,0.0015379694505136174,0.0032690582201430262,0.0
38,fraction_spent_ratio_duration_Video.Play_InWeek1,0.0012946174330240262,0.0016571860072213834,0.0
39,fraction_spent_ratio_played_Video.Pause_InWeek1,0.0012633344127406462,6.844310154973257e-05,0.0
40,fraction_spent_completed_Video.Play_InWeek1,0.0012094032629077392,0.0022445560705713088,0.0
41,fraction_spent_spent_Video.Play_InWeek1,0.0015874052248429904,0.003424853698920581,0.0
42,frequency_action_total_Video.Pause_InWeek1,0.0010434967170682868,0.0011193485393113662,0.0
43,speed_playback__mean_InWeek1,0.0014012368389291286,0.0021740276640100217,0.0
44,speed_playback__std_InWeek1,0.0017033530692892992,5.750748182112858e-05,0.0
45,count_unique_elements_video_InWeek1,0.0016197467191847955,0.0019114100795146023,0.0
46,competency_anticipation_InWeek1,0.0,0.0,0.003235321758373899
47,content_alignment_InWeek1,0.0018967234288268825,0.0019114100795146023,0.0
48,student_speed_InWeek1,0.0014019664506711048,0.002925203801887454,0.0
49,watching_index_InWeek1,0.0006212485554631805,0.001319937029639224,0.0
50,fraction_spent_entirety_Video.Play_InWeek1,0.0011403321110066795,0.0015611747004533952,0.0
51,frequency_action_relative_Video.Play_InWeek1,0.0014710264504855714,0.002292400209364459,0.0
52,frequency_action_relative_Video.Pause_InWeek1,0.001585263282566391,0.0023828913798176602,0.0
53,frequency_action_relative_Video.Load_InWeek1,0.000800179293363232,4.215817911908446e-05,0.0
54,number_submissions_distinct_InWeek1,0.002011762743626194,0.000923362288022251,0.0
55,number_submissions_InWeek1,0.001233823824821031,0.002647274702544898,0.0
56,number_submissions_distinct_correct_InWeek1,0.0017257082833694274,0.0004244019481336129,0.0
57,number_submissions_avg_InWeek1,0.0015306308195214458,0.004527057381364963,0.0
58,obs_duration_problem_InWeek1,0.0013126185098134094,6.259688071748692e-05,0.0
59,number_submissions_perc_correct_InWeek1,0.0017223641701628444,0.0010875288397624026,0.0
60,time_solve_problem_InWeek1,0.001904494069704443,0.0009201157625633003,0.0
61,obs_duration_problem_var_InWeek1,0.0012286750364621558,0.0019047711528805682,0.0
62,obs_duration_problem_amax_InWeek1,0.0018135343059626171,0.0023537093187155594,0.0
63,time_sessions_length_InWeek1,0.0010285855588659126,0.0006117115422424178,0.0
64,number_submissions_correct_InWeek1,0.0015035279236848154,0.0004244019481336129,0.0
65,total_clicks_InWeek2,0.001602448628640126,0.0010158875203719487,0.0
66,number_sessions_InWeek2,0.0014768842565206248,9.76960525134299e-05,0.0
67,time_in__video_sum_InWeek2,0.00157983281654592,0.0023750621320931904,0.0
68,time_in__problem_sum_InWeek2,0.0014085072156988082,0.003464922517951302,0.0
69,video.pause-video.speedchange-video.play_InWeek2,0.001725765012570158,0.0,0.0
70,video.play-video.pause-video.load_InWeek2,0.00118496227569466,0.002695186842579878,0.0
71,video.play-video.play-video.play_InWeek2,0.0026884919487648543,0.004735103279210216,0.0006944842392836364
72,video.play-problem.check-problem.check_InWeek2,0.0026892471468460133,4.822812853111743e-05,0.002258435213823014
73,problem.check-problem.check-video.load_InWeek2,0.0,8.071510937304162e-05,0.0
74,problem.check-problem.check-problem.check_InWeek2,0.0,4.278894369337159e-05,0.0
75,regularity_peak_dayhour_InWeek2,0.0012449133373092962,0.003053547670446593,0.0
76,regularity_periodicity_m1_InWeek2,0.0015947419675148916,0.0015942876934500212,0.0
77,delay_lecture_InWeek2,0.001482716236546309,8.509485766268921e-05,0.0
78,time_sessions_sum_InWeek2,0.0018995960801110453,0.002484288204185971,0.0
79,time_sessions_mean_InWeek2,0.0018468263009402757,0.0021940353700720516,0.0
80,time_between_sessions_std_InWeek2,0.001349442395613972,7.015559550605947e-05,0.0
81,time_sessions_std_InWeek2,0.0011590887592406761,0.0032391314216716747,0.0
82,total_clicks_weekday_InWeek2,0.0012732736027566852,3.9205553868442384e-05,0.0
83,total_clicks_weekend_InWeek2,0.0012811361317270054,0.00270527398066608,0.0
84,ratio_clicks_weekend_day_InWeek2,0.0009052118469334733,0.0011726080509510293,0.0
85,total_clicks_video_InWeek2,0.0010101224955979952,0.0036971489891930924,0.0
86,total_clicks_problem_InWeek2,0.0018662981489199542,0.002880073454218662,0.0
87,attendance_rate_InWeek2,0.002124351872736646,0.0023663241512245146,0.0
88,utilization_rate_InWeek2,0.0012841127509120689,0.002126690702028814,0.0
89,watching_ratio_InWeek2,0.0015209859396667009,9.028362189957087e-05,0.0
90,total_clicks_Video.Load_InWeek2,0.0005336353359075929,0.003209457968758267,0.0
91,weekly_prop_watched_mean_InWeek2,0.0015190307615899523,0.0023663241512245146,0.0
92,weekly_prop_replayed_mean_InWeek2,0.0012214936551643303,0.00017442895367433432,0.0
93,weekly_prop_interrupted_mean_InWeek2,0.0009807564961637459,0.002182934240822845,0.0
94,total_clicks_Video_InWeek2,0.0005406678934972873,0.0036971489891930924,0.0
95,frequency_action_Video_InWeek2,0.0011159120102130916,0.0010385850645171935,0.0
96,frequency_action_Video.Load_InWeek2,0.0016920684289530113,4.322500490203021e-05,0.0
97,frequency_action_Video.Play_InWeek2,0.0009273416033032225,0.0023511251219726446,0.0
98,frequency_action_Video.Pause_InWeek2,0.0016732204149855876,0.002426517285223879,0.0
99,pause_duration_mean_InWeek2,0.001100778473752885,0.0014138159379868409,0.0
100,pause_duration_std_InWeek2,0.0011252851188614651,0.0025388497413832488,0.0
101,time_speeding_up_mean_InWeek2,0.00143573561548653,5.849445543775663e-05,0.0
102,time_speeding_up_std_InWeek2,0.0010512582816981566,0.0014465444648768643,0.0
103,fraction_spent_ratio_duration_Video.Play_InWeek2,0.0013510229567898777,0.0019333933381808725,0.0
104,fraction_spent_ratio_played_Video.Pause_InWeek2,0.0011802067607921986,0.0039499538520657365,0.0
105,fraction_spent_completed_Video.Play_InWeek2,0.0014054613213516983,0.0022729140310668618,0.0
106,fraction_spent_spent_Video.Play_InWeek2,0.0016045426378973652,0.001456261090165004,0.0
107,frequency_action_total_Video.Pause_InWeek2,0.0011824252088604658,0.0037729523131336535,0.0
108,speed_playback__mean_InWeek2,0.0013672952826041973,0.003678489148581622,0.0
109,speed_playback__std_InWeek2,0.001836692983083875,5.4779289249200335e-05,0.0
110,count_unique_elements_video_InWeek2,0.0017735418623354745,0.0018078652969268543,0.0
111,competency_anticipation_InWeek2,0.0,0.0,0.0032720118325210855
112,content_alignment_InWeek2,0.0015108797851062735,0.0023663241512245146,0.0
113,student_speed_InWeek2,0.0013794160609087308,0.0022573412272868906,0.0
114,watching_index_InWeek2,0.0015260835473698802,0.0026909575931474876,0.0
115,fraction_spent_entirety_Video.Play_InWeek2,0.0017673045156209619,0.0023227334608387808,0.0
116,frequency_action_relative_Video.Play_InWeek2,0.0010035623052699013,0.002313820123518279,0.0
117,frequency_action_relative_Video.Pause_InWeek2,0.0015251787265522223,0.002678038799691007,0.0
118,frequency_action_relative_Video.Load_InWeek2,0.001117882340510973,4.1286397692242355e-05,0.0
119,number_submissions_distinct_InWeek2,0.0021157285081827683,0.000901413788610219,0.0
120,number_submissions_InWeek2,0.0016404198790273708,0.0043192460114566105,0.0
121,number_submissions_distinct_correct_InWeek2,0.0018723708576065512,0.0005974012142451988,0.0
122,number_submissions_avg_InWeek2,0.0011507541716080172,0.00035721655854879873,0.0
123,obs_duration_problem_InWeek2,0.0010262245417327264,9.314826007795189e-05,0.0
124,number_submissions_perc_correct_InWeek2,0.0017335049669870604,0.00042040791606220605,0.0
125,time_solve_problem_InWeek2,0.0010604883392771778,0.002374088434214339,0.0
126,obs_duration_problem_var_InWeek2,0.0018207563802153679,0.0017051246377999295,0.0
127,obs_duration_problem_amax_InWeek2,0.0017933767354170523,0.0021451552959330013,0.0
128,time_sessions_length_InWeek2,0.0016638502371465755,0.0019089646943554856,0.0
129,number_submissions_correct_InWeek2,0.0019091767757812674,0.0005974012142451988,0.0
130,total_clicks_InWeek3,0.0012227873257116672,0.0003894445345762674,0.0
131,number_sessions_InWeek3,0.0013278149372398824,5.90387510453914e-05,0.0
132,time_in__video_sum_InWeek3,0.0017429683068049834,0.0015066905571670592,0.0
133,time_in__problem_sum_InWeek3,0.0017300300862256612,0.002690550536948368,0.0
134,video.pause-video.speedchange-video.play_InWeek3,0.0,0.0,0.0
135,video.play-video.pause-video.load_InWeek3,0.0011678520121863579,0.004471605033643243,0.0
136,video.play-video.play-video.play_InWeek3,0.0,0.0,0.0008930641225207445
137,video.play-problem.check-problem.check_InWeek3,0.0,0.0,0.006183841945955734
138,problem.check-problem.check-video.load_InWeek3,2.6776889208746853e-05,4.8866386657704955e-05,0.0
139,problem.check-problem.check-problem.check_InWeek3,0.0014259688871058817,4.196235371104535e-05,0.0003662253133265275
140,regularity_peak_dayhour_InWeek3,0.0018230251505797809,0.003123604382815925,0.0
141,regularity_periodicity_m1_InWeek3,0.00198400458221377,0.0016307287732668868,0.0
142,delay_lecture_InWeek3,0.001460451421371399,6.355132344375742e-05,0.0
143,time_sessions_sum_InWeek3,0.001407300860408771,0.0009599266908604277,0.0
144,time_sessions_mean_InWeek3,0.0018963718707189908,0.003734127096850004,0.0
145,time_between_sessions_std_InWeek3,0.0017255045548583696,6.568122738069016e-05,0.0
146,time_sessions_std_InWeek3,0.001710804935700449,0.002617048994067446,0.0
147,total_clicks_weekday_InWeek3,0.001248297053049313,0.0015197180246670765,0.0
148,total_clicks_weekend_InWeek3,0.0016443276564455653,5.412428828771452e-05,0.0
149,ratio_clicks_weekend_day_InWeek3,0.0011659035516236897,0.004456876048273429,0.0
150,total_clicks_video_InWeek3,0.001216894134576585,0.000549010483657468,0.0
151,total_clicks_problem_InWeek3,0.0016054941003505027,0.0026059463337342213,0.0
152,attendance_rate_InWeek3,0.001155883212341525,0.0025124200741366526,0.0
153,utilization_rate_InWeek3,0.0010323044467307858,0.0024109197213351514,0.0
154,watching_ratio_InWeek3,0.001712226770547806,6.305720300915384e-05,0.0
155,total_clicks_Video.Load_InWeek3,0.0010231120948679061,0.001511950926984271,0.0
156,weekly_prop_watched_mean_InWeek3,0.001468033574886704,0.0025124200741366526,0.0
157,weekly_prop_replayed_mean_InWeek3,6.210553553644615e-05,0.00014113950068325305,0.0
158,weekly_prop_interrupted_mean_InWeek3,0.0015040534948851329,0.0019454446850992431,0.0
159,total_clicks_Video_InWeek3,0.0008144780465999626,0.000549010483657468,0.0
160,frequency_action_Video_InWeek3,0.0017882364390572314,0.00029269268868222897,0.0
161,frequency_action_Video.Load_InWeek3,0.0015814003856975348,0.001647511296886284,0.0
162,frequency_action_Video.Play_InWeek3,0.0016401141497784449,0.002293772310045326,0.0
163,frequency_action_Video.Pause_InWeek3,0.0016001465690883116,0.0023042408954026972,0.0
164,pause_duration_mean_InWeek3,0.0018374343658834008,0.002272725785987585,0.0
165,pause_duration_std_InWeek3,0.0008026610483043155,0.001146145957326611,0.0
166,time_speeding_up_mean_InWeek3,0.0009546954944244596,4.418157750099824e-05,0.0
167,time_speeding_up_std_InWeek3,0.0014838707502300254,0.0032897515562769863,0.0
168,fraction_spent_ratio_duration_Video.Play_InWeek3,0.0019148350235363215,0.001508625577150567,0.0
169,fraction_spent_ratio_played_Video.Pause_InWeek3,0.0013081621420504095,3.981745667457277e-05,0.0
170,fraction_spent_completed_Video.Play_InWeek3,0.0009076159015327152,0.002531507859560482,0.0
171,fraction_spent_spent_Video.Play_InWeek3,0.001727342273102037,0.0009744556769790804,0.0
172,frequency_action_total_Video.Pause_InWeek3,0.0019023023378777935,0.00013387182336799686,0.0
173,speed_playback__mean_InWeek3,0.0012409614589165376,0.001599683217777757,0.0
174,speed_playback__std_InWeek3,0.0016210550582051728,4.9247334544188025e-05,0.0
175,count_unique_elements_video_InWeek3,0.0018256635188157785,0.003651996120120995,0.0
176,competency_anticipation_InWeek3,0.0,0.0,0.0007938169793952016
177,content_alignment_InWeek3,0.001168017794716778,0.0025124200741366526,0.0
178,student_speed_InWeek3,0.0011898509586204553,0.0018932763330119886,0.0
179,watching_index_InWeek3,0.0012405773597680859,0.0015340631536547118,0.0
180,fraction_spent_entirety_Video.Play_InWeek3,0.0010915535759175358,0.0023069338205558734,0.0
181,frequency_action_relative_Video.Play_InWeek3,0.0017045804818499007,0.00250298123304944,0.0
182,frequency_action_relative_Video.Pause_InWeek3,0.0010624345082267308,0.002359415063034869,0.0
183,frequency_action_relative_Video.Load_InWeek3,0.0013689130046860294,0.0017535424908955535,0.0
184,number_submissions_distinct_InWeek3,0.0015578566312229344,0.0010877044487651443,0.0
185,number_submissions_InWeek3,0.001085177160178986,0.0004207564047870913,0.0
186,number_submissions_distinct_correct_InWeek3,0.0018718776476837303,0.0002770877734682821,0.0
187,number_submissions_avg_InWeek3,0.0015280625224033753,0.00018312114385643928,0.0
188,obs_duration_problem_InWeek3,0.0015250137014193,5.514935692499573e-05,0.0
189,number_submissions_perc_correct_InWeek3,0.0017275462344388843,0.0010061570213759394,0.0
190,time_solve_problem_InWeek3,0.0016203522320595673,0.0025132531996756675,0.0
191,obs_duration_problem_var_InWeek3,0.0010463110083113718,0.0026829502500017423,0.0
192,obs_duration_problem_amax_InWeek3,0.0011164610745526661,0.0026955683838843832,0.0
193,time_sessions_length_InWeek3,0.0010847241665038507,0.0016496431160925194,0.0
194,number_submissions_correct_InWeek3,0.0012182841033913246,0.0002770877734682821,0.0
195,total_clicks_InWeek4,0.001291663271481316,0.001481659170849226,0.0
196,number_sessions_InWeek4,0.0013926785329115296,6.720374813437952e-05,0.0
197,time_in__video_sum_InWeek4,0.001343580727952372,0.0027009219052962,0.0
198,time_in__problem_sum_InWeek4,0.0016366835248708955,0.002371351218079907,0.0
199,video.pause-video.speedchange-video.play_InWeek4,0.0,0.0,0.0
200,video.play-video.pause-video.load_InWeek4,0.001550725918661555,0.0007839342422537711,0.0
201,video.play-video.play-video.play_InWeek4,0.0026753467945488767,9.135971630276425e-05,0.0010315067044412462
202,video.play-video.play-video.play_InWeek4,0.0026753467945488767,9.135971630276425e-05,0.03952675979930708
203,video.play-problem.check-problem.check_InWeek4,0.0,0.0,0.010910471513435185
204,problem.check-problem.check-video.load_InWeek4,2.7621956672717338e-05,4.324573967677371e-05,0.0
205,problem.check-problem.check-problem.check_InWeek4,0.0026882629284002025,3.963073680351828e-05,0.0
206,regularity_peak_dayhour_InWeek4,0.001848135192164436,0.0015033145218123533,0.0
207,regularity_periodicity_m1_InWeek4,0.0014532045164754406,0.0015663379911560627,0.0
208,delay_lecture_InWeek4,0.0011617485363907794,4.810621005668185e-05,0.0
209,time_sessions_sum_InWeek4,0.0014376866905116672,0.002424803488283826,0.0
210,time_sessions_mean_InWeek4,0.00185728174471981,0.0011416330795714835,0.0
211,time_between_sessions_std_InWeek4,0.0013391962629896337,6.0595360537869516e-05,0.0
212,time_sessions_std_InWeek4,0.0014286839124474748,0.0020718111209353436,0.0
213,total_clicks_weekday_InWeek4,0.001485924057106446,0.0010322817419489993,0.0
214,total_clicks_weekend_InWeek4,0.0008545875673027863,0.00027504488068120554,0.0
215,ratio_clicks_weekend_day_InWeek4,0.0015386784809869704,7.669284499655538e-05,0.0
216,total_clicks_video_InWeek4,0.0016805550136725742,0.0014889207905270088,0.0
217,total_clicks_problem_InWeek4,0.001910464243488333,4.814298890819842e-05,0.0
218,attendance_rate_InWeek4,0.0014142691977979205,0.0009972897589126948,0.0
219,utilization_rate_InWeek4,0.0009626576887446463,0.0014575532249928142,0.0
220,watching_ratio_InWeek4,0.0018647813286768345,4.241234514179133e-05,0.0
221,total_clicks_Video.Load_InWeek4,0.0011826381126439172,0.0006058762659369914,0.0
222,weekly_prop_watched_mean_InWeek4,0.001409313546732232,0.0009972897589126948,0.0
223,weekly_prop_replayed_mean_InWeek4,9.860753535715014e-05,0.0001266265011230311,0.0
224,weekly_prop_interrupted_mean_InWeek4,0.0012316004198231068,0.00024476501139680893,0.0
225,total_clicks_Video_InWeek4,0.0016268759155011964,0.0014889207905270088,0.0
226,frequency_action_Video_InWeek4,0.001884601472177147,0.0005039245967652956,0.0
227,frequency_action_Video.Load_InWeek4,0.0012928249844091516,0.0016256860825090691,0.0
228,frequency_action_Video.Play_InWeek4,0.0018061146786491093,0.00234087719572653,0.0
229,frequency_action_Video.Pause_InWeek4,0.0012347315776945669,0.0023254417428542717,0.0
230,pause_duration_mean_InWeek4,0.0015511521813472101,0.0012272724521659951,0.0
231,pause_duration_std_InWeek4,0.0013702119096243783,0.0024990873390159933,0.0
232,time_speeding_up_mean_InWeek4,0.0011210751340859904,4.22167165664021e-05,0.0
233,time_speeding_up_std_InWeek4,0.0013760138405522094,0.004666005051491407,0.0
234,fraction_spent_ratio_duration_Video.Play_InWeek4,0.001403387925352691,0.0029652846293627506,0.0
235,fraction_spent_ratio_played_Video.Pause_InWeek4,0.001751086795080549,3.981724260236426e-05,0.0
236,fraction_spent_completed_Video.Play_InWeek4,0.0017936212531456477,0.002752575038094067,0.0
237,fraction_spent_spent_Video.Play_InWeek4,0.0013047539440839474,0.000770797675122347,0.0
238,frequency_action_total_Video.Pause_InWeek4,0.0013678600804479136,0.0014026663966516778,0.0
239,speed_playback__mean_InWeek4,0.001094646302217609,0.0031192060813913926,0.0
240,speed_playback__std_InWeek4,0.001911651643232839,0.0022738967720817706,0.0
241,count_unique_elements_video_InWeek4,0.0013912378210907208,0.0009071204591968051,0.0
242,competency_anticipation_InWeek4,0.0,0.0,0.009077146584300944
243,content_alignment_InWeek4,0.0013114406203138132,0.0009972897589126948,0.0
244,student_speed_InWeek4,0.0015694374479512877,0.0015098263185331087,0.0
245,watching_index_InWeek4,0.0013138137342774269,0.0012876315097292176,0.0
246,fraction_spent_entirety_Video.Play_InWeek4,0.0009527335941319483,0.00030975449430375475,0.0
247,frequency_action_relative_Video.Play_InWeek4,0.0010366089553936536,0.0025148275134933232,0.0
248,frequency_action_relative_Video.Pause_InWeek4,0.0011795899891094439,0.0021630656205745,0.0
249,frequency_action_relative_Video.Load_InWeek4,0.001974132675114855,0.0016012637009491125,0.0
250,number_submissions_distinct_InWeek4,0.0019512808856664593,0.0012293971783923073,0.0
251,number_submissions_InWeek4,0.001415923890980423,0.004199982878371475,0.0
252,number_submissions_distinct_correct_InWeek4,0.0020792477116045173,0.00042328461371263096,0.0
253,number_submissions_avg_InWeek4,0.001201756791799723,0.0002622021905992722,0.0
254,obs_duration_problem_InWeek4,0.0013659581845628505,8.673688151978476e-05,0.0
255,number_submissions_perc_correct_InWeek4,0.0016891715320458125,0.000428335441319531,0.0
256,time_solve_problem_InWeek4,0.0014953069317426187,0.0011978967200924509,0.0
257,obs_duration_problem_var_InWeek4,0.0011035812647793536,0.0027070321192782256,0.0
258,obs_duration_problem_amax_InWeek4,0.0016824095212481078,0.0026348200738599502,0.0
259,time_sessions_length_InWeek4,0.0012815285774746416,0.0011336129286252806,0.0
260,number_submissions_correct_InWeek4,0.0016959411781458545,0.00042328461371263096,0.0
261,total_clicks_InWeek5,0.0013588718373659372,0.001013424804872431,0.0
262,number_sessions_InWeek5,0.0014541102601738866,5.017471116824987e-05,0.0
263,time_in__video_sum_InWeek5,0.0014786086085821634,0.0019876335764876453,0.0
264,time_in__problem_sum_InWeek5,0.001777978515699063,0.001930815782822194,0.0
265,video.pause-video.speedchange-video.play_InWeek5,0.0,0.0,0.0
266,video.play-video.pause-video.load_InWeek5,0.0009833588264156396,0.0026905179745665385,0.0
267,video.play-video.play-video.play_InWeek5,0.002689232131342942,5.0089004211098234e-05,0.0007022146305635451
268,video.play-problem.check-problem.check_InWeek5,0.002688342261796822,3.5712831826969196e-05,0.00038512791317689573
269,problem.check-problem.check-video.load_InWeek5,2.7074732020264692e-05,3.920549661428989e-05,0.0
270,problem.check-problem.check-problem.check_InWeek5,4.7909311269593717e-05,0.0001319051892720779,0.0
271,regularity_peak_dayhour_InWeek5,0.0012697167263606313,0.003520134989292237,0.0
272,regularity_periodicity_m1_InWeek5,0.0018218895628701695,0.0015392081945167758,0.0
273,delay_lecture_InWeek5,0.0015085147111353293,5.930268234930945e-05,0.0
274,time_sessions_sum_InWeek5,0.0015062712099586035,0.000996046933275177,0.0
275,time_sessions_mean_InWeek5,0.001400731111449578,0.0024002003542997253,0.0
276,time_between_sessions_std_InWeek5,0.0019155835225000881,7.772785535174833e-05,0.0
277,time_sessions_std_InWeek5,0.0013895692068871454,0.003058634914755869,0.0
278,total_clicks_weekday_InWeek5,0.0018019644373731111,0.0024499739243566856,0.0
279,total_clicks_weekend_InWeek5,0.0008628426921442317,0.0001754649739839434,0.0
280,ratio_clicks_weekend_day_InWeek5,0.00131301286292927,0.00402107811991677,0.0
281,total_clicks_video_InWeek5,0.0017549049460428088,0.0004194957421571558,0.0
282,total_clicks_problem_InWeek5,0.0018697704953916738,4.8137591811628596e-05,0.0
283,attendance_rate_InWeek5,0.0016482387059728726,0.0018047515603408246,0.0
284,utilization_rate_InWeek5,0.001053406337281777,0.001263004728873998,0.0
285,watching_ratio_InWeek5,0.0015991268997165536,4.118214596853826e-05,0.0
286,total_clicks_Video.Load_InWeek5,0.0010590072681256823,0.0008146209642253966,0.0
287,weekly_prop_watched_mean_InWeek5,0.001470666280222064,0.0018047515603408246,0.0
288,weekly_prop_replayed_mean_InWeek5,0.000638511588457043,0.0001319631382124242,0.0
289,weekly_prop_interrupted_mean_InWeek5,0.0014277818706869424,0.001931444042645769,0.0
290,total_clicks_Video_InWeek5,0.001123843135083446,0.0004194957421571558,0.0
291,frequency_action_Video_InWeek5,0.001768579564830045,0.0010385883218102265,0.0
292,frequency_action_Video.Load_InWeek5,0.0014921928341580571,0.002394747398337108,0.0
293,frequency_action_Video.Play_InWeek5,0.0015268155009146333,0.002340823738973876,0.0
294,frequency_action_Video.Pause_InWeek5,0.0010106554488993101,3.983686209355404e-05,0.0
295,pause_duration_mean_InWeek5,0.0012442954161090802,0.0013206722573835502,0.0
296,pause_duration_std_InWeek5,0.0012324423114542162,0.003151392972946883,0.0
297,time_speeding_up_mean_InWeek5,0.0011546785425233937,4.2897987508605554e-05,0.0
298,time_speeding_up_std_InWeek5,0.0016937778860653255,0.0011190939137030753,0.0
299,fraction_spent_ratio_duration_Video.Play_InWeek5,0.0012199494309158767,0.0027962372078284316,0.0
300,fraction_spent_ratio_played_Video.Pause_InWeek5,0.00143786630606507,3.9817148360901345e-05,0.0
301,fraction_spent_completed_Video.Play_InWeek5,0.0010160151190346126,0.002372957115823195,0.0
302,fraction_spent_spent_Video.Play_InWeek5,0.0016722113096217439,0.001605503050102661,0.0
303,frequency_action_total_Video.Pause_InWeek5,0.0013227578024316467,0.0009117741131706135,0.0
304,speed_playback__mean_InWeek5,0.00144238388573438,0.0017756035636225511,0.0
305,speed_playback__std_InWeek5,0.0009175075576005548,0.004175338452553351,0.0
306,count_unique_elements_video_InWeek5,0.0017136654430290282,0.0014930752689650438,0.0
307,competency_anticipation_InWeek5,0.0,0.0,0.0036031881050111207
308,content_alignment_InWeek5,0.0018710374678996644,0.0018047515603408246,0.0
309,student_speed_InWeek5,0.0010214220437901383,0.002111796884770662,0.0
310,watching_index_InWeek5,0.0016790864229932348,0.002060406749599485,0.0
311,fraction_spent_entirety_Video.Play_InWeek5,0.0015312576753768693,0.001942325957886919,0.0
312,frequency_action_relative_Video.Play_InWeek5,0.0013832348110558229,0.0022930873214767975,0.0
313,frequency_action_relative_Video.Pause_InWeek5,0.0011970905474776071,0.002356352634928488,0.0
314,frequency_action_relative_Video.Load_InWeek5,0.0009396233942014856,0.0015706607736484025,0.0
315,number_submissions_distinct_InWeek5,0.0019163116144361406,0.001222183473142986,0.0
316,number_submissions_InWeek5,0.00182577462460087,0.0002985517441462733,0.0
317,number_submissions_distinct_correct_InWeek5,0.0022959101971047535,0.0007744922903096382,0.0
318,number_submissions_avg_InWeek5,0.0009193461276896996,0.00037310295470218395,0.0
319,obs_duration_problem_InWeek5,0.0006536271249977403,4.203815813097889e-05,0.0
320,number_submissions_perc_correct_InWeek5,0.0017168129430700759,0.000719601170379745,0.0
321,time_solve_problem_InWeek5,0.001245663734823605,0.0022188240577454116,0.0
322,obs_duration_problem_var_InWeek5,0.001585217708135169,0.002809621954180402,0.0
323,obs_duration_problem_amax_InWeek5,0.0018232940422449897,0.0015814853726459099,0.0
324,time_sessions_length_InWeek5,0.0016126360981664855,0.0037056399482013913,0.0
325,number_submissions_correct_InWeek5,0.0014286997076393838,0.0007744922903096382,0.0
326,total_clicks_InWeek6,0.0018455735345533802,0.0013424472323213322,0.0
327,number_sessions_InWeek6,0.001072849042935472,4.443942869870843e-05,0.0
328,time_in__video_sum_InWeek6,0.0011629860648325345,0.0034974602148694083,0.0
329,time_in__problem_sum_InWeek6,0.0013963375071713254,0.0012672660819040339,0.0
330,video.pause-video.speedchange-video.play_InWeek6,0.002688422948397626,3.565022443644638e-05,0.0
331,video.play-video.pause-video.load_InWeek6,0.0018309349546584064,0.0018142408008022593,0.0
332,video.play-video.play-video.play_InWeek6,0.002689345821369366,4.651923350286274e-05,0.0
333,video.play-problem.check-problem.check_InWeek6,0.002688789319112828,3.9817126531974916e-05,0.008887698575571638
334,problem.check-problem.check-video.load_InWeek6,0.0,0.0,0.0
335,problem.check-problem.check-problem.check_InWeek6,0.0,0.0,0.0
336,regularity_peak_dayhour_InWeek6,0.000971469570919523,0.0031533335036048955,0.0
337,regularity_periodicity_m1_InWeek6,0.0019102659091779991,0.001412490453457848,0.0
338,delay_lecture_InWeek6,0.0017659288026812118,3.736910234450006e-05,0.0
339,time_sessions_sum_InWeek6,0.0016283926414114957,0.0033611164797166058,0.0
340,time_sessions_mean_InWeek6,0.0010494887803031107,0.0032177148768238995,0.0
341,time_between_sessions_std_InWeek6,0.001365406564525537,7.526951254361318e-05,0.0
342,time_sessions_std_InWeek6,0.0016613740681083137,0.0029594359181742535,0.0
343,total_clicks_weekday_InWeek6,0.001985151667963164,0.001278471892324233,0.0
344,total_clicks_weekend_InWeek6,0.0017078082323009327,0.0029410452927219133,0.0
345,ratio_clicks_weekend_day_InWeek6,0.0017348774026882063,0.0017719003392191004,0.0
346,total_clicks_video_InWeek6,0.00160696829211592,0.0014463141919672082,0.0
347,total_clicks_problem_InWeek6,0.0014440686356573976,0.003825982552136796,0.0
348,attendance_rate_InWeek6,0.0015151171604926847,0.0009159641915903731,0.0
349,utilization_rate_InWeek6,0.001804421569908699,0.003307687670896994,0.0
350,watching_ratio_InWeek6,0.0012687553557551637,0.0007720882910453074,0.0
351,total_clicks_Video.Load_InWeek6,0.001432903771932055,0.0020127553826490593,0.0
352,weekly_prop_watched_mean_InWeek6,0.0015306214374581986,0.0009159641915903731,0.0
353,weekly_prop_replayed_mean_InWeek6,0.001690465276088118,0.00011046116618644848,0.0
354,weekly_prop_interrupted_mean_InWeek6,0.0016460789430840365,0.000780145040753356,0.0
355,total_clicks_Video_InWeek6,0.001605227669879185,0.0014463141919672082,0.0
356,frequency_action_Video_InWeek6,0.0012907218587237324,0.0018759706128608695,0.0
357,frequency_action_Video.Load_InWeek6,0.0009095260064518767,0.0020460960236758498,0.0
358,frequency_action_Video.Play_InWeek6,0.0011680784515950954,0.0027144289052421795,0.0
359,frequency_action_Video.Pause_InWeek6,0.0016719800533313972,0.002383057976447539,0.0
360,pause_duration_mean_InWeek6,0.0019305919820415752,3.0030100336132732e-05,0.0
361,pause_duration_std_InWeek6,0.0016533534887487806,0.0031969007968967065,0.0
362,time_speeding_up_mean_InWeek6,0.0015414387618866412,4.498609639839459e-05,0.0
363,time_speeding_up_std_InWeek6,0.0020653135830449505,3.0024326891305653e-05,0.0
364,fraction_spent_ratio_duration_Video.Play_InWeek6,0.0014546256598715237,0.0030887444182992846,0.0
365,fraction_spent_ratio_played_Video.Pause_InWeek6,0.0014847077629811351,3.9817967819771565e-05,0.0
366,fraction_spent_completed_Video.Play_InWeek6,0.0014283472651417585,0.0023015152264698473,0.0
367,fraction_spent_spent_Video.Play_InWeek6,0.0009239809798526573,0.0008895297659321645,0.0
368,frequency_action_total_Video.Pause_InWeek6,0.0007633363291966896,0.0006051253954832252,0.0
369,speed_playback__mean_InWeek6,0.0010838125557693598,0.0007238531641515168,0.0
370,speed_playback__std_InWeek6,0.001587362496587879,0.00014724173157070971,0.0
371,count_unique_elements_video_InWeek6,0.0013543818864341583,0.0034206614066688264,0.0
372,competency_anticipation_InWeek6,0.0,0.0,0.006751249481270729
373,content_alignment_InWeek6,0.00129474094395351,0.0009159641915903731,0.0
374,student_speed_InWeek6,0.001235765075303074,0.0024989048133056955,0.0
375,watching_index_InWeek6,0.0019867352988145724,0.0012654761720012461,0.0
376,fraction_spent_entirety_Video.Play_InWeek6,0.001567536420875481,0.0013636017955094705,0.0
377,frequency_action_relative_Video.Play_InWeek6,0.0014130325499753188,0.0028942385919356424,0.0
378,frequency_action_relative_Video.Pause_InWeek6,0.0011699180113955972,0.0022722972200600613,0.0
379,frequency_action_relative_Video.Load_InWeek6,0.00126513999565689,0.0015270949632521932,0.0
380,number_submissions_distinct_InWeek6,0.0018653265713583264,0.0037800026013130833,0.0
381,number_submissions_InWeek6,0.0017824656230191022,0.00043648661182686015,0.0
382,number_submissions_distinct_correct_InWeek6,0.0024554823484186934,0.0002851019582141527,0.0
383,number_submissions_avg_InWeek6,0.0021789198670257833,0.0003327162706968898,0.0
384,obs_duration_problem_InWeek6,3.694397052988769e-05,4.0854784409381517e-05,0.0
385,number_submissions_perc_correct_InWeek6,0.001726662326084873,0.004499481439295278,0.0
386,time_solve_problem_InWeek6,0.0018457947531967886,0.0029336068610449455,0.0
387,obs_duration_problem_var_InWeek6,0.0012658171918848707,0.001310761141299622,0.0
388,obs_duration_problem_amax_InWeek6,0.0013315996409471156,0.0022908782366472774,0.0
389,time_sessions_length_InWeek6,0.001716655967782436,0.00224401418746952,0.0
390,number_submissions_correct_InWeek6,0.0026487592213626306,0.0002851019582141527,0.0
391,total_clicks_InWeek7,0.0013860176571930055,0.0004905529201096381,0.0
392,number_sessions_InWeek7,0.0014692756955257877,3.982237681286617e-05,0.0
393,time_in__video_sum_InWeek7,0.001268752451117122,0.0024352108232926295,0.0
394,time_in__problem_sum_InWeek7,0.001510566555069422,0.0008758763226231095,0.0
395,video.pause-video.speedchange-video.play_InWeek7,0.0015076895754857654,5.0364441615499785e-05,0.0
396,video.play-video.pause-video.load_InWeek7,0.0016343155194619796,0.0027671241244563373,0.0
397,video.play-video.play-video.play_InWeek7,0.0,0.0,0.0006140707504687992
398,video.play-problem.check-problem.check_InWeek7,0.0,0.0,0.0028170779971456905
399,problem.check-problem.check-video.load_InWeek7,2.6920665350009385e-05,4.8893594143937135e-05,0.0
400,problem.check-problem.check-problem.check_InWeek7,3.195511510612435e-05,3.0023945686626173e-05,0.0
401,regularity_peak_dayhour_InWeek7,0.0012192421749670122,0.0026432471614487303,0.0
402,regularity_periodicity_m1_InWeek7,0.002161971169768809,4.814000129126217e-05,0.0
403,delay_lecture_InWeek7,0.0016064796798797038,0.0023317815855790408,0.0
404,time_sessions_sum_InWeek7,0.0010913814529189259,0.0033728628095472,0.0
405,time_sessions_mean_InWeek7,0.0010438427633045247,0.0015240664259491743,0.0
406,time_between_sessions_std_InWeek7,0.001290783526029482,0.00010914232692433041,0.0
407,time_sessions_std_InWeek7,0.0010508292301755475,0.003220318038223154,0.0
408,total_clicks_weekday_InWeek7,0.001769554869090105,0.0005767065608271423,0.0
409,total_clicks_weekend_InWeek7,0.001033341887921333,0.0027822290279811853,0.0
410,ratio_clicks_weekend_day_InWeek7,0.001277451028066859,4.23995988717651e-05,0.0
411,total_clicks_video_InWeek7,0.0014320421668741808,0.003155030509435096,0.0
412,total_clicks_problem_InWeek7,0.001869432730317879,5.6739376526515296e-05,0.0
413,attendance_rate_InWeek7,0.0012327031562301535,0.001913783986355593,0.0
414,utilization_rate_InWeek7,0.0007064543690981556,0.002718787536937192,0.0
415,watching_ratio_InWeek7,0.00085001356971142,0.0015655334569282127,0.0
416,total_clicks_Video.Load_InWeek7,0.0011300298618875805,0.0026585019420258386,0.0
417,weekly_prop_watched_mean_InWeek7,0.0015974212003771553,0.001913783986355593,0.0
418,weekly_prop_replayed_mean_InWeek7,0.0010422894514922807,0.00013738010116535234,0.0
419,weekly_prop_interrupted_mean_InWeek7,0.0016694337620311065,0.0022674279234017975,0.0
420,total_clicks_Video_InWeek7,0.0010632412558026832,3.0025086701036004e-05,0.0
421,frequency_action_Video_InWeek7,0.0018699986850143607,0.0017780896909200684,0.0
422,frequency_action_Video.Load_InWeek7,0.0011746805291697627,0.0017479404826834216,0.0
423,frequency_action_Video.Play_InWeek7,0.0013163697327036067,0.0022505801549973573,0.0
424,frequency_action_Video.Pause_InWeek7,0.0013116188448247688,0.002303306569133619,0.0
425,pause_duration_mean_InWeek7,0.0015407156421673603,3.673732258049921e-05,0.0
426,pause_duration_std_InWeek7,0.0012236096729055386,0.001060526426456292,0.0
427,time_speeding_up_mean_InWeek7,0.0011234618724028373,4.702952637602172e-05,0.0
428,time_speeding_up_std_InWeek7,0.0015590414665433306,3.7501012854636794e-05,0.0
429,fraction_spent_ratio_duration_Video.Play_InWeek7,0.0016204219898084743,3.0024745149184827e-05,0.0
430,fraction_spent_ratio_played_Video.Pause_InWeek7,0.0016887342600709445,3.9817177083980145e-05,0.0
431,fraction_spent_completed_Video.Play_InWeek7,0.0012539024383537024,0.0024956411667926073,0.0
432,fraction_spent_spent_Video.Play_InWeek7,0.001974613560260982,0.004047551724269933,0.0
433,frequency_action_total_Video.Pause_InWeek7,0.0014924262127126017,0.0026478999297941262,0.0
434,speed_playback__mean_InWeek7,0.0016461873304250798,0.0015737924404937572,0.0
435,speed_playback__std_InWeek7,0.0014725256993595832,0.0017304393619628775,0.0
436,count_unique_elements_video_InWeek7,0.0010768761405061179,0.0028698949653443643,0.0
437,competency_anticipation_InWeek7,0.0,0.0,0.006847731184852955
438,content_alignment_InWeek7,0.0018766331428978274,0.001913783986355593,0.0
439,student_speed_InWeek7,0.0019376586352975644,0.003065283298315652,0.0
440,watching_index_InWeek7,0.0012579126854242522,0.0026003791609174624,0.0
441,fraction_spent_entirety_Video.Play_InWeek7,0.0009855381709215252,0.002090603004007567,0.0
442,frequency_action_relative_Video.Play_InWeek7,0.0015882237338707297,0.00243659288160332,0.0
443,frequency_action_relative_Video.Pause_InWeek7,0.0009234344627314426,0.0024507995871790498,0.0
444,frequency_action_relative_Video.Load_InWeek7,0.00185217663299371,0.0011204359600685786,0.0
445,number_submissions_distinct_InWeek7,0.0019907749805909143,0.0010862614947431768,0.0
446,number_submissions_InWeek7,0.0015380222200313946,0.004263223138879213,0.0
447,number_submissions_distinct_correct_InWeek7,0.0018160426807112225,0.0006276068306957393,0.0
448,number_submissions_avg_InWeek7,0.0009521821567292073,0.00042797522599793703,0.0
449,obs_duration_problem_InWeek7,0.0011881032128275917,4.366636859244296e-05,0.0
450,number_submissions_perc_correct_InWeek7,0.001137516671259179,0.0007704605151212612,0.0
451,time_solve_problem_InWeek7,0.0011162968480934315,0.0032279543256218666,0.0
452,obs_duration_problem_var_InWeek7,0.0018581515659144324,0.004498746868466401,0.0
453,obs_duration_problem_amax_InWeek7,0.0012076273144416153,0.003014650661776937,0.0
454,time_sessions_length_InWeek7,0.0011900358082289812,0.001880508772240569,0.0
455,number_submissions_correct_InWeek7,0.0017726806480134211,0.0006276068306957393,0.0
456,total_clicks_InWeek8,0.0008319260832701378,0.0015712546223836357,0.0
457,number_sessions_InWeek8,0.0010791670482636325,3.9821142756209906e-05,0.0
458,time_in__video_sum_InWeek8,0.0014556011905292562,0.0029848729725746753,0.0
459,time_in__problem_sum_InWeek8,0.0013288714371614482,0.002671555713723791,0.0
460,video.pause-video.speedchange-video.play_InWeek8,0.002688422948397626,0.004748933173072984,0.0
461,video.play-video.pause-video.load_InWeek8,0.0009779547090042297,0.0009726794721646606,0.0
462,video.play-video.play-video.play_InWeek8,0.0,0.004738064164006567,0.0010743801114871973
463,video.play-problem.check-problem.check_InWeek8,0.0,0.0,0.0032574125276299865
464,problem.check-problem.check-video.load_InWeek8,4.1613146660447576e-05,0.0001252506678102593,0.0
465,problem.check-problem.check-problem.check_InWeek8,0.001669577309290963,6.415356378306363e-05,0.0
466,regularity_peak_dayhour_InWeek8,0.0019055755442467304,0.0035982789587163154,0.0
467,regularity_periodicity_m1_InWeek8,0.002108414347761106,4.813922431736386e-05,0.0
468,delay_lecture_InWeek8,0.001577395152987309,0.0023481247904186186,0.0
469,time_sessions_sum_InWeek8,0.0014213039473271556,0.0023855636470118172,0.0
470,time_sessions_mean_InWeek8,0.001500852107030455,0.002913628956884119,0.0
471,time_between_sessions_std_InWeek8,0.0013769000613280463,0.00016889293115062475,0.0
472,time_sessions_std_InWeek8,0.001605244677689478,0.002340554521697674,0.0
473,total_clicks_weekday_InWeek8,0.0017989728765629423,0.0016141283773695577,0.0
474,total_clicks_weekend_InWeek8,0.0011895126234643982,0.000923238161504477,0.0
475,ratio_clicks_weekend_day_InWeek8,0.0016448121451898034,0.001704741666065383,0.0
476,total_clicks_video_InWeek8,0.0012218808592037265,3.002446878948759e-05,0.0
477,total_clicks_problem_InWeek8,0.0021565314715943883,0.00042716320440025615,0.0
478,attendance_rate_InWeek8,0.0015651302125955936,0.0006720228373400394,0.0
479,utilization_rate_InWeek8,0.0015499247791644238,0.0017194726318726329,0.0
480,watching_ratio_InWeek8,0.0010960620200846957,4.664724513314483e-05,0.0
481,total_clicks_Video.Load_InWeek8,0.001476984908934253,0.0034523766205628455,0.0
482,weekly_prop_watched_mean_InWeek8,0.0007318068939052064,0.0006720228373400394,0.0
483,weekly_prop_replayed_mean_InWeek8,0.0018176746320442533,0.00024371962617267376,0.0
484,weekly_prop_interrupted_mean_InWeek8,0.0010300201985735619,3.0026109123256106e-05,0.0
485,total_clicks_Video_InWeek8,0.0018297212698210042,5.597134838874187e-05,0.0
486,frequency_action_Video_InWeek8,0.0014361320525146629,0.004545274449623117,0.0
487,frequency_action_Video.Load_InWeek8,0.0009553691966378093,0.0015759915991040159,0.0
488,frequency_action_Video.Play_InWeek8,0.0017594257006200828,0.002396302188185663,0.0
489,frequency_action_Video.Pause_InWeek8,0.0015772107498498843,0.002159097714649685,0.0
490,pause_duration_mean_InWeek8,0.001842482684775653,8.81506742847862e-05,0.0
491,pause_duration_std_InWeek8,0.0011163557874982932,0.0034992509216926005,0.0
492,time_speeding_up_mean_InWeek8,0.0011225411517372889,6.987339637931582e-05,0.0
493,time_speeding_up_std_InWeek8,0.0013801389326554062,9.081379097563116e-05,0.0
494,fraction_spent_ratio_duration_Video.Play_InWeek8,0.0017875831774469366,3.0024950364542074e-05,0.0
495,fraction_spent_ratio_played_Video.Pause_InWeek8,0.0014741018537565349,3.9817189285824186e-05,0.0
496,fraction_spent_completed_Video.Play_InWeek8,0.00010455792271029631,0.0023392695983557614,0.0
497,fraction_spent_spent_Video.Play_InWeek8,0.0011766780594291355,0.0029662422519582837,0.0
498,frequency_action_total_Video.Pause_InWeek8,0.0015284740213068807,0.0006037397944529319,0.0
499,speed_playback__mean_InWeek8,0.0010396327321219947,0.0018417701382563662,0.0
500,speed_playback__std_InWeek8,0.0014805748039400885,0.0004469367369427832,0.0
501,count_unique_elements_video_InWeek8,0.0013147389133709721,0.0031361896682228162,0.0
502,competency_anticipation_InWeek8,0.0,0.0,0.0021475115693508195
503,content_alignment_InWeek8,0.0013759536337882787,0.0006720228373400394,0.0
504,student_speed_InWeek8,0.002122664860004321,4.813775181797484e-05,0.0
505,watching_index_InWeek8,0.001655040693036039,0.0020583435702136313,0.0
506,fraction_spent_entirety_Video.Play_InWeek8,0.001610833757344437,0.00030821945887708833,0.0
507,frequency_action_relative_Video.Play_InWeek8,0.0017360525590367638,0.0021829425917680033,0.0
508,frequency_action_relative_Video.Pause_InWeek8,0.001718912397363326,0.002909873581317343,0.0
509,frequency_action_relative_Video.Load_InWeek8,0.0009828741780102518,0.0016027643639829276,0.0
510,number_submissions_distinct_InWeek8,0.0015187882885923634,0.0011534430001621143,0.0
511,number_submissions_InWeek8,0.0019653000283821995,0.0026498898013973078,0.0
512,number_submissions_distinct_correct_InWeek8,0.001482139469826999,0.0004041602604477588,0.0
513,number_submissions_avg_InWeek8,0.0017805439070239923,0.0005454933013070627,0.0
514,obs_duration_problem_InWeek8,0.0010839877925509721,8.810074779476613e-05,0.0
515,number_submissions_perc_correct_InWeek8,0.0011868811383102704,0.00030468571423450646,0.0
516,time_solve_problem_InWeek8,0.002070640439601188,0.003117386487748046,0.0
517,obs_duration_problem_var_InWeek8,0.0012539765731459564,0.0027286782539168606,0.0
518,obs_duration_problem_amax_InWeek8,0.0019325236124425565,0.0021735972063476115,0.0
519,time_sessions_length_InWeek8,0.0019043117311787873,0.00200435906251765,0.0
520,number_submissions_correct_InWeek8,0.0013484018770389676,0.0004041602604477588,0.0
521,total_clicks_InWeek9,0.0008000402662846563,3.0024259733361876e-05,0.0
522,number_sessions_InWeek9,0.0013630872263063515,0.0002443997796845188,0.0
523,time_in__video_sum_InWeek9,0.0012695327037038232,0.00245695286083807,0.0
524,time_in__problem_sum_InWeek9,0.0017243227416111867,0.001033264317178037,0.0
525,video.pause-video.speedchange-video.play_InWeek9,0.0026892535972433346,0.004737994404910589,0.0006954165978732127
526,video.play-video.pause-video.load_InWeek9,0.000835418115686097,0.0037142644804975234,0.0
527,video.play-video.play-video.play_InWeek9,0.002689345821369366,4.651923350286274e-05,0.004329877803490834
528,video.play-problem.check-problem.check_InWeek9,0.0,0.0,0.003498024568185786
529,problem.check-problem.check-video.load_InWeek9,3.736479997381303e-05,8.495265920645552e-05,0.0
530,problem.check-problem.check-problem.check_InWeek9,2.7157678542210823e-05,7.01664023349436e-05,0.0
531,regularity_peak_dayhour_InWeek9,0.0017289739243650762,0.002888105016940457,0.0
532,regularity_periodicity_m1_InWeek9,0.0019369771482626473,0.0002326721565252003,0.0
533,delay_lecture_InWeek9,0.0018782270459307287,0.0030619667653088685,0.0
534,time_sessions_sum_InWeek9,0.001369724577119921,0.0031546144392804367,0.0
535,time_sessions_mean_InWeek9,0.0013058050577190292,0.001797426134732805,0.0
536,time_between_sessions_std_InWeek9,4.06890016415608e-05,0.0003278828122988087,0.0
537,time_sessions_std_InWeek9,0.0011046179477318006,3.0031096413330642e-05,0.0
538,total_clicks_weekday_InWeek9,0.0014688006874066981,3.002460066262703e-05,0.0
539,total_clicks_weekend_InWeek9,0.0016643635041597058,8.954697102239827e-05,0.0
540,ratio_clicks_weekend_day_InWeek9,0.001127344965848384,0.0046708232814412845,0.0
541,total_clicks_video_InWeek9,0.0015199960475289881,3.002504479468047e-05,0.0
542,total_clicks_problem_InWeek9,0.002285356521058381,0.0009875678277478453,0.0
543,attendance_rate_InWeek9,0.001684408113390619,0.0004406352953811246,0.0
544,utilization_rate_InWeek9,0.0010858051086699392,3.002473465331746e-05,0.0
545,watching_ratio_InWeek9,0.001665078711388038,0.00165825702342601,0.0
546,total_clicks_Video.Load_InWeek9,0.0016789021469212218,0.003032317051274809,0.0
547,weekly_prop_watched_mean_InWeek9,0.0013473795597705878,0.0004406352953811246,0.0
548,weekly_prop_replayed_mean_InWeek9,0.0,0.000490609717023944,0.0
549,weekly_prop_interrupted_mean_InWeek9,0.0014796621670379137,3.0714267251701046e-05,0.0
550,total_clicks_Video_InWeek9,0.0014163690986025348,8.607899278611394e-05,0.0
551,frequency_action_Video_InWeek9,0.0015148994309088057,0.00315224473734423,0.0
552,frequency_action_Video.Load_InWeek9,0.0009504651320921299,0.002083753232681004,0.0
553,frequency_action_Video.Play_InWeek9,0.001303767225350312,0.002405054995825903,0.0
554,frequency_action_Video.Pause_InWeek9,0.0017539693633498075,0.002251632319490705,0.0
555,pause_duration_mean_InWeek9,0.0014995843968741152,0.00025847175192117845,0.0
556,pause_duration_std_InWeek9,0.001615462567220518,3.0024459500920938e-05,0.0
557,time_speeding_up_mean_InWeek9,2.6920665350009385e-05,0.00018058253466882664,0.0
558,time_speeding_up_std_InWeek9,0.0015770590473748653,0.00025099956217663235,0.0
559,fraction_spent_ratio_duration_Video.Play_InWeek9,0.0017611723081578316,3.496660100490978e-05,0.0
560,fraction_spent_ratio_played_Video.Pause_InWeek9,0.0012013362939849333,9.102309041652816e-05,0.0
561,fraction_spent_completed_Video.Play_InWeek9,4.3161995117535014e-05,0.003764014196777092,0.0
562,fraction_spent_spent_Video.Play_InWeek9,0.0010516936719859671,3.003051954911581e-05,0.0
563,frequency_action_total_Video.Pause_InWeek9,0.001749159247114801,0.00019907837134432144,0.0
564,speed_playback__mean_InWeek9,0.0011069557461753936,0.0014947654849482251,0.0
565,speed_playback__std_InWeek9,0.0019211230512059501,0.0018081242375488826,0.0
566,count_unique_elements_video_InWeek9,0.0016846111525286166,0.0010852827055291307,0.0
567,competency_anticipation_InWeek9,0.0,0.0,0.02061198269202611
568,content_alignment_InWeek9,0.0014052638919855693,0.0004406352953811246,0.0
569,student_speed_InWeek9,0.0020072776454659476,5.052943967065911e-05,0.0
570,watching_index_InWeek9,0.0015069634414643027,0.002584557319558635,0.0
571,fraction_spent_entirety_Video.Play_InWeek9,0.002671506963322485,0.00033365894869412176,0.0
572,frequency_action_relative_Video.Play_InWeek9,0.0016350484219478498,0.0021015676224877384,0.0
573,frequency_action_relative_Video.Pause_InWeek9,0.0013451344811452087,0.002161498663198659,0.0
574,frequency_action_relative_Video.Load_InWeek9,0.0018332893577454857,3.712271331271838e-05,0.0
575,number_submissions_distinct_InWeek9,0.002344712286944486,4.813654331342055e-05,0.002707424867331457
576,number_submissions_distinct_InWeek9,0.002344712286944486,4.813654331342055e-05,0.03954280503105652
577,number_submissions_InWeek9,0.0018909385344360683,0.0003345360782858925,0.0
578,number_submissions_distinct_correct_InWeek9,0.001700796218260893,0.0003204649743851878,0.0
579,number_submissions_avg_InWeek9,0.001524105201335079,0.004331109636521165,0.0
580,obs_duration_problem_InWeek9,0.0014252692340918482,0.00017950961072005168,0.0
581,number_submissions_perc_correct_InWeek9,0.0014186289047997621,0.00028786485354780414,0.0
582,time_solve_problem_InWeek9,0.002060870607851926,4.813878866259132e-05,0.0
583,obs_duration_problem_var_InWeek9,0.0014691632403111238,0.002946529264802288,0.0
584,obs_duration_problem_amax_InWeek9,0.0010923623550137167,0.0024770020725275034,0.0
585,time_sessions_length_InWeek9,0.001464042902928771,0.0002443997796845188,0.0
586,number_submissions_correct_InWeek9,0.001698330119837683,0.0003204649743851878,0.0
587,total_clicks_InWeek10,0.0020692286533590147,3.002405423232122e-05,0.0
588,number_sessions_InWeek10,0.001789872108815942,0.0002267015607672101,0.0
589,time_in__video_sum_InWeek10,0.0013591311454629808,0.0016364593491690238,0.0
590,time_in__problem_sum_InWeek10,0.0007735183825026433,0.0017925219808857392,0.0
591,video.pause-video.speedchange-video.play_InWeek10,0.0,5.0089004211098234e-05,0.0004014809295158519
592,video.play-video.pause-video.load_InWeek10,0.0008322301909768334,0.0022546712469883206,0.0
593,video.play-video.play-video.play_InWeek10,0.002689345821369366,4.651923350286274e-05,0.0011950730490286618
594,video.play-problem.check-problem.check_InWeek10,0.0,0.0,0.0029401134657659088
595,problem.check-problem.check-video.load_InWeek10,2.6925950916342078e-05,4.48605755673877e-05,0.010801896181837946
596,problem.check-problem.check-video.load_InWeek10,2.6925950916342078e-05,4.48605755673877e-05,0.03955209689603489
597,problem.check-problem.check-problem.check_InWeek10,2.7581846338733544e-05,0.00020417202891460093,0.0
598,regularity_peak_dayhour_InWeek10,0.0015004829852606442,0.0013484888605921302,0.0
599,regularity_periodicity_m1_InWeek10,0.002275181562487714,0.0006200610301111023,0.0
600,delay_lecture_InWeek10,0.0,4.8136122553280175e-05,0.009810164842228193
601,time_sessions_sum_InWeek10,0.0017512356890829178,0.0009942065136657615,0.0
602,time_sessions_mean_InWeek10,0.0011128390891275305,3.0025205364243722e-05,0.0
603,time_between_sessions_std_InWeek10,0.00010036741071708627,0.0004090001324764026,0.0
604,time_sessions_std_InWeek10,0.0017175482952800417,0.002254151638086733,0.0
605,total_clicks_weekday_InWeek10,0.0014607329319670046,4.40439302384033e-05,0.0
606,total_clicks_weekend_InWeek10,0.0010402990817097247,0.0002227073544691989,0.0
607,ratio_clicks_weekend_day_InWeek10,0.0006751641403889999,0.00015801039266291546,0.0
608,total_clicks_video_InWeek10,0.0005007823711926404,6.351986501786318e-05,0.0
609,total_clicks_problem_InWeek10,0.0022885915337993606,0.0012966211726873472,0.0
610,attendance_rate_InWeek10,0.0,0.0,0.008501584875356637
611,utilization_rate_InWeek10,0.0010002870736044254,8.062491681980704e-05,0.0
612,watching_ratio_InWeek10,0.0,0.0,0.002103907686358225
613,total_clicks_Video.Load_InWeek10,0.0015904121011586037,0.0019604366196006016,0.0
614,weekly_prop_watched_mean_InWeek10,0.0,0.0,0.005559985947056655
615,weekly_prop_replayed_mean_InWeek10,0.0,0.0006913780700595898,0.013872781992657268
616,weekly_prop_interrupted_mean_InWeek10,0.0,6.130967340261745e-05,0.00917298985609196
617,total_clicks_Video_InWeek10,0.0016108698045449168,0.00025364880550277725,0.0
618,frequency_action_Video_InWeek10,0.002067854185467453,0.0008716845155384613,0.0
619,frequency_action_Video.Load_InWeek10,0.0011090966561765785,3.003389563532094e-05,0.0
620,frequency_action_Video.Play_InWeek10,0.0014054980523917945,0.00207848566800487,0.0
621,frequency_action_Video.Pause_InWeek10,0.0016248557296490579,0.0021462127723900805,0.0
622,pause_duration_mean_InWeek10,0.0016540601039924082,0.0005807056748525295,0.0
623,pause_duration_std_InWeek10,0.0025999707974244286,3.6205886437968834e-05,0.0
624,time_speeding_up_mean_InWeek10,0.0,0.00024909864799302985,0.0
625,time_speeding_up_std_InWeek10,3.391862327148903e-05,0.0005449177549100108,0.0
626,fraction_spent_ratio_duration_Video.Play_InWeek10,0.0,0.00016086773923406784,0.002581285318732392
627,fraction_spent_ratio_played_Video.Pause_InWeek10,0.0023985051147678276,4.5365063417432455e-05,0.0
628,fraction_spent_completed_Video.Play_InWeek10,0.0,0.0,0.038803900499826946
629,fraction_spent_spent_Video.Play_InWeek10,0.0,7.066158446269065e-05,0.0033426953219041393
630,frequency_action_total_Video.Pause_InWeek10,0.00109818743285234,3.002467511108341e-05,0.0
631,speed_playback__mean_InWeek10,0.0007293399905107735,7.361480936822829e-05,0.0
632,speed_playback__std_InWeek10,0.0012685998145758187,0.0002525354074819142,0.0
633,count_unique_elements_video_InWeek10,0.0016533690205384965,0.0034625648452794844,0.0
634,competency_anticipation_InWeek10,0.0,3.712168053030392e-05,0.017319041323066737
635,content_alignment_InWeek10,0.0,0.0,0.0039036064006195497
636,student_speed_InWeek10,0.0018339991218539941,0.0005766148903122438,0.0
637,watching_index_InWeek10,0.0,0.0,0.005955464821362357
638,fraction_spent_entirety_Video.Play_InWeek10,0.0,0.0,0.007279166976094313
639,frequency_action_relative_Video.Play_InWeek10,0.0010693239614563384,0.0021736782298246386,0.0
640,frequency_action_relative_Video.Pause_InWeek10,0.0015640040891303291,0.0030363551276063644,0.0
641,frequency_action_relative_Video.Load_InWeek10,0.001216521742558023,7.311504163465066e-05,0.0
642,number_submissions_distinct_InWeek10,0.0,7.758994285094248e-05,0.007392174910889011
643,number_submissions_InWeek10,0.0,0.0,0.002785084043833621
644,number_submissions_distinct_correct_InWeek10,0.0,0.0,0.0011413427943758833
645,number_submissions_avg_InWeek10,0.0,0.0,0.01713640600376138
646,obs_duration_problem_InWeek10,0.0,0.0003695545698528372,0.015171655778472848
647,number_submissions_perc_correct_InWeek10,0.0,0.0,0.008112841015068683
648,time_solve_problem_InWeek10,0.002126670309995604,9.320136807278105e-05,0.0
649,obs_duration_problem_var_InWeek10,0.0015387620009449383,0.0010971208161787282,0.0
650,obs_duration_problem_amax_InWeek10,0.0016193315799626063,0.002356453672687259,0.0
651,time_sessions_length_InWeek10,0.001467367708321497,0.0002267015607672101,0.0
652,number_submissions_correct_InWeek10,0.0,0.0,0.0034619904675405712
653,total_clicks_InWeek11,0.0008351784904948305,0.0001302953209648915,0.0
654,number_sessions_InWeek11,0.001841414840274177,0.001862668277034675,0.0
655,time_in__video_sum_InWeek11,0.0012549841487781146,0.0018136742669586936,0.0
656,time_in__problem_sum_InWeek11,0.0016349426597681304,4.709518865475825e-05,0.0
657,video.pause-video.speedchange-video.play_InWeek11,0.0026748576035574147,0.004702413939570121,0.0018483363608347452
658,video.play-video.pause-video.load_InWeek11,0.0010751819159984593,0.0018897283587602748,0.0
659,video.play-video.play-video.play_InWeek11,0.0018850835490925428,4.651923350286274e-05,0.0
660,video.play-problem.check-problem.check_InWeek11,0.002688789319112828,3.9817126531974916e-05,0.013533086636271112
661,video.play-problem.check-problem.check_InWeek11,0.002688789319112828,3.9817126531974916e-05,0.0395870979611445
662,problem.check-problem.check-video.load_InWeek11,0.0006421325907660287,8.545979024511648e-05,0.0
663,problem.check-problem.check-problem.check_InWeek11,3.3283770835605456e-05,0.00047072483201016763,0.0
664,regularity_peak_dayhour_InWeek11,0.001218111624189728,0.0023240469314284758,0.0
665,regularity_periodicity_m1_InWeek11,0.002382620421543147,0.001161232798540953,0.0
666,delay_lecture_InWeek11,0.0,8.064631224084387e-05,0.0035685868416802714
667,time_sessions_sum_InWeek11,0.0013157161245138272,0.0016497406397924914,0.0
668,time_sessions_mean_InWeek11,0.0019161455612958424,3.0024558493527076e-05,0.0
669,time_between_sessions_std_InWeek11,0.001432152806719913,0.0006390240610743482,0.0
670,time_sessions_std_InWeek11,0.0010991923705949526,5.970323435691247e-05,0.0
671,total_clicks_weekday_InWeek11,0.001354241575971716,7.818928477237614e-05,0.0
672,total_clicks_weekend_InWeek11,0.0017518995182651492,3.0024324571681424e-05,0.0
673,ratio_clicks_weekend_day_InWeek11,0.0007719720026949848,0.00037097956999487466,0.0
674,total_clicks_video_InWeek11,0.0006896567991189632,0.00010264307294337747,0.0
675,total_clicks_problem_InWeek11,0.002300827836162089,0.0016884411013141775,0.007866117579522148
676,total_clicks_problem_InWeek11,0.002300827836162089,0.0016884411013141775,0.03656017024948197
677,attendance_rate_InWeek11,0.0,0.0,0.0028092458280404103
678,utilization_rate_InWeek11,0.0011593712457428002,0.00025751797971193096,0.0
679,watching_ratio_InWeek11,0.0,0.0,0.004481483720846702
680,total_clicks_Video.Load_InWeek11,0.001462707385685965,0.002526470902099234,0.0
681,weekly_prop_watched_mean_InWeek11,0.0,0.0,0.00636661773879402
682,weekly_prop_replayed_mean_InWeek11,0.0,0.0007645649425339178,0.011516879092761763
683,weekly_prop_interrupted_mean_InWeek11,0.0,0.00021219017255188498,0.0027694200540172662
684,total_clicks_Video_InWeek11,0.0007613902029371172,0.0005212462820858579,0.0
685,frequency_action_Video_InWeek11,0.0020602896640924623,0.00040952550526743227,0.0
686,frequency_action_Video.Load_InWeek11,0.0005832407931813456,5.955653437597661e-05,0.0
687,frequency_action_Video.Play_InWeek11,0.001608127864663903,0.0024872329509188244,0.0
688,frequency_action_Video.Pause_InWeek11,0.0015299651734181799,0.00245386867485417,0.0
689,pause_duration_mean_InWeek11,0.0006073286345737885,0.0006429577179362476,0.0
690,pause_duration_std_InWeek11,0.0015587054926786362,0.00010152531444689244,0.0
691,time_speeding_up_mean_InWeek11,0.0008880606414598491,0.0007128363960315354,0.0
692,time_speeding_up_std_InWeek11,0.0005280358707043057,0.0005176016212451495,0.0
693,fraction_spent_ratio_duration_Video.Play_InWeek11,0.0,0.0004637352759105207,0.0075967368510502535
694,fraction_spent_ratio_played_Video.Pause_InWeek11,0.0008113523156478549,5.170404476699785e-05,0.0
695,fraction_spent_completed_Video.Play_InWeek11,0.0,0.0,0.02486216217168632
696,fraction_spent_spent_Video.Play_InWeek11,0.0,0.0002773761548913842,0.038754701090359965
697,frequency_action_total_Video.Pause_InWeek11,0.0013029940220617689,4.3677928859146176e-05,0.0
698,speed_playback__mean_InWeek11,0.0008563627237114948,0.00019104190476349546,0.0
699,speed_playback__std_InWeek11,0.0010350700460368726,0.0006010286230975293,0.0
700,count_unique_elements_video_InWeek11,0.001519491223098131,0.0017803168315887491,0.0
701,competency_anticipation_InWeek11,0.0012179319898508267,4.338910502150013e-05,0.0
702,content_alignment_InWeek11,0.0,0.0,0.00610363683893364
703,student_speed_InWeek11,0.0024754836672371853,0.0009045242734464333,0.0
704,watching_index_InWeek11,0.0,0.0,0.0038445275979082207
705,fraction_spent_entirety_Video.Play_InWeek11,0.0,0.0,0.004426750290269596
706,frequency_action_relative_Video.Play_InWeek11,0.000911413374109979,0.0022433786567517184,0.0
707,frequency_action_relative_Video.Pause_InWeek11,0.0014108472356438558,0.0019275838564732776,0.0
708,frequency_action_relative_Video.Load_InWeek11,0.001389304451014865,0.00019657038851593651,0.0
709,number_submissions_distinct_InWeek11,0.0,0.0006631943887311086,0.007304518444783713
710,number_submissions_InWeek11,0.0,0.0,0.00511049408584894
711,number_submissions_distinct_correct_InWeek11,0.0,0.0,0.009148438713541884
712,number_submissions_avg_InWeek11,0.0,0.0,0.003052147038553372
713,obs_duration_problem_InWeek11,0.0,0.0005905777232982306,0.03738399967653812
714,number_submissions_perc_correct_InWeek11,0.0,0.0,0.004386939508393805
715,time_solve_problem_InWeek11,0.002229704946781236,0.0007540089896455182,0.0
716,obs_duration_problem_var_InWeek11,0.0012128752244057652,0.004230966209691844,0.0
717,obs_duration_problem_amax_InWeek11,0.0017764264542648915,0.00254563747205932,0.0
718,time_sessions_length_InWeek11,0.0016730888369589157,0.001862668277034675,0.0
719,number_submissions_correct_InWeek11,0.0,0.0,0.0022337057830980928
720,total_clicks_InWeek12,0.0014192477573881325,0.00032564469069549596,0.0
721,number_sessions_InWeek12,0.0013327445170153124,0.0011760332183961646,0.0
722,time_in__video_sum_InWeek12,0.0010792842114405652,0.00139739578691812,0.0
723,time_in__problem_sum_InWeek12,0.0012898237452025352,0.0006399104109171589,0.0
724,video.pause-video.speedchange-video.play_InWeek12,0.00268858796361548,4.813613485216089e-05,0.00340540280930405
725,video.play-video.pause-video.load_InWeek12,0.0017834854539916548,4.926456603957691e-05,0.0
726,video.play-video.play-video.play_InWeek12,0.0026836676008243437,0.0006828520706311305,0.0
727,video.play-problem.check-problem.check_InWeek12,0.0,4.8136122553280175e-05,0.015218295921011893
728,problem.check-problem.check-video.load_InWeek12,3.037991290112685e-05,6.766851355751919e-05,0.0
729,problem.check-problem.check-problem.check_InWeek12,9.351420031246877e-05,0.00047496775024830074,0.0
730,regularity_peak_dayhour_InWeek12,0.0015132380946007856,0.003212262795134012,0.0
731,regularity_periodicity_m1_InWeek12,0.002284651065750564,0.0015023202650114851,0.0
732,delay_lecture_InWeek12,0.0,0.000725486952553142,0.007206251452185165
733,time_sessions_sum_InWeek12,0.0017980561443744212,0.002623539464740557,0.0
734,time_sessions_mean_InWeek12,0.0020931813321697365,8.008667254556642e-05,0.0
735,time_between_sessions_std_InWeek12,0.0011228798822399062,0.0006492249657246259,0.0
736,time_sessions_std_InWeek12,0.0012969415663300682,0.00013238468155765684,0.0
737,total_clicks_weekday_InWeek12,0.0018094419396065622,0.00010920659616022005,0.0
738,total_clicks_weekend_InWeek12,0.0012644248594095777,6.318654830248718e-05,0.0
739,ratio_clicks_weekend_day_InWeek12,0.0009968182629296943,0.0008658775942039096,0.0
740,total_clicks_video_InWeek12,0.0016038683694544157,0.0003193368072184691,0.0
741,total_clicks_problem_InWeek12,0.0023469125107836502,0.0013542959130478777,0.0017219606741509406
742,total_clicks_problem_InWeek12,0.0023469125107836502,0.0013542959130478777,0.038298968525809655
743,attendance_rate_InWeek12,0.0,0.0,0.0075022360530171694
744,utilization_rate_InWeek12,0.0,0.0005189130760117395,0.006135238053454572
745,watching_ratio_InWeek12,0.0,0.0,0.0038094916930553084
746,total_clicks_Video.Load_InWeek12,0.0020240844541386162,0.003360333311943811,0.0
747,weekly_prop_watched_mean_InWeek12,0.0,0.0,0.006995371635864469
748,weekly_prop_replayed_mean_InWeek12,0.0,0.0008037793843827728,0.008605003238068197
749,weekly_prop_interrupted_mean_InWeek12,0.0,0.0003619870507498491,0.00684982664585753
750,total_clicks_Video_InWeek12,0.0013051151591951537,0.0007000023275951807,0.0
751,frequency_action_Video_InWeek12,0.0016370819788940414,0.002054910352713582,0.0
752,frequency_action_Video.Load_InWeek12,0.0008764377014089528,7.356156916174994e-05,0.0
753,frequency_action_Video.Play_InWeek12,0.0012117152751794015,0.0024162490021430263,0.0
754,frequency_action_Video.Pause_InWeek12,0.0017478202410404582,0.0026522013845602316,0.0
755,pause_duration_mean_InWeek12,0.0015429341531686817,0.0008559672348052038,0.0
756,pause_duration_std_InWeek12,0.0013757022193411328,0.00035741999461923716,0.0
757,time_speeding_up_mean_InWeek12,0.0010412162396729104,0.0009036951363655853,0.0
758,time_speeding_up_std_InWeek12,0.000992007803183674,0.0008060471878987755,0.0
759,fraction_spent_ratio_duration_Video.Play_InWeek12,0.0,0.0006587903721076642,0.038557578805422175
760,fraction_spent_ratio_played_Video.Pause_InWeek12,0.0014734724885794325,7.024655527867957e-05,0.0
761,fraction_spent_completed_Video.Play_InWeek12,0.0,0.0,0.006437267559301896
762,fraction_spent_spent_Video.Play_InWeek12,0.0,0.0004309669938625216,0.039307618634643944
763,frequency_action_total_Video.Pause_InWeek12,0.0010167365534259794,8.738523861768155e-05,0.0
764,speed_playback__mean_InWeek12,0.0010350984172296568,0.000405044874033746,0.0
765,speed_playback__std_InWeek12,0.001034384732889781,0.004547669411891451,0.0
766,count_unique_elements_video_InWeek12,0.0010443675272811272,0.0021882601638836367,0.0
767,competency_anticipation_InWeek12,0.0,0.00023533164180525478,0.03777083437733869
768,content_alignment_InWeek12,0.0,0.0,0.013866769374802903
769,student_speed_InWeek12,0.00223103698616546,0.001499113663707193,0.0007024257694871652
770,student_speed_InWeek12,0.00223103698616546,0.001499113663707193,0.039510590275280484
771,watching_index_InWeek12,0.0,0.0,0.004484803947916047
772,fraction_spent_entirety_Video.Play_InWeek12,0.0,0.0,0.0023801209412977024
773,frequency_action_relative_Video.Play_InWeek12,0.0008203921830135051,0.002498054776066502,0.0
774,frequency_action_relative_Video.Pause_InWeek12,0.002012613343767102,0.00253878752503556,0.0
775,frequency_action_relative_Video.Load_InWeek12,0.0007272019426601342,0.0004943633851232469,0.0
776,number_submissions_distinct_InWeek12,0.0021543088147947744,0.0009938878090337074,0.0
777,number_submissions_InWeek12,0.0018336293310413374,0.0025348102138566505,0.0
778,number_submissions_distinct_correct_InWeek12,0.0013950898859566507,0.000488507749080632,0.0
779,number_submissions_avg_InWeek12,0.0017263431766101653,0.004654200535505071,0.0
780,obs_duration_problem_InWeek12,0.00010278203369404768,0.0006366083263545643,0.0
781,number_submissions_perc_correct_InWeek12,0.000510324495238467,0.00038516438129009364,0.0
782,time_solve_problem_InWeek12,0.0016453716439894673,0.0009896136427088994,0.0
783,obs_duration_problem_var_InWeek12,0.0012663838270085984,0.0024687540915803506,0.0
784,obs_duration_problem_amax_InWeek12,0.0020330469496669984,4.814146919542578e-05,0.0
785,time_sessions_length_InWeek12,0.0014920066891349181,3.0024553749107484e-05,0.0
786,number_submissions_correct_InWeek12,0.002232766850679899,0.000488507749080632,0.0
