,feature,importance,pn,perc_importance
0,SeekLength-mean,-2.6118426801940516e-11,-1.0,-1.0
1,RegPeakTime-m1,-1.8160898037988974e-11,-1.0,-0.6953289405868686
2,Time-video-sum,-2.8949668654613582e-12,-1.0,-0.11084001679788276
3,FractionSpent-video.seek-time-backward,-2.059027331597997e-12,-1.0,-0.07883427846599925
4,TimeSessions-mean,-9.779322498384883e-13,-1.0,-0.037442234069236933
5,TotalClicks,1.5060503955157532e-12,1.0,1.4573086918644661e-10
6,FrequencyEvent-video.seekbackward-total,1.6914048555372793e-12,1.0,1.6366643538459574e-10
7,Time-problem-sum,1.7297065281139486e-12,1.0,1.6737264339231728e-10
8,WatchingRatio,4.787156486402973e-12,1.0,4.6322253078133716e-10
9,SeekLength-std,1.0057447502726884e-11,1.0,9.731949015341662e-10
10,WeeklyProp-replayed-mean,1.9644940616605824e-11,1.0,1.900915321093018e-09
11,TotalClicks-weekday,2.1440583208762318e-11,1.0,2.074668175899418e-09
12,TimeBetweenSessions-std,2.1767129094157168e-11,1.0,2.1062659337497142e-09
13,WeeklyProp-interrupted-mean,2.478969992569179e-11,1.0,2.3987407910112444e-09
14,FractionSpent-video.play,3.6070411883319864e-11,1.0,3.4903031739978405e-09
15,FrequencyEvent-video.play,4.2384399360175816e-11,1.0,4.101267379295533e-09
16,FrequencyEvent-video.seelforward-total,7.576003319787418e-11,1.0,7.330814108474348e-09
17,CountUniqueElement-video,1.7739628202990135e-10,1.0,1.7165504187400303e-08
18,TimeSessions-length,2.2341361344314607e-09,1.0,2.16183071775661e-07
19,NumberSessions,2.2341361344314607e-09,1.0,2.16183071775661e-07
20,FrequencyEvent-video.play-played,1.9852562413450094e-07,1.0,1.921005555129181e-05
21,FrequencyEvent-video.load-relative,2.9572907890944896e-07,1.0,2.861581248642251e-05
22,FrequencyEvent-video.pause-total,6.18809692670925e-07,1.0,5.987825815287502e-05
23,UtilizationRate,7.502038246968961e-07,1.0,7.25924283580401e-05
24,SpeedPlayback-std,1.768328101643779e-06,1.0,0.00017110980617027533
25,FrequencyEvent-video.seekbackward,1.99336950467677e-06,1.0,0.00019288562414063236
26,FrequencyEvent-video.stop,8.320008734864764e-06,1.0,0.0008050740587305848
27,StudentWeeklyActiveness,1.4160532371509259e-05,1.0,0.001370224194879057
28,TotalClicks-weekend,1.7615875777839802e-05,1.0,0.0017045756876587952
29,TimeSolveProblem,2.072538015948422e-05,1.0,0.0020054625488324694
30,RegPeriodicity-m1,2.7064381506343325e-05,1.0,0.002618847186426537
31,RatioClicksWeekendDay,3.4226429080951014e-05,1.0,0.003311872746069135
32,WatchingIndex,4.037417816829105e-05,1.0,0.003906751125109988
33,FractionSpent-video.play-played,4.514894122570685e-05,1.0,0.004368774422994552
34,TimeSpeedingUp-mean,5.228211180728075e-05,1.0,0.005059005740620524
35,ObsDurationProblem-var,5.670999210245493e-05,1.0,0.005487463411087982
36,ContentCoverage,7.633710785802038e-05,1.0,0.007386653934325446
37,video.play-video.play-video.play,8.391949441319449e-05,1.0,0.00812035301005574
38,video.stop-video.play-video.seek,9.108922259660111e-05,1.0,0.0088141217731127
39,FrequencyEvent-video.pause,0.0001173760570067515,1.0,0.0113577306975933
40,TimeSpeedingUp-std,0.00012103836852403274,1.0,0.011712109171404039
41,ContentAlignment,0.00019470175576788665,1.0,0.018840044253940487
42,SpeedPlayback-mean,0.00021508844722252334,1.0,0.02081273406190849
43,FrequencyEvent-video.seekforward,0.0002365251815150557,1.0,0.022887029802788943
44,ObsDurationProblem-max,0.0002769804321726458,1.0,0.026801625794423873
45,FrequencyEvent-video.seekforward-total,0.00030178620578159046,1.0,0.029201921933010768
46,StudentSpeed,0.0003106540068663592,1.0,0.0300600023556206
47,FractionSpent-video.play-completed,0.0003957249896365508,1.0,0.038291777532970944
48,TotalClicks-video.load,0.0003992651331057743,1.0,0.0386343345857434
49,FrequencyEvent-video.load,0.000489447331481993,1.0,0.04736068942329865
50,ContentAnticipation,0.0005430934332849207,1.0,0.05255167975634656
51,FractionSpent-video.seek-time-forward,0.0005835587949113641,1.0,0.05646725412180199
52,FrequencyEvent-video,0.000601780109410893,1.0,0.0582304142442271
53,WeeklyProp-watched-mean,0.0007083885834441781,1.0,0.06854623477039942
54,problem.check-problem.check-video.load,0.000716139806622997,1.0,0.06929627108689372
55,video.pause-video.speedchange-video.play,0.0007741905925816245,1.0,0.07491347454827595
56,PauseDuration-std,0.0009750528644138116,1.0,0.09434963256000349
57,AttendanceRate,0.0010528934054348752,1.0,0.10188176411065995
58,FrequencyEvent-video.play-relative,0.0011338093940283273,1.0,0.10971148706277017
59,video.play-problem.check-problem.check,0.0011702197331054914,1.0,0.11323468281829552
60,TimeSessions-std,0.0016422387172752887,1.0,0.15890894248476006
61,FrequencyEvent-video.pause-relative,0.0023081978860554904,1.0,0.2233495540326803
62,FractionSpent-video.pause,0.0025670735420247094,1.0,0.2483992963706094
63,StudentThoughtfulness,0.00293824260150043,1.0,0.2843149535183166
64,video.play-video.pause-video.load,0.0029958947433236633,1.0,0.28989358273509186
65,StudentActiveness,0.0038181298179784783,1.0,0.36945601468412
66,TimeSessions-sum,0.004044461507994443,1.0,0.3913566854775223
67,DelayLecture,0.004052234669093066,1.0,0.39210884458627554
68,PauseDuration-mean,0.005931719229751669,1.0,0.5739745507159082
69,video.play-video.stop-video.play,0.007079816053982769,1.0,0.6850685410654809
70,problem.check-problem.check-problem.check,0.010334463823096584,1.0,1.0
