,feature,importance,pn,perc_importance
0,FrequencyEvent-video.play-played,-0.00046234760713559906,-1.0,-1.0
1,StudentThoughtfulness,-0.0003858862496099544,-1.0,-0.8346236547013862
2,FrequencyEvent-video.play-relative,-0.0003745034687768477,-1.0,-0.81000412459583
3,video.pause-video.speedchange-video.play,-0.00035836539278651233,-1.0,-0.7750994863079492
4,FrequencyEvent-video.pause,-0.0002847746108090742,-1.0,-0.615931836596603
5,RegPeakTime-m1,-0.00028097687931572164,-1.0,-0.6077178187564745
6,FrequencyEvent-video.pause-total,-0.000271783524879208,-1.0,-0.5878337438859034
7,FrequencyEvent-video.seelforward-total,-0.00021246966489199426,-1.0,-0.4595452893296371
8,ObsDurationProblem-var,-0.00019778739736149204,-1.0,-0.4277893825099525
9,ContentAlignment,-0.00018005383621364147,-1.0,-0.38943390954078105
10,FrequencyEvent-video.play,-0.00017900407290315101,-1.0,-0.3871634029040233
11,video.stop-video.play-video.seek,-0.00017498867571352552,-1.0,-0.37847860140909995
12,problem.check-problem.check-video.load,-0.00017210432540722988,-1.0,-0.3722401127443371
13,video.play-video.stop-video.play,-0.00016863942833743773,-1.0,-0.3647459740999125
14,SpeedPlayback-std,-0.00015732764238734101,-1.0,-0.3402799970395421
15,AttendanceRate,-0.00014408520716626934,-1.0,-0.31163826727454325
16,SeekLength-std,-0.0001406756024925868,-1.0,-0.30426371916169326
17,WeeklyProp-watched-mean,-0.00013612903166385648,-1.0,-0.29443005557490004
18,RatioClicksWeekendDay,-0.0001327296909956762,-1.0,-0.2870777072211574
19,StudentActiveness,-0.00013044852250103768,-1.0,-0.2821438253118919
20,TotalClicks-weekend,-0.00012445128733402664,-1.0,-0.2691725563479062
21,FractionSpent-video.play,-0.00011040999807231821,-1.0,-0.23880300528934445
22,TotalClicks-weekday,-0.00010339542555221438,-1.0,-0.22363136297554184
23,TotalClicks-video.load,-0.0001012541813804324,-1.0,-0.2190001198616265
24,FrequencyEvent-video.load-relative,-8.708762581784008e-05,-1.0,-0.1883596334744276
25,WeeklyProp-replayed-mean,-8.532596471166021e-05,-1.0,-0.18454938101720397
26,TimeSessions-std,-6.660566688593602e-05,-1.0,-0.1440597201282836
27,ContentCoverage,-5.595627394295099e-05,-1.0,-0.12102641622743367
28,video.play-video.play-video.play,-3.9981488746686855e-05,-1.0,-0.08647495548724865
29,FractionSpent-video.play-played,-2.5045805276297462e-05,-1.0,-0.054170941710858546
30,FrequencyEvent-video.stop,-1.4689684095694271e-05,-1.0,-0.03177194792182849
31,FrequencyEvent-video.load,-1.427462139639934e-05,-1.0,-0.030874219258612546
32,WatchingRatio,-3.895687363693856e-06,-1.0,-0.008425884126077707
33,FrequencyEvent-video,-2.4339288052463416e-06,-1.0,-0.005264283339380428
34,TimeSolveProblem,-1.5953824414927065e-06,-1.0,-0.0034506125193912956
35,TotalClicks,-3.9211972648076325e-07,-1.0,-0.0008481058848991964
36,TimeSessions-length,1.2429640322960907e-06,1.0,0.0036343196867204405
37,SeekLength-mean,2.641780672262136e-06,1.0,0.007724338963746246
38,TimeBetweenSessions-std,3.026673001335967e-06,1.0,0.008849730956173175
39,ContentAnticipation,8.172415995181979e-06,1.0,0.023895439906247963
40,UtilizationRate,2.1254777292341772e-05,1.0,0.06214713663734969
41,Time-video-sum,3.254606957419579e-05,1.0,0.09516190195815447
42,SpeedPlayback-mean,3.7490198538929446e-05,1.0,0.10961810886626869
43,FractionSpent-video.seek-time-backward,3.760569442689334e-05,1.0,0.1099558088869097
44,video.play-problem.check-problem.check,3.971768037044475e-05,1.0,0.11613107373230251
45,FrequencyEvent-video.seekbackward-total,4.256082034607394e-05,1.0,0.12444416994188745
46,FrequencyEvent-video.seekforward,5.031024252342978e-05,1.0,0.14710281238695164
47,NumberSessions,6.123461701175356e-05,1.0,0.17904474170785084
48,FractionSpent-video.seek-time-forward,6.354359707118348e-05,1.0,0.18579600036714577
49,TimeSessions-sum,6.856540975789281e-05,1.0,0.2004793477819667
50,FractionSpent-video.play-completed,8.637715534985432e-05,1.0,0.25255935651732914
51,CountUniqueElement-video,9.678748575550362e-05,1.0,0.2829982652511765
52,FrequencyEvent-video.seekforward-total,0.00011194734560583811,1.0,0.32732438867102853
53,PauseDuration-mean,0.00012160703893455322,1.0,0.35556849929696543
54,TimeSessions-mean,0.0001253880698572936,1.0,0.36662390778954257
55,TimeSpeedingUp-mean,0.00012667664136689304,1.0,0.37039157980852566
56,PauseDuration-std,0.00012704640142049498,1.0,0.3714727263318775
57,TimeSpeedingUp-std,0.0001280492542892807,1.0,0.3744049816741172
58,Time-problem-sum,0.00013084064786863132,1.0,0.3825667758815318
59,ObsDurationProblem-max,0.0001392465898833892,1.0,0.40714502573903666
60,WatchingIndex,0.00014097840399761386,1.0,0.41220870092635514
61,DelayLecture,0.00015893038775136503,1.0,0.4646987539582369
62,WeeklyProp-interrupted-mean,0.00016441114416711766,1.0,0.4807240132757521
63,FrequencyEvent-video.pause-relative,0.00016728027864911725,1.0,0.4891131151812331
64,StudentWeeklyActiveness,0.00019166040575753512,1.0,0.5603985052750977
65,FractionSpent-video.pause,0.00019731726251970974,1.0,0.5769386668256706
66,video.play-video.pause-video.load,0.0001982935104456894,1.0,0.5797931316084961
67,FrequencyEvent-video.seekbackward,0.00020584177791664973,1.0,0.6018636150316301
68,problem.check-problem.check-problem.check,0.00020885810175015027,1.0,0.6106830859131525
69,StudentSpeed,0.00021789268401925955,1.0,0.6370994256854828
70,RegPeriodicity-m1,0.0003420073464747192,1.0,1.0
