,feature,importance,pn,perc_importance
0,ObsDurationProblem-max,-0.00634828039246495,-1.0,-1.0
1,FrequencyEvent-video.seekforward-total,-0.0032406911757011858,-1.0,-0.5104833081329714
2,problem.check-problem.check-problem.check,-0.0027682326800481244,-1.0,-0.43606024134249965
3,DelayLecture,-0.0025104676562841444,-1.0,-0.39545632849864787
4,ObsDurationProblem-var,-0.0023509146511978816,-1.0,-0.3703230648079572
5,TimeSpeedingUp-mean,-0.0022789322082156283,-1.0,-0.3589841763953262
6,video.play-video.pause-video.load,-0.0021922861601844515,-1.0,-0.34533543332247446
7,FractionSpent-video.pause,-0.0020289203343489912,-1.0,-0.31960156277236984
8,TimeSolveProblem,-0.0017085704032467784,-1.0,-0.2691390892681355
9,ContentAnticipation,-0.001552165024440958,-1.0,-0.24450164902660732
10,TimeSpeedingUp-std,-0.0015268252636479087,-1.0,-0.24051005457480487
11,video.play-problem.check-problem.check,-0.0014866334701177267,-1.0,-0.23417892377316488
12,Time-problem-sum,-0.0014446302922032444,-1.0,-0.22756245831830915
13,WeeklyProp-interrupted-mean,-0.0013036026351608374,-1.0,-0.2053473625248406
14,FrequencyEvent-video.pause-relative,-0.0012661315604013464,-1.0,-0.19944480743228876
15,RatioClicksWeekendDay,-0.0012219060791902332,-1.0,-0.1924782781555406
16,FractionSpent-video.play-completed,-0.0010883686034174856,-1.0,-0.17144305798296458
17,FrequencyEvent-video.seekforward,-0.0010587897642903232,-1.0,-0.16678371130976616
18,FrequencyEvent-video.seekbackward,-0.0009448277653982058,-1.0,-0.14883207845067192
19,StudentSpeed,-0.0009336715718251334,-1.0,-0.14707472167318708
20,UtilizationRate,-0.0008378260862843001,-1.0,-0.13197685585513083
21,StudentWeeklyActiveness,-0.0006517178151590465,-1.0,-0.10266052771276435
22,TimeSessions-length,-0.0005729746611806761,-1.0,-0.09025667200534568
23,TotalClicks-weekday,-0.0005267363989512503,-1.0,-0.08297308347886723
24,FractionSpent-video.seek-time-forward,-0.00042582388215303484,-1.0,-0.0670770438335496
25,FrequencyEvent-video.play-relative,-0.0004212195562883623,-1.0,-0.06635175673530837
26,FrequencyEvent-video.seekbackward-total,-0.0003428447155346619,-1.0,-0.05400591882198511
27,TotalClicks-weekend,-0.0002647008959373441,-1.0,-0.0416964720480099
28,PauseDuration-std,-0.00023139390201627717,-1.0,-0.036449855348375707
29,FractionSpent-video.seek-time-backward,-0.0001997514608439789,-1.0,-0.03146544394621772
30,TimeSessions-mean,-0.00017388379583787455,-1.0,-0.02739069245338703
31,NumberSessions,-0.0001267342422775101,-1.0,-0.019963554607313264
32,FractionSpent-video.play-played,-6.624759594879551e-05,-1.0,-0.010435518258996194
33,WatchingIndex,-2.576228521297105e-05,-1.0,-0.004058151754536461
34,video.stop-video.play-video.seek,-1.7219761282316753e-05,-1.0,-0.0027125079892116356
35,FractionSpent-video.play,8.501477346107255e-08,1.0,9.447867376633967e-06
36,StudentThoughtfulness,2.4974699445633135e-05,1.0,0.002775489935777791
37,FrequencyEvent-video.load-relative,8.276260686675024e-05,1.0,0.009197579451053766
38,FrequencyEvent-video.play,0.000219857761057358,1.0,0.02443324711257065
39,WatchingRatio,0.00024936902948020906,1.0,0.02771289532927749
40,WeeklyProp-replayed-mean,0.00028297989661045194,1.0,0.031448140418245514
41,TotalClicks-video.load,0.0002943710988421431,1.0,0.03271406825130284
42,TimeBetweenSessions-std,0.0002972441874713494,1.0,0.03303336052516258
43,PauseDuration-mean,0.00032600044388718293,1.0,0.03622910269801771
44,WeeklyProp-watched-mean,0.0003892221614097291,1.0,0.04325506275364892
45,SpeedPlayback-mean,0.0003980605263469768,1.0,0.04423728850517249
46,TimeSessions-sum,0.0005102079369310601,1.0,0.05670046188899025
47,TimeSessions-std,0.0005123100464709188,1.0,0.05693407366415819
48,AttendanceRate,0.0005160066605407482,1.0,0.05734488602126386
49,SpeedPlayback-std,0.0005406832107031892,1.0,0.06008724201135952
50,SeekLength-mean,0.0005774513205477298,1.0,0.06417335800459677
51,FrequencyEvent-video.load,0.0006603472547605413,1.0,0.07338575439901204
52,video.pause-video.speedchange-video.play,0.0007334913162485584,1.0,0.08151440503458157
53,StudentActiveness,0.0008740862245995611,1.0,0.0971390076048455
54,SeekLength-std,0.0011582939380459381,1.0,0.12872359784417925
55,video.play-video.play-video.play,0.0011729498342604085,1.0,0.13035233786291764
56,FrequencyEvent-video.pause,0.0013052191938812013,1.0,0.14505170500599146
57,ContentAlignment,0.0013627351088619749,1.0,0.15144356743955922
58,problem.check-problem.check-video.load,0.003967349690986309,1.0,0.4408997659016466
59,video.play-video.stop-video.play,0.008998303010828369,1.0,1.0
