,feature,mean_score_shap,mean_score_cem,mean_score_lime
0,TotalClicks_InWeek1,0.0011417684485228435,0.001445298123245843,0.0
1,NumberSessions_InWeek1,0.0007892300143224473,0.0017492179960976364,0.0
2,Time-video-sum_InWeek1,0.0012400222112341904,0.002013200119582463,0.0
3,Time-problem-sum_InWeek1,0.0008733484974614326,0.0019612540346298267,0.0
4,video.pause-video.speedchange-video.play_InWeek1,0.001993702665832637,0.00032103803324474696,0.0
5,video.play-video.pause-video.load_InWeek1,0.0012925577543140476,0.00015349075611814487,0.0
6,video.play-video.play-video.play_InWeek1,0.000520840429689579,0.0011504555742929213,0.0
7,video.play-video.stop-video.play_InWeek1,0.0021028778571714453,0.00038019586053853155,0.001236934483527037
8,video.play-problem.check-problem.check_InWeek1,0.0,2.4988415307027618e-05,0.004636872595715279
9,video.stop-video.play-video.seek_InWeek1,0.0019276925974404421,2.6494281081604712e-05,0.0
10,problem.check-problem.check-video.load_InWeek1,0.0019254296909621863,0.00029979828758862153,0.0
11,problem.check-problem.check-problem.check_InWeek1,0.0005669802875293906,0.0006476658288547747,0.0
12,RegPeakTime-m1_InWeek1,0.001545503041490864,0.0018275912055751766,0.0
13,RegPeriodicity-m1_InWeek1,0.0008012120816647572,0.001885781893244844,0.0
14,DelayLecture_InWeek1,0.00041903212195952083,0.0019465167010456535,0.0
15,TimeSessions-sum_InWeek1,0.0008601088037136469,0.00021575040858776964,0.0
16,TimeSessions-mean_InWeek1,0.0005893318151561648,0.002385992688137106,0.0
17,TimeBetweenSessions-std_InWeek1,0.000325785378866204,0.0012345302084231131,0.0
18,TimeSessions-std_InWeek1,0.0010632498954941802,0.00020760493138743984,0.0
19,TotalClicks-weekday_InWeek1,0.0016109998333439372,0.0014413115922200263,0.0
20,TotalClicks-weekend_InWeek1,0.0016480271259953962,0.0012854615919704296,0.0
21,RatioClicksWeekendDay_InWeek1,0.0018829499256996216,0.00011952200540763388,0.0
22,AttendanceRate_InWeek1,0.0015741942926426667,0.0020986419783179484,0.0
23,UtilizationRate_InWeek1,0.000844396681747738,0.0017334747767316003,0.0
24,WatchingRatio_InWeek1,0.001359385339030258,0.00048806957215194636,0.0
25,TotalClicks-video.load_InWeek1,0.0013500245075881536,0.00034863776730804463,0.0
26,WeeklyProp-watched-mean_InWeek1,0.0013539550403231875,0.0020986419783179484,0.0
27,WeeklyProp-replayed-mean_InWeek1,0.0017659324032901378,0.0017783578426722227,0.0
28,WeeklyProp-interrupted-mean_InWeek1,0.0004357289475230106,0.003530198776781566,0.0
29,FrequencyEvent-video_InWeek1,0.0010821634933824334,0.00045559890428074445,0.0
30,FrequencyEvent-video.load_InWeek1,0.000843853789682558,0.00031528386820333943,0.0
31,FrequencyEvent-video.play_InWeek1,0.0009513886359063196,0.0020482393773316693,0.0
32,FrequencyEvent-video.pause_InWeek1,0.001175471891882214,0.0018480050085268975,0.0
33,FrequencyEvent-video.stop_InWeek1,0.0005218516862137754,2.6098975166649233e-05,0.0
34,FrequencyEvent-video.seekbackward_InWeek1,0.0006342121202691467,4.3886981963508885e-05,0.0
35,FrequencyEvent-video.seekforward_InWeek1,0.0005974898769545801,0.001846300995657778,0.0
36,SeekLength-mean_InWeek1,0.0017037131068403052,0.001821151739987146,0.0
37,SeekLength-std_InWeek1,0.0006381757802580163,0.00175389180263749,0.0
38,PauseDuration-mean_InWeek1,0.0004494639105329156,0.0002000775637643136,0.0
39,PauseDuration-std_InWeek1,0.0004509802007036647,0.0003321367816314683,0.0
40,TimeSpeedingUp-mean_InWeek1,0.0007749249347617889,7.90606378183769e-05,0.0
41,TimeSpeedingUp-std_InWeek1,0.0014051094247523152,0.0010010859174060956,0.0
42,FractionSpent-video.play_InWeek1,0.0013584927017361464,0.0017121844289970049,0.0
43,FractionSpent-video.play-completed_InWeek1,0.001189549415218303,4.5311621077307876e-05,0.0
44,FractionSpent-video.play-played_InWeek1,0.0009499487472604171,6.812834956496786e-05,0.0
45,FrequencyEvent-video.pause-total_InWeek1,0.0017222163346869404,0.0007745092106205915,0.0
46,FractionSpent-video.pause_InWeek1,0.0003180136790485904,0.0005820489306221858,0.0
47,SpeedPlayback-mean_InWeek1,0.0011820689837410668,0.0021122765389408383,0.0
48,SpeedPlayback-std_InWeek1,0.0016369751917379258,7.147179171846688e-05,0.0
49,FrequencyEvent-video.seekbackward-total_InWeek1,0.0008077813288449051,0.00232412140974182,0.0
50,FrequencyEvent-video.seekforward-total_InWeek1,0.0016450332522453916,7.232623254976295e-05,0.0
51,CountUniqueElement-video_InWeek1,0.0010369475615613992,0.0019995002474006195,0.0
52,ContentAlignment_InWeek1,0.0015844176432604257,0.0020986419783179484,0.0
53,ContentCoverage_InWeek1,0.0015388539632409236,0.0020986419783179484,0.0
54,ContentAnticipation_InWeek1,0.00010189826239904529,4.749858459260974e-05,0.0
55,StudentSpeed_InWeek1,0.000574459449172705,4.34176936556916e-05,0.0
56,StudentActiveness_InWeek1,0.0014249716873542843,0.00013142036360378547,0.0
57,StudentThoughtfulness_InWeek1,0.0008687508708127383,0.0017846160928574896,0.0
58,StudentWeeklyActiveness_InWeek1,0.0012046442237843686,0.0010892889486995723,0.0
59,WatchingIndex_InWeek1,0.00039208566655255184,0.0017722654294827142,0.0
60,FrequencyEvent-video.play-played_InWeek1,0.0015371621050476118,0.00166649421652289,0.0
61,FrequencyEvent-video.play-relative_InWeek1,0.0018690827013745123,0.00124852566660616,0.0
62,FrequencyEvent-video.pause-relative_InWeek1,0.00040906277007177536,0.00029028145739637645,0.0
63,FractionSpent-video.seek-time-backward_InWeek1,0.0004960330160747157,0.0024469762812881837,0.0
64,FractionSpent-video.seek-time-forward_InWeek1,0.0011571942045925788,0.0005476580413550562,0.0
65,FrequencyEvent-video.seelforward-total_InWeek1,0.001559220089994605,0.0021122765389408383,0.0
66,FrequencyEvent-video.load-relative_InWeek1,0.0016938402739392422,0.0018857762191719788,0.0
67,TimeSolveProblem_InWeek1,0.0014427709812480983,0.0017310656541408196,0.0
68,ObsDurationProblem-var_InWeek1,0.0019420753518503981,5.97928665709291e-05,0.0
69,ObsDurationProblem-max_InWeek1,0.0016811047923559897,0.0019019837023906802,0.0
70,TimeSessions-length_InWeek1,0.0012497523946237883,0.0017492179960976364,0.0
71,TotalClicks_InWeek2,0.0006918232658740379,0.0018046778776135016,0.0
72,NumberSessions_InWeek2,0.0009302451796412107,0.001668079815453992,0.0
73,Time-video-sum_InWeek2,0.0007942253030276659,0.0018805190692691286,0.0
74,Time-problem-sum_InWeek2,0.0015739328848933362,0.0019644363972372916,0.0
75,video.pause-video.speedchange-video.play_InWeek2,0.0018891384343620427,6.330511769502312e-05,0.0
76,video.play-video.pause-video.load_InWeek2,0.0010496568043199702,0.0001349658790006962,0.0
77,video.play-video.play-video.play_InWeek2,0.0008686393007240813,0.0009743847244519118,0.0
78,video.play-video.stop-video.play_InWeek2,0.002068515510433447,0.00048198771862975164,0.0022764571418665614
79,video.play-problem.check-problem.check_InWeek2,0.0,8.3409363545165e-05,0.008032007443079253
80,video.stop-video.play-video.seek_InWeek2,0.0018395269491442903,7.431112965888229e-05,0.0
81,problem.check-problem.check-video.load_InWeek2,0.0019562745499591503,0.0003754141661003816,0.0
82,problem.check-problem.check-problem.check_InWeek2,0.0002521178702849028,0.0009041112294162737,0.0
83,RegPeakTime-m1_InWeek2,0.0016582939523669764,0.0012966434457263975,0.0
84,RegPeriodicity-m1_InWeek2,0.0004598702207897183,2.513231503100891e-05,0.0
85,DelayLecture_InWeek2,0.00035581420665484886,3.8445348567351776e-05,0.0
86,TimeSessions-sum_InWeek2,0.0005822783953733979,0.00042586541525817256,0.0
87,TimeSessions-mean_InWeek2,0.0005977354562757517,0.0017275588827514832,0.0
88,TimeBetweenSessions-std_InWeek2,0.0005676253712429715,0.00264544615270007,0.0
89,TimeSessions-std_InWeek2,0.0012695085275058091,0.000271783421670356,0.0
90,TotalClicks-weekday_InWeek2,0.00152109074639885,0.0017706850669497454,0.0
91,TotalClicks-weekend_InWeek2,0.001306445077448736,0.0019510213503879568,0.0
92,RatioClicksWeekendDay_InWeek2,0.0016187655891840525,9.295693856889994e-05,0.0
93,AttendanceRate_InWeek2,0.0014961446498983212,3.1638096568984835e-05,0.0
94,UtilizationRate_InWeek2,0.0007437328546696753,0.0018679937721773263,0.0
95,WatchingRatio_InWeek2,0.0006510262784896059,0.001857581989549922,0.0
96,TotalClicks-video.load_InWeek2,0.0016274774784736249,0.0004131671299490515,0.0
97,WeeklyProp-watched-mean_InWeek2,0.0013938288006896645,6.0706627289961787e-05,0.0
98,WeeklyProp-replayed-mean_InWeek2,0.0017678435407282632,0.0017330859270164522,0.0
99,WeeklyProp-interrupted-mean_InWeek2,0.0005934191086434992,0.00035995001905984766,0.0
100,FrequencyEvent-video_InWeek2,0.0010218729752167228,0.0006273784592591528,0.0
101,FrequencyEvent-video.load_InWeek2,0.0006609983051234229,0.0003897813232900373,0.0
102,FrequencyEvent-video.play_InWeek2,0.0007869077558535671,0.002088215487052214,0.0
103,FrequencyEvent-video.pause_InWeek2,0.0009377161636833309,0.0018597451177484697,0.0
104,FrequencyEvent-video.stop_InWeek2,0.0011076568645115726,0.0023556771239598125,0.0
105,FrequencyEvent-video.seekbackward_InWeek2,0.0006129553987272641,2.617898146476573e-05,0.0
106,FrequencyEvent-video.seekforward_InWeek2,0.0006662224487336966,0.0012801576386212389,0.0
107,SeekLength-mean_InWeek2,0.0013181955298300465,0.0020768496994750586,0.0
108,SeekLength-std_InWeek2,0.0010639869754763033,0.0022685767796155496,0.0
109,PauseDuration-mean_InWeek2,0.00030278189534586674,0.0006616982531057716,0.0
110,PauseDuration-std_InWeek2,0.0004726801560270413,0.00027776511324803093,0.0
111,TimeSpeedingUp-mean_InWeek2,0.001296727907374554,0.00011064928529684434,0.0
112,TimeSpeedingUp-std_InWeek2,0.0011390519876785191,0.00185893707132826,0.0
113,FractionSpent-video.play_InWeek2,0.0016089980584016055,0.0019023967774516308,0.0
114,FractionSpent-video.play-completed_InWeek2,0.0005794574151945681,0.0019622933517541787,0.0
115,FractionSpent-video.play-played_InWeek2,0.0013349204514552712,9.727198442868584e-05,0.0
116,FrequencyEvent-video.pause-total_InWeek2,0.0016420388844081923,0.001313121659009998,0.0
117,FractionSpent-video.pause_InWeek2,0.00032001444195141245,0.0005658815604763276,0.0
118,SpeedPlayback-mean_InWeek2,0.0012105882098196502,0.001966257136052848,0.0
119,SpeedPlayback-std_InWeek2,0.0013819823584184949,0.0017827103754216886,0.0
120,FrequencyEvent-video.seekbackward-total_InWeek2,0.0009200753384371835,0.001813102636567994,0.0
121,FrequencyEvent-video.seekforward-total_InWeek2,0.001087220579924216,0.00044811693121534277,0.0
122,CountUniqueElement-video_InWeek2,0.0008884095919366604,0.0018611812729170448,0.0
123,ContentAlignment_InWeek2,0.0015088424459637055,0.0022229291601791523,0.0
124,ContentCoverage_InWeek2,0.0010093563409788722,0.002441774032492767,0.0
125,ContentAnticipation_InWeek2,9.915998723890184e-05,0.00010370936433196138,0.0
126,StudentSpeed_InWeek2,0.0004575498982363321,0.0014512147955465023,0.0
127,StudentActiveness_InWeek2,0.0015519356761182612,0.0002048695677506429,0.0
128,StudentThoughtfulness_InWeek2,0.0005791837486013108,0.0018486242811538286,0.0
129,StudentWeeklyActiveness_InWeek2,0.0011050364011598085,0.0027146550461648673,0.0
130,WatchingIndex_InWeek2,0.00048487307850544626,0.0024201982290197473,0.0
131,FrequencyEvent-video.play-played_InWeek2,0.0015924423497738981,0.0019231982381475382,0.0
132,FrequencyEvent-video.play-relative_InWeek2,0.0015019528851723384,6.485308172256917e-05,0.0
133,FrequencyEvent-video.pause-relative_InWeek2,0.00025842450170532186,0.00028701767159806674,0.0
134,FractionSpent-video.seek-time-backward_InWeek2,0.000567643893087515,0.0020638134403185315,0.0
135,FractionSpent-video.seek-time-forward_InWeek2,0.0009975597994797863,0.00045147924167076344,0.0
136,FrequencyEvent-video.seelforward-total_InWeek2,0.0013855528392387889,0.001966257136052848,0.0
137,FrequencyEvent-video.load-relative_InWeek2,0.0015343077912620727,0.00180144836003146,0.0
138,TimeSolveProblem_InWeek2,0.00164920427578807,0.0018976356383371823,0.0
139,ObsDurationProblem-var_InWeek2,0.002041054902864207,0.00010619137798477849,0.0
140,ObsDurationProblem-max_InWeek2,0.0016077336846484632,0.0019644916384264958,0.0
141,TimeSessions-length_InWeek2,0.0007908000388017121,0.001668079815453992,0.0
142,TotalClicks_InWeek3,0.0006518208836939654,0.0015191749563349944,0.0
143,NumberSessions_InWeek3,0.0011266011443059,0.0018618965247533528,0.0
144,Time-video-sum_InWeek3,0.0006094131542117478,0.0021572697653461405,0.0
145,Time-problem-sum_InWeek3,0.0015352939175832614,0.002104008092813587,0.0
146,video.pause-video.speedchange-video.play_InWeek3,0.00176685798084232,0.0001456744905056104,0.0
147,video.play-video.pause-video.load_InWeek3,0.0012188365683648286,6.458303387531513e-05,0.0
148,video.play-video.play-video.play_InWeek3,0.00092378055395501,0.0034519763381219127,0.0
149,video.play-video.stop-video.play_InWeek3,0.0021032533836357827,0.00042787295828571845,0.002611737922254567
150,video.play-problem.check-problem.check_InWeek3,0.0,0.0001482425530843274,0.008005198430289033
151,video.stop-video.play-video.seek_InWeek3,0.0018397735047743088,7.184796291047468e-05,0.0
152,problem.check-problem.check-video.load_InWeek3,0.0020194693363499543,0.00031799542460192736,0.0
153,problem.check-problem.check-problem.check_InWeek3,0.0002069201462483475,0.00042082292954970897,0.0
154,RegPeakTime-m1_InWeek3,0.0013546835473161561,0.0012091740289877837,0.0
155,RegPeriodicity-m1_InWeek3,0.0009362521967583169,2.734930645824106e-05,0.0
156,DelayLecture_InWeek3,0.000336452046135473,0.00012095657493377395,0.0
157,TimeSessions-sum_InWeek3,0.0012964107119132478,0.0006271065751394978,0.0
158,TimeSessions-mean_InWeek3,0.0006952793903295295,0.0016675960006670757,0.0
159,TimeBetweenSessions-std_InWeek3,0.0006318077710487716,0.001937606994864942,0.0
160,TimeSessions-std_InWeek3,0.0009752971443615827,0.0003447740033156997,0.0
161,TotalClicks-weekday_InWeek3,0.0011686779295281844,0.002349651993125521,0.0
162,TotalClicks-weekend_InWeek3,0.0016320346411875348,0.001159726294914668,0.0
163,RatioClicksWeekendDay_InWeek3,0.0019867947492595668,9.83301607375249e-05,0.0
164,AttendanceRate_InWeek3,0.0017189241113706225,0.00016342055381906383,0.0
165,UtilizationRate_InWeek3,0.0012099043823749634,0.0023203662591397877,0.0
166,WatchingRatio_InWeek3,0.0016137876890958936,0.0013428249886234178,0.0
167,TotalClicks-video.load_InWeek3,0.0015167915145088498,0.00030767735706232596,0.0
168,WeeklyProp-watched-mean_InWeek3,0.001593630813373065,0.00015843975708290471,0.0
169,WeeklyProp-replayed-mean_InWeek3,0.001827195227944312,0.0010251792495527404,0.0
170,WeeklyProp-interrupted-mean_InWeek3,0.00041988120442897964,0.00027316610604283064,0.0
171,FrequencyEvent-video_InWeek3,0.0006537556421952239,0.0006205051403269739,0.0
172,FrequencyEvent-video.load_InWeek3,0.0006951084176993503,0.0003529828913555791,0.0
173,FrequencyEvent-video.play_InWeek3,0.0008409646680482104,0.0019553552551801246,0.0
174,FrequencyEvent-video.pause_InWeek3,0.0009386239721223681,0.001909898897089348,0.0
175,FrequencyEvent-video.stop_InWeek3,0.0014035894192116457,0.0021380630209570685,0.0
176,FrequencyEvent-video.seekbackward_InWeek3,0.0004682369579615843,3.113490767149164e-05,0.0
177,FrequencyEvent-video.seekforward_InWeek3,0.0007862962044976785,0.0015277997236800912,0.0
178,SeekLength-mean_InWeek3,0.001397415735702197,0.001827491272638553,0.0
179,SeekLength-std_InWeek3,0.0014176275763074222,0.0022705776277617807,0.0
180,PauseDuration-mean_InWeek3,0.0005409927348629501,0.0006036378941847193,0.0
181,PauseDuration-std_InWeek3,0.000560408819432916,0.00038034393871180295,0.0
182,TimeSpeedingUp-mean_InWeek3,0.0010899302987229054,0.00010481543066677333,0.0
183,TimeSpeedingUp-std_InWeek3,0.0013580324567182642,0.0017530620743376945,0.0
184,FractionSpent-video.play_InWeek3,0.001642264375782969,0.0019600493541766764,0.0
185,FractionSpent-video.play-completed_InWeek3,0.000550195086065887,0.002052516455050363,0.0
186,FractionSpent-video.play-played_InWeek3,0.001045057644187779,3.2302889744934816e-05,0.0
187,FrequencyEvent-video.pause-total_InWeek3,0.001202743348372494,0.0015461513128663448,0.0
188,FractionSpent-video.pause_InWeek3,0.00045660174445236493,0.0007568489068698843,0.0
189,SpeedPlayback-mean_InWeek3,0.0014922321050209514,0.0017327430940009777,0.0
190,SpeedPlayback-std_InWeek3,0.0016134769900986287,0.002409504412504656,0.0
191,FrequencyEvent-video.seekbackward-total_InWeek3,0.001654919205937501,0.002642055808135711,0.0
192,FrequencyEvent-video.seekforward-total_InWeek3,0.0011510592113705585,0.0011052504933942006,0.0
193,CountUniqueElement-video_InWeek3,0.001074736238563335,0.0019391249477694811,0.0
194,ContentAlignment_InWeek3,0.0016823039480383473,0.001449225849406851,0.0
195,ContentCoverage_InWeek3,0.0009969964810072549,0.0013880781535128102,0.0
196,ContentAnticipation_InWeek3,0.00020557654251989222,0.00013793993928989465,0.0
197,StudentSpeed_InWeek3,0.00040010202640394316,0.001611485792994732,0.0
198,StudentActiveness_InWeek3,0.0015828719372637991,0.0002647845478112577,0.0
199,StudentThoughtfulness_InWeek3,0.0006761659959181905,5.9425515970723756e-05,0.0
200,StudentWeeklyActiveness_InWeek3,0.0008687177536783552,0.0029284376460642376,0.0
201,WatchingIndex_InWeek3,0.0003770759975379918,0.0017246263482848252,0.0
202,FrequencyEvent-video.play-played_InWeek3,0.0017626878235138886,0.0017149246825863909,0.0
203,FrequencyEvent-video.play-relative_InWeek3,0.0015966278411801021,0.00014417301275083865,0.0
204,FrequencyEvent-video.pause-relative_InWeek3,0.0003899002907617629,0.0004347281667173867,0.0
205,FractionSpent-video.seek-time-backward_InWeek3,0.0004698471555005288,0.0021875146936557424,0.0
206,FractionSpent-video.seek-time-forward_InWeek3,0.0009029254529782802,0.00045120766860978816,0.0
207,FrequencyEvent-video.seelforward-total_InWeek3,0.0013292931899489496,0.0017327430940009777,0.0
208,FrequencyEvent-video.load-relative_InWeek3,0.0018637762309356859,0.0019294866780629424,0.0
209,TimeSolveProblem_InWeek3,0.0014538954291478967,0.0018197503506554521,0.0
210,ObsDurationProblem-var_InWeek3,0.001941955315867572,7.333115961218816e-05,0.0
211,ObsDurationProblem-max_InWeek3,0.0016580615866838375,0.0018458660149408151,0.0
212,TimeSessions-length_InWeek3,0.0010623756463689496,0.0018618965247533528,0.0
213,TotalClicks_InWeek4,0.001377086919181904,0.0018191821560096409,0.0
214,NumberSessions_InWeek4,0.0010105576382731032,0.0020659872625026594,0.0
215,Time-video-sum_InWeek4,0.0008647236388211528,0.0022181150608662024,0.0
216,Time-problem-sum_InWeek4,0.000855137913374372,0.0023050334492975633,0.0
217,video.pause-video.speedchange-video.play_InWeek4,0.0019531149408940163,0.00021604872290913415,0.0
218,video.play-video.pause-video.load_InWeek4,0.0013466027074452306,0.0011889917116904819,0.0
219,video.play-video.play-video.play_InWeek4,0.0009044293740062336,0.000841448987952361,0.0
220,video.play-video.stop-video.play_InWeek4,0.0021331229436936327,0.00046624213461423443,0.003386246071756622
221,video.play-problem.check-problem.check_InWeek4,0.0,0.00019403901909435827,0.008114135141108623
222,video.stop-video.play-video.seek_InWeek4,0.0017199070449290357,9.173875330571588e-05,0.0
223,problem.check-problem.check-video.load_InWeek4,0.002038998301793028,0.00021992759406729432,0.003222844120250985
224,problem.check-problem.check-video.load_InWeek4,0.002038998301793028,0.00021992759406729432,0.007824201401790916
225,problem.check-problem.check-problem.check_InWeek4,0.0002379114861045503,0.0004962625562177288,0.0
226,RegPeakTime-m1_InWeek4,0.0015717513189169498,0.0012417361231378777,0.0
227,RegPeriodicity-m1_InWeek4,0.0008171388777906768,3.6982480920123345e-05,0.0
228,DelayLecture_InWeek4,0.0002775338968889228,0.0003227999531855453,0.0
229,TimeSessions-sum_InWeek4,0.0011997225317203009,0.0007377414870294104,0.0
230,TimeSessions-mean_InWeek4,0.0007606887063398525,0.0014482055305719448,0.0
231,TimeBetweenSessions-std_InWeek4,0.00044323514651869095,0.0012543960138853092,0.0
232,TimeSessions-std_InWeek4,0.0012438310473242202,0.00039616379370214,0.0
233,TotalClicks-weekday_InWeek4,0.0017651237367459268,0.0016765886649995798,0.0
234,TotalClicks-weekend_InWeek4,0.001587736794402441,0.002234696294216428,0.0
235,RatioClicksWeekendDay_InWeek4,0.0019455600845643317,2.8535777171036385e-05,0.0
236,AttendanceRate_InWeek4,0.0016184259907764038,0.0002048614749390643,0.0
237,UtilizationRate_InWeek4,0.000848718815288483,0.0018124538810514157,0.0
238,WatchingRatio_InWeek4,0.00112730585453076,0.0008530680116952897,0.0
239,TotalClicks-video.load_InWeek4,0.0015921597251712617,0.0001497508649028032,0.0
240,WeeklyProp-watched-mean_InWeek4,0.0014840783278869695,0.00024325000397675185,0.0
241,WeeklyProp-replayed-mean_InWeek4,0.0017892700147767557,0.00022425417548952212,0.0
242,WeeklyProp-interrupted-mean_InWeek4,0.0005204308183442754,0.00022413712382636297,0.0
243,FrequencyEvent-video_InWeek4,0.0009550119348031362,0.0005999379845531338,0.0
244,FrequencyEvent-video.load_InWeek4,0.0011327262091633467,0.00016318710211289382,0.0
245,FrequencyEvent-video.play_InWeek4,0.0007676802012465667,0.0017179437198758354,0.0
246,FrequencyEvent-video.pause_InWeek4,0.0008965174620185975,5.238238312219356e-05,0.0
247,FrequencyEvent-video.stop_InWeek4,0.0009440208312952851,0.0017162957272167647,0.0
248,FrequencyEvent-video.seekbackward_InWeek4,0.0007294548785816657,0.0017992098324471966,0.0
249,FrequencyEvent-video.seekforward_InWeek4,0.00048185141107187954,0.0020606869041831346,0.0
250,SeekLength-mean_InWeek4,0.0012646932820130185,0.0016861755857023415,0.0
251,SeekLength-std_InWeek4,0.001221111599667841,0.0017689119715393012,0.0
252,PauseDuration-mean_InWeek4,0.0004327294080705721,0.0003576572272729346,0.0
253,PauseDuration-std_InWeek4,0.00042158795558416915,0.00043981588567782804,0.0
254,TimeSpeedingUp-mean_InWeek4,0.0013817738759063036,9.09084765271342e-05,0.0
255,TimeSpeedingUp-std_InWeek4,0.0009823334607572654,0.0010816591550668407,0.0
256,FractionSpent-video.play_InWeek4,0.0012694706955331428,0.0025251452456424017,0.0
257,FractionSpent-video.play-completed_InWeek4,0.0006668453278318452,0.001979072290955701,0.0
258,FractionSpent-video.play-played_InWeek4,0.0013857185416985237,2.5123606227478485e-05,0.0
259,FrequencyEvent-video.pause-total_InWeek4,0.001804623693172459,0.0011185328442710092,0.0
260,FractionSpent-video.pause_InWeek4,0.000504470098769158,0.0004903110749187295,0.0
261,SpeedPlayback-mean_InWeek4,0.001334110348866771,0.0018998646230605123,0.0
262,SpeedPlayback-std_InWeek4,0.001650387567803179,0.0018965495570335894,0.0
263,FrequencyEvent-video.seekbackward-total_InWeek4,0.0006788410111468531,0.002019049177447066,0.0
264,FrequencyEvent-video.seekforward-total_InWeek4,0.0006274623884789833,0.0005415640223183582,0.0
265,CountUniqueElement-video_InWeek4,0.001031776492284302,0.0014554444692048266,0.0
266,ContentAlignment_InWeek4,0.001588013476262328,4.399421642666824e-05,0.0
267,ContentCoverage_InWeek4,0.0009406322141391354,0.0022862184630361485,0.0
268,ContentAnticipation_InWeek4,0.0012859943573299655,0.0001816633293259076,0.007867913978713021
269,StudentSpeed_InWeek4,0.00039083386187788014,0.002168937459634994,0.0
270,StudentActiveness_InWeek4,0.001585170513750429,0.00037428629065316683,0.0
271,StudentThoughtfulness_InWeek4,0.0005887669721276151,8.261459093574441e-05,0.0
272,StudentWeeklyActiveness_InWeek4,0.0009733083444211501,0.002833558596739947,0.0
273,WatchingIndex_InWeek4,0.0005955208307661146,0.0011538050217723395,0.0
274,FrequencyEvent-video.play-played_InWeek4,0.0014509906159726022,0.001756098708058867,0.0
275,FrequencyEvent-video.play-relative_InWeek4,0.0016739557909713398,0.0002212969098699807,0.0
276,FrequencyEvent-video.pause-relative_InWeek4,0.0007154729894933976,0.0003757642126283047,0.0
277,FractionSpent-video.seek-time-backward_InWeek4,0.0009570556681335794,0.0020260760122852413,0.0
278,FractionSpent-video.seek-time-forward_InWeek4,0.0012554168918227112,0.00042069956487678474,0.0
279,FrequencyEvent-video.seelforward-total_InWeek4,0.0013454584127741344,0.0018998646230605123,0.0
280,FrequencyEvent-video.load-relative_InWeek4,0.0016737511779050518,0.0020507174671822136,0.0
281,TimeSolveProblem_InWeek4,0.0012839488035718608,0.002129267749568943,0.0
282,ObsDurationProblem-var_InWeek4,0.0017276471614763125,5.064545947410948e-05,0.0
283,ObsDurationProblem-max_InWeek4,0.0014436715583456934,0.0018959086259006763,0.0
284,TimeSessions-length_InWeek4,0.0011927904679992724,0.0020659872625026594,0.0
285,TotalClicks_InWeek5,0.0012595022672865837,0.0024265759478370773,0.0
286,NumberSessions_InWeek5,0.0007108667728424,0.0028274681754888588,0.0
287,Time-video-sum_InWeek5,0.0011489594132085242,0.002549200078708177,0.0
288,Time-problem-sum_InWeek5,0.0004466876699534164,0.0008186227729315731,0.0
289,video.pause-video.speedchange-video.play_InWeek5,0.0018198845954392076,0.00031038077830783487,0.0
290,video.play-video.pause-video.load_InWeek5,0.0009290994152123212,0.0016474625303560771,0.0
291,video.play-video.play-video.play_InWeek5,0.0012464330135467175,0.0016351878348995583,0.0
292,video.play-video.stop-video.play_InWeek5,0.0005602166192041077,0.000442459026664511,0.0032743319640645653
293,video.play-problem.check-problem.check_InWeek5,0.0,0.0003304360658196069,0.007844146340612928
294,video.stop-video.play-video.seek_InWeek5,0.001902133678792588,0.0001113442740703336,0.0
295,problem.check-problem.check-video.load_InWeek5,0.0020472613597553122,0.00014984165030152292,0.0
296,problem.check-problem.check-problem.check_InWeek5,0.00023434587088598174,0.0005331978100144438,0.0
297,RegPeakTime-m1_InWeek5,0.0013604148663000878,0.0025787474347183153,0.0
298,RegPeriodicity-m1_InWeek5,0.0006521304976587607,3.7098063649295256e-05,0.0
299,DelayLecture_InWeek5,0.00022887763334908284,0.00037084119016432077,0.0
300,TimeSessions-sum_InWeek5,0.0011330546852029815,0.0007743302085212366,0.0
301,TimeSessions-mean_InWeek5,0.0009148892752082767,0.0019193724987050925,0.0
302,TimeBetweenSessions-std_InWeek5,0.00041039834551266,0.0014419566647892862,0.0
303,TimeSessions-std_InWeek5,0.0016748132836125584,0.0004472302260905437,0.0
304,TotalClicks-weekday_InWeek5,0.0009322121760249429,0.0014833067925812014,0.0
305,TotalClicks-weekend_InWeek5,0.0016794976430012994,0.0013090756679014295,0.0
306,RatioClicksWeekendDay_InWeek5,0.002053087211145522,0.00032873926513685636,0.0
307,AttendanceRate_InWeek5,0.00167810657040848,0.00022349098030879244,0.0
308,UtilizationRate_InWeek5,0.0011895163217963752,2.617825377178478e-05,0.0
309,WatchingRatio_InWeek5,0.001079903244968418,0.0024772936690542024,0.0
310,TotalClicks-video.load_InWeek5,0.0016080436927300315,8.219784264106741e-05,0.0
311,WeeklyProp-watched-mean_InWeek5,0.001651708177898195,0.0002236700341527951,0.0
312,WeeklyProp-replayed-mean_InWeek5,0.0018517426958506679,0.001551111335743203,0.0
313,WeeklyProp-interrupted-mean_InWeek5,0.00044300189671051313,0.0017071165829128207,0.0
314,FrequencyEvent-video_InWeek5,0.0011051195080827637,0.0004995933960966741,0.0
315,FrequencyEvent-video.load_InWeek5,0.001525006148017159,0.0001228575927334562,0.0
316,FrequencyEvent-video.play_InWeek5,0.0009138362537572455,0.001898730079506445,0.0
317,FrequencyEvent-video.pause_InWeek5,0.0009997482455276314,6.995913926173719e-05,0.0
318,FrequencyEvent-video.stop_InWeek5,0.0005430148035015474,0.0019217414412248143,0.0
319,FrequencyEvent-video.seekbackward_InWeek5,0.0005505889003921838,0.0019389494719363862,0.0
320,FrequencyEvent-video.seekforward_InWeek5,0.0006682247419550189,0.002053499477876879,0.0
321,SeekLength-mean_InWeek5,0.0010850394771600518,0.002527800012113638,0.0
322,SeekLength-std_InWeek5,0.0012798210706847057,0.001815846061971497,0.0
323,PauseDuration-mean_InWeek5,0.0004156977979773156,0.0004021221955656882,0.0
324,PauseDuration-std_InWeek5,0.0005099896267838857,0.00048558335700248057,0.0
325,TimeSpeedingUp-mean_InWeek5,0.0007310003576648711,8.184201884909402e-05,0.0
326,TimeSpeedingUp-std_InWeek5,0.0009908603218022238,0.0013946722655998687,0.0
327,FractionSpent-video.play_InWeek5,0.0017108943697044122,0.0014517085744239948,0.0
328,FractionSpent-video.play-completed_InWeek5,0.0005792891863587007,0.0018162176074487143,0.0
329,FractionSpent-video.play-played_InWeek5,0.0016742315165166693,0.001666706731073564,0.0
330,FrequencyEvent-video.pause-total_InWeek5,0.0015403671835323518,3.0424790518564622e-05,0.0
331,FractionSpent-video.pause_InWeek5,0.0002449053334969516,0.000437925220908899,0.0
332,SpeedPlayback-mean_InWeek5,0.0010247581712147982,3.245830979481891e-05,0.0
333,SpeedPlayback-std_InWeek5,0.0016978502450159308,0.0018647136016742849,0.0
334,FrequencyEvent-video.seekbackward-total_InWeek5,0.0010212520260487808,0.0018864018759450457,0.0
335,FrequencyEvent-video.seekforward-total_InWeek5,0.0011258417800832192,0.0010922202597503613,0.0
336,CountUniqueElement-video_InWeek5,0.0007482779712247513,0.0018940259084573542,0.0
337,ContentAlignment_InWeek5,0.001707226090967478,6.804043438564654e-05,0.0
338,ContentCoverage_InWeek5,0.0009807948129748575,0.0016692430825039804,0.0
339,ContentAnticipation_InWeek5,0.00028743908009527683,0.00022262682059717535,0.0
340,StudentSpeed_InWeek5,0.00030961636769700384,0.0017454639096163235,0.0
341,StudentActiveness_InWeek5,0.0014680936961174915,0.00041129172674875367,0.0
342,StudentThoughtfulness_InWeek5,0.0006554910604157716,0.0001602395353426343,0.0
343,StudentWeeklyActiveness_InWeek5,0.0008049216145050748,0.0029513182696957285,0.0
344,WatchingIndex_InWeek5,0.0010772341269114606,0.0018993126147445257,0.0
345,FrequencyEvent-video.play-played_InWeek5,0.0017041402043671127,0.0019002257776081263,0.0
346,FrequencyEvent-video.play-relative_InWeek5,0.001701612263893879,0.0003574759617359674,0.0
347,FrequencyEvent-video.pause-relative_InWeek5,0.00021515651886637525,0.0003776693832047761,0.0
348,FractionSpent-video.seek-time-backward_InWeek5,0.001076916277379414,0.002678183074310057,0.0
349,FractionSpent-video.seek-time-forward_InWeek5,0.00111469861123604,0.00021348831183520662,0.0
350,FrequencyEvent-video.seelforward-total_InWeek5,0.0015342087180705087,0.001975382438374472,0.0
351,FrequencyEvent-video.load-relative_InWeek5,0.0018160678800779235,0.0018974200140417811,0.0
352,TimeSolveProblem_InWeek5,0.0012838445820853167,4.705782520278385e-05,0.0
353,ObsDurationProblem-var_InWeek5,0.0019785190382157363,0.0012650796904378906,0.0
354,ObsDurationProblem-max_InWeek5,0.0007971473035296893,0.0014766652254490763,0.0
355,TimeSessions-length_InWeek5,0.00083172495093013,0.0028274681754888588,0.0
356,TotalClicks_InWeek6,0.0008983752301041336,0.0017053750291792878,0.0
357,NumberSessions_InWeek6,0.001016485605683269,0.0018915057388641005,0.0
358,Time-video-sum_InWeek6,0.0011072936324642104,0.0012267121324404451,0.0
359,Time-problem-sum_InWeek6,0.000679432895404794,0.0019758898105549146,0.0
360,video.pause-video.speedchange-video.play_InWeek6,0.0019478003497491888,0.00037320746812609715,0.0
361,video.play-video.pause-video.load_InWeek6,0.00040056542513239654,0.00014419498852576276,0.0
362,video.play-video.play-video.play_InWeek6,0.0013330324294947601,0.00026240237233862175,0.0
363,video.play-video.stop-video.play_InWeek6,0.0021297321918939426,0.0004520852172100574,0.0023712361928173264
364,video.play-video.stop-video.play_InWeek6,0.0021297321918939426,0.0004520852172100574,0.007995567134774006
365,video.play-problem.check-problem.check_InWeek6,0.0,0.00032642429046420284,0.0
366,video.stop-video.play-video.seek_InWeek6,0.0017673764222780105,0.00011584203172916447,0.0
367,problem.check-problem.check-video.load_InWeek6,0.0020110898939932425,0.00011201388309194519,0.0
368,problem.check-problem.check-problem.check_InWeek6,0.00028261249929295335,0.0005269282987220875,0.0
369,RegPeakTime-m1_InWeek6,0.0015963480384427887,0.001947351014536795,0.0
370,RegPeriodicity-m1_InWeek6,0.0008414031688518123,5.908795076721018e-05,0.0
371,DelayLecture_InWeek6,0.0004443838252502712,0.0004888628222307165,0.0
372,TimeSessions-sum_InWeek6,0.0010752706116379331,0.0007175385266802578,0.0
373,TimeSessions-mean_InWeek6,0.0007895740697077993,0.0023003279973095756,0.0
374,TimeBetweenSessions-std_InWeek6,0.000487577659545627,0.0013244962439068141,0.0
375,TimeSessions-std_InWeek6,0.001568977671960673,0.00043561674610602223,0.0
376,TotalClicks-weekday_InWeek6,0.0014095263499069993,0.0015618298933490155,0.0
377,TotalClicks-weekend_InWeek6,0.0015652819786857166,0.0014361486635946544,0.0
378,RatioClicksWeekendDay_InWeek6,0.0018272317159977677,0.001423829988296789,0.0
379,AttendanceRate_InWeek6,0.0015104096242079177,0.0002383255395943955,0.0
380,UtilizationRate_InWeek6,0.0007074359016944378,2.6053205227854922e-05,0.0
381,WatchingRatio_InWeek6,0.001868845360025693,6.843086946007175e-05,0.0
382,TotalClicks-video.load_InWeek6,0.001619032558085519,0.0019272286180265414,0.0
383,WeeklyProp-watched-mean_InWeek6,0.0014716612089975,0.0002976201381759561,0.0
384,WeeklyProp-replayed-mean_InWeek6,0.001685128311202857,0.0014954654808122872,0.0
385,WeeklyProp-interrupted-mean_InWeek6,0.0003597021124832491,0.0018138033202355181,0.0
386,FrequencyEvent-video_InWeek6,0.001788831835464287,0.0002329884443491145,0.0
387,FrequencyEvent-video.load_InWeek6,0.0014422649904099088,8.024400651603904e-05,0.0
388,FrequencyEvent-video.play_InWeek6,0.0008424015326182413,0.001896595794030275,0.0
389,FrequencyEvent-video.pause_InWeek6,0.0009913933533226504,0.00010073164270196268,0.0
390,FrequencyEvent-video.stop_InWeek6,0.000972663419753943,0.0018914956361443334,0.0
391,FrequencyEvent-video.seekbackward_InWeek6,0.0006066849639818565,0.0018874694061392404,0.0
392,FrequencyEvent-video.seekforward_InWeek6,0.0009376440446756164,0.0018670814253713517,0.0
393,SeekLength-mean_InWeek6,0.0015166901810428465,0.0019457372869849787,0.0
394,SeekLength-std_InWeek6,0.0013170289023421906,0.0019514351656844163,0.0
395,PauseDuration-mean_InWeek6,0.00029832407827601825,0.0004511699040792847,0.0
396,PauseDuration-std_InWeek6,0.0005913865607849775,0.00036357441650470364,0.0
397,TimeSpeedingUp-mean_InWeek6,0.0006980378557703569,5.5931075273629036e-05,0.0
398,TimeSpeedingUp-std_InWeek6,0.0005863379920554758,0.0016630017234977024,0.0
399,FractionSpent-video.play_InWeek6,0.0015158451586032365,0.0019265225303624711,0.0
400,FractionSpent-video.play-completed_InWeek6,0.0006129240279380627,0.0019326597086522183,0.0
401,FractionSpent-video.play-played_InWeek6,0.0011947891684012035,0.002026837038718596,0.0
402,FrequencyEvent-video.pause-total_InWeek6,0.0017305222535270559,2.5936768754979004e-05,0.0
403,FractionSpent-video.pause_InWeek6,0.0006560284503367911,0.0003603494454331538,0.0
404,SpeedPlayback-mean_InWeek6,0.0014032690857367558,7.928550356348643e-05,0.0
405,SpeedPlayback-std_InWeek6,0.0016132222561931482,0.0017145010608975839,0.0
406,FrequencyEvent-video.seekbackward-total_InWeek6,0.0010123800919190455,0.0014571104189491123,0.0
407,FrequencyEvent-video.seekforward-total_InWeek6,0.0006664399680229022,0.0024065463701974446,0.0
408,CountUniqueElement-video_InWeek6,0.000833894152247952,0.0020782150385881145,0.0
409,ContentAlignment_InWeek6,0.0015116768747889166,0.0001120288280714211,0.0
410,ContentCoverage_InWeek6,0.001098101209121881,4.671330630651934e-05,0.0
411,ContentAnticipation_InWeek6,0.0007655034296979688,0.0002938918685037949,0.0
412,StudentSpeed_InWeek6,0.0006443876175225705,0.002532599308093412,0.0
413,StudentActiveness_InWeek6,0.0015603387982734676,0.00039804488705007566,0.0
414,StudentThoughtfulness_InWeek6,0.0006256947652845168,0.00026096599336121945,0.0
415,StudentWeeklyActiveness_InWeek6,0.0013170082352604525,0.0024972513394777903,0.0
416,WatchingIndex_InWeek6,0.000641509441048714,0.0017017007412012607,0.0
417,FrequencyEvent-video.play-played_InWeek6,0.0016591636634104132,0.0019690562081198693,0.0
418,FrequencyEvent-video.play-relative_InWeek6,0.0015029014737910104,0.0004243224814004262,0.0
419,FrequencyEvent-video.pause-relative_InWeek6,0.0008312217162213131,0.00042039003249075106,0.0
420,FractionSpent-video.seek-time-backward_InWeek6,0.0007835638122980205,0.0022460395805298243,0.0
421,FractionSpent-video.seek-time-forward_InWeek6,0.000624163525489586,9.889061035236129e-05,0.0
422,FrequencyEvent-video.seelforward-total_InWeek6,0.001377301080756247,0.0018139293946671598,0.0
423,FrequencyEvent-video.load-relative_InWeek6,0.0017697020289149676,2.726853550201218e-05,0.0
424,TimeSolveProblem_InWeek6,0.0014476010683683901,5.4490917260692675e-05,0.0
425,ObsDurationProblem-var_InWeek6,0.0019901029623153356,0.001402457403745897,0.0
426,ObsDurationProblem-max_InWeek6,0.0007445359146205281,0.002154874674179163,0.0
427,TimeSessions-length_InWeek6,0.0008557179292367162,0.0018915057388641005,0.0
428,TotalClicks_InWeek7,0.0006835344548474896,0.0011609836840561225,0.0
429,NumberSessions_InWeek7,0.0016766057617957845,0.003565175370896983,0.0
430,Time-video-sum_InWeek7,0.0013471999379590638,0.0019121783664370019,0.0
431,Time-problem-sum_InWeek7,0.0004665748645285723,0.0024859724352936847,0.0
432,video.pause-video.speedchange-video.play_InWeek7,0.0018785276009533032,0.00028282415502307314,0.0
433,video.play-video.pause-video.load_InWeek7,0.0007967240814758639,0.001700816416531327,0.0
434,video.play-video.play-video.play_InWeek7,0.0018057236326082396,0.0004556952063280573,0.0
435,video.play-video.stop-video.play_InWeek7,0.0,0.0003758522844429645,0.002497288389712603
436,video.play-problem.check-problem.check_InWeek7,3.2974246569635274e-05,0.000665126137688313,0.0
437,video.stop-video.play-video.seek_InWeek7,0.0015697279474800806,9.271377312833097e-05,0.0
438,problem.check-problem.check-video.load_InWeek7,0.0016631272640146603,6.465802315791309e-05,0.0
439,problem.check-problem.check-problem.check_InWeek7,0.0002960930745427681,0.0005216067017760414,0.0
440,RegPeakTime-m1_InWeek7,0.0016296595414028708,0.002165339481931773,0.0
441,RegPeriodicity-m1_InWeek7,0.0007738777963129027,0.0017953353090278533,0.0
442,DelayLecture_InWeek7,0.0,0.0005364312491926357,0.007507790803755655
443,TimeSessions-sum_InWeek7,0.0005809584871790566,0.0006196932590071837,0.0
444,TimeSessions-mean_InWeek7,0.0007570215700198365,0.001808535514322003,0.0
445,TimeBetweenSessions-std_InWeek7,0.0,0.0,0.00811553366804817
446,TimeSessions-std_InWeek7,0.0,0.00033421171946545423,0.00022943140339948351
447,TotalClicks-weekday_InWeek7,0.001211711369410894,0.0004489357956484786,0.0
448,TotalClicks-weekend_InWeek7,0.0016434972837523877,0.0017496554880858158,0.0
449,RatioClicksWeekendDay_InWeek7,0.0019537482122114714,0.003383989412149079,0.0
450,AttendanceRate_InWeek7,0.0,0.00017465891383226483,0.0004019317984739134
451,UtilizationRate_InWeek7,0.0,2.903057733667356e-05,0.006974443332804471
452,WatchingRatio_InWeek7,0.0,0.0,0.00811269294199138
453,TotalClicks-video.load_InWeek7,0.001457126719796328,0.0018535613933905002,0.0
454,WeeklyProp-watched-mean_InWeek7,0.0,0.00026025264511447886,0.004540413805595112
455,WeeklyProp-replayed-mean_InWeek7,0.0,0.0,8.222112414714891e-05
456,WeeklyProp-interrupted-mean_InWeek7,0.0,0.0,0.007920845105833496
457,FrequencyEvent-video_InWeek7,0.000803396369377255,7.053528882674467e-05,0.0
458,FrequencyEvent-video.load_InWeek7,0.0014650922076318257,2.6268771085627722e-05,0.0
459,FrequencyEvent-video.play_InWeek7,0.0006142114501013323,0.001809402285203966,0.0
460,FrequencyEvent-video.pause_InWeek7,0.000867425751661825,0.0001273055413157309,0.0
461,FrequencyEvent-video.stop_InWeek7,0.0006336364321410872,0.001177293567344498,0.0
462,FrequencyEvent-video.seekbackward_InWeek7,0.0007152234101334935,0.0024246894145892126,0.0
463,FrequencyEvent-video.seekforward_InWeek7,0.0012734446224968918,0.0020290948823605197,0.0
464,SeekLength-mean_InWeek7,0.0015199600568496815,0.002348301679590084,0.0
465,SeekLength-std_InWeek7,0.0013303063852005933,0.0017605299658908283,0.0
466,PauseDuration-mean_InWeek7,0.00045098359271315537,0.0004724537790307319,0.0
467,PauseDuration-std_InWeek7,0.0006184214613595913,0.00028133132180885025,0.0
468,TimeSpeedingUp-mean_InWeek7,0.000593179249207577,5.43443436145795e-05,0.0
469,TimeSpeedingUp-std_InWeek7,0.000952644019185116,0.0023374615820866123,0.0
470,FractionSpent-video.play_InWeek7,0.0,0.0,0.0
471,FractionSpent-video.play-completed_InWeek7,0.0,9.222085731649027e-05,0.007984343078920455
472,FractionSpent-video.play-played_InWeek7,0.0,0.0,0.0
473,FrequencyEvent-video.pause-total_InWeek7,0.0017985954421151909,0.0009549051976641068,0.0
474,FractionSpent-video.pause_InWeek7,0.0,0.0002838043557910234,0.00765131875479173
475,SpeedPlayback-mean_InWeek7,0.0008077267604686962,0.00017717342383850805,0.0
476,SpeedPlayback-std_InWeek7,0.0012415976654663317,0.0022686968812983526,0.0
477,FrequencyEvent-video.seekbackward-total_InWeek7,0.001368651329097719,0.0008858823681729346,0.0
478,FrequencyEvent-video.seekforward-total_InWeek7,0.0007910123199399141,0.0013039292184492826,0.0
479,CountUniqueElement-video_InWeek7,0.0007523375324521907,0.0017800262538721415,0.0
480,ContentAlignment_InWeek7,0.0,0.00014612948871743162,0.0006307382879516685
481,ContentCoverage_InWeek7,0.000905423657564378,5.950134038405932e-05,0.0
482,ContentAnticipation_InWeek7,0.0001669889752836713,0.00029818935261184,0.0
483,StudentSpeed_InWeek7,0.0003210461265874966,0.0026364202335585796,0.0
484,StudentActiveness_InWeek7,0.0012422324106425616,0.00037538423562361316,0.0
485,StudentThoughtfulness_InWeek7,0.00042686833178365747,0.00017691072204597603,0.0
486,StudentWeeklyActiveness_InWeek7,0.0008062534772265725,0.0022480003916310835,0.0
487,WatchingIndex_InWeek7,0.0,2.5836716886877336e-05,0.008113896404897968
488,FrequencyEvent-video.play-played_InWeek7,0.0014581767955897404,2.5952120444468884e-05,0.0
489,FrequencyEvent-video.play-relative_InWeek7,0.001583419316064919,0.00043966819753300676,0.0
490,FrequencyEvent-video.pause-relative_InWeek7,0.0,0.0004943945115875823,0.007841416476051287
491,FractionSpent-video.seek-time-backward_InWeek7,0.0,0.0,0.008113085868039008
492,FractionSpent-video.seek-time-forward_InWeek7,0.000902942806819828,3.5665605273723034e-05,0.0
493,FrequencyEvent-video.seelforward-total_InWeek7,0.0013519594188941156,0.0018219857553932607,0.0
494,FrequencyEvent-video.load-relative_InWeek7,0.0,2.592272184188363e-05,0.00017049185830171555
495,TimeSolveProblem_InWeek7,0.0009472348292880503,5.995526988577656e-05,0.0
496,ObsDurationProblem-var_InWeek7,0.0018119289319776994,0.0030817637101685142,0.0
497,ObsDurationProblem-max_InWeek7,0.0006338792032690548,0.0018324321846512376,0.0
498,TimeSessions-length_InWeek7,0.0017051748739677877,0.003565175370896983,0.008115000205006332
499,TotalClicks_InWeek8,0.0009683589159136332,0.0019904096714546218,0.0
500,NumberSessions_InWeek8,0.0007251480701754743,0.0017469432646918623,0.0
501,Time-video-sum_InWeek8,0.000778501213294399,0.0022588980851052064,0.0
502,Time-problem-sum_InWeek8,0.0004951533465065514,0.0026250934191336408,0.0
503,video.pause-video.speedchange-video.play_InWeek8,0.0019172032877285419,0.0004010155310306477,0.0
504,video.play-video.pause-video.load_InWeek8,0.0005670935377486229,0.00013688802183891568,0.0
505,video.play-video.play-video.play_InWeek8,0.0015039713905257233,0.0020805961329052073,0.0
506,video.play-video.stop-video.play_InWeek8,0.0021024046374486165,0.0003451998102099037,0.0018354045504534947
507,video.play-problem.check-problem.check_InWeek8,0.0,0.0005000858807549377,0.008031569938079613
508,video.stop-video.play-video.seek_InWeek8,0.001855817779038548,9.130579321837924e-05,0.0
509,problem.check-problem.check-video.load_InWeek8,0.0020458709200360196,0.00015538066424201634,8.115583719341608e-05
510,problem.check-problem.check-problem.check_InWeek8,0.00021999666040282224,0.0006256322559743276,0.0
511,RegPeakTime-m1_InWeek8,0.0015568874643148653,0.0022888489058951085,0.0
512,RegPeriodicity-m1_InWeek8,0.000901278768673367,4.7809505765399555e-05,0.0
513,DelayLecture_InWeek8,0.0004074338050875534,0.0004580202267807477,0.0
514,TimeSessions-sum_InWeek8,0.0011293601901073412,0.0004656207912498795,0.0
515,TimeSessions-mean_InWeek8,0.0009416009251530243,0.0019381066864285338,0.0
516,TimeBetweenSessions-std_InWeek8,0.0012801485605347135,0.0016314791573689526,0.0
517,TimeSessions-std_InWeek8,0.001593165938754796,0.0003321067566554171,0.0
518,TotalClicks-weekday_InWeek8,0.0013698150204964595,0.0013739581106972812,0.0
519,TotalClicks-weekend_InWeek8,0.0011132002398408696,0.0006259170751622258,0.0
520,RatioClicksWeekendDay_InWeek8,0.0019026014452234214,0.0009450048491394972,0.0
521,AttendanceRate_InWeek8,0.0016377183552825504,0.00020535172885926615,0.0
522,UtilizationRate_InWeek8,0.000766156313324883,2.5971354733044204e-05,0.0
523,WatchingRatio_InWeek8,0.0016270876513436233,6.426197597051864e-05,0.0
524,TotalClicks-video.load_InWeek8,0.0017457424595620744,0.00162810756164902,0.0
525,WeeklyProp-watched-mean_InWeek8,0.0015956600642352916,0.00024064595536617362,0.0
526,WeeklyProp-replayed-mean_InWeek8,0.0017236444576705767,0.0020779143916429075,0.0
527,WeeklyProp-interrupted-mean_InWeek8,0.0005477626550722037,0.00018329744682593255,0.0
528,FrequencyEvent-video_InWeek8,0.0010943462038257303,0.0005974344185212065,0.0
529,FrequencyEvent-video.load_InWeek8,0.001688508128939466,0.0019133683737132855,0.0
530,FrequencyEvent-video.play_InWeek8,0.0006938992850848726,0.0019163642890312562,0.0
531,FrequencyEvent-video.pause_InWeek8,0.0010871973228573923,9.678527575796802e-05,0.0
532,FrequencyEvent-video.stop_InWeek8,0.0013068659400982444,0.0023303273470233962,0.0
533,FrequencyEvent-video.seekbackward_InWeek8,0.0008494411222671421,0.0017263738537372482,0.0
534,FrequencyEvent-video.seekforward_InWeek8,0.0009205469615692577,3.8169580696329035e-05,0.0
535,SeekLength-mean_InWeek8,0.00135137795092786,0.0019036188579569632,0.0
536,SeekLength-std_InWeek8,0.0014654730213267977,0.001834810090711939,0.0
537,PauseDuration-mean_InWeek8,0.0003433047923067508,0.0005450925653976009,0.0
538,PauseDuration-std_InWeek8,0.0008694065915797882,0.00019993733875123536,0.0
539,TimeSpeedingUp-mean_InWeek8,0.001117967632047959,0.0024379691187252903,0.0
540,TimeSpeedingUp-std_InWeek8,0.0009168787279862471,0.001790067721420599,0.0
541,FractionSpent-video.play_InWeek8,0.0018195255045292723,0.001695306271392715,0.0
542,FractionSpent-video.play-completed_InWeek8,0.00037914767164798905,0.00013137764904931412,0.0
543,FractionSpent-video.play-played_InWeek8,0.001390112138014241,0.0013903143942228366,0.0
544,FrequencyEvent-video.pause-total_InWeek8,0.0016007254382071276,0.0009411253299352898,0.0
545,FractionSpent-video.pause_InWeek8,0.000538847103255145,0.00013840841330314973,0.0
546,SpeedPlayback-mean_InWeek8,0.0012878497574114478,0.0001941859798133463,0.0
547,SpeedPlayback-std_InWeek8,0.0013325664526103,0.0015262503135556307,0.0
548,FrequencyEvent-video.seekbackward-total_InWeek8,0.0007367794263500233,0.0011176917558587234,0.0
549,FrequencyEvent-video.seekforward-total_InWeek8,0.0009562762993799128,0.002439244505409932,0.0
550,CountUniqueElement-video_InWeek8,0.0004976965432926548,0.0012614454154985003,0.0
551,ContentAlignment_InWeek8,0.0016346150691883517,0.00011454216402553098,0.0
552,ContentCoverage_InWeek8,0.00156483112423212,9.740665237944552e-05,0.0
553,ContentAnticipation_InWeek8,0.0004711688737897695,0.0002468360443326692,0.0
554,StudentSpeed_InWeek8,0.00048764410585420325,3.766109112639435e-05,0.0
555,StudentActiveness_InWeek8,0.001689339753920203,0.00044963949801747784,0.0
556,StudentThoughtfulness_InWeek8,0.0006553562191797405,0.0002250932824118241,0.0
557,StudentWeeklyActiveness_InWeek8,0.000844870342871458,0.002828365699572497,0.0
558,WatchingIndex_InWeek8,0.0014167806183277645,4.627461540599087e-05,0.0
559,FrequencyEvent-video.play-played_InWeek8,0.001338207776128817,2.5940306945894644e-05,0.0
560,FrequencyEvent-video.play-relative_InWeek8,0.0014856314947418936,0.00042966636635957087,0.0
561,FrequencyEvent-video.pause-relative_InWeek8,0.000516682997821655,0.000309599161078444,0.0
562,FractionSpent-video.seek-time-backward_InWeek8,0.0009719530543515877,0.0012392140774474497,0.0
563,FractionSpent-video.seek-time-forward_InWeek8,0.0009744386880325496,0.0011176917558587234,0.0
564,FrequencyEvent-video.seelforward-total_InWeek8,0.0013937705434322722,0.0019246846013530681,0.0
565,FrequencyEvent-video.load-relative_InWeek8,0.0015121294532728271,2.6264239114869467e-05,0.0
566,TimeSolveProblem_InWeek8,0.0010032406509849824,4.2011466223359616e-05,0.0
567,ObsDurationProblem-var_InWeek8,0.0018999752032993248,0.0012170266812158046,0.0
568,ObsDurationProblem-max_InWeek8,0.0006518540986260164,0.0018076908610383346,0.0
569,TimeSessions-length_InWeek8,0.0006344181981483324,0.0017469432646918623,0.0
570,TotalClicks_InWeek9,0.0008655580304209708,0.0020286085559778617,0.0
571,NumberSessions_InWeek9,0.0015117678510104449,0.0017643794869374354,0.0
572,Time-video-sum_InWeek9,0.0012704867306404324,0.0014768248859405616,0.0
573,Time-problem-sum_InWeek9,0.0007055849256902441,0.0012000996689465618,0.0
574,video.pause-video.speedchange-video.play_InWeek9,0.001771321610360357,0.00041245438261602397,0.0
575,video.play-video.pause-video.load_InWeek9,0.00028603472080651767,0.00015403626946552197,0.0
576,video.play-video.play-video.play_InWeek9,0.0015568463109440754,2.621615332554244e-05,0.0
577,video.play-video.stop-video.play_InWeek9,0.0,0.0004908179319908852,0.0007619399975208359
578,video.play-problem.check-problem.check_InWeek9,0.0,0.000529860518725695,0.007949643838067053
579,video.stop-video.play-video.seek_InWeek9,0.0007640860662949131,7.30964575783361e-05,0.0
580,problem.check-problem.check-video.load_InWeek9,0.0021551914017034,0.0001501850359120327,0.0
581,problem.check-problem.check-problem.check_InWeek9,0.0005863715272364567,0.0004060490089557258,0.0
582,RegPeakTime-m1_InWeek9,0.0014988224707001394,0.0011778078295492896,0.0
583,RegPeriodicity-m1_InWeek9,0.0008074380376993998,0.0020829988576982848,0.0
584,DelayLecture_InWeek9,0.0002880771657313607,0.00045100238842736985,0.0
585,TimeSessions-sum_InWeek9,0.0010581231626131428,0.0003393290838096334,0.0
586,TimeSessions-mean_InWeek9,0.0007131207666554447,0.0015065187155494204,0.0
587,TimeBetweenSessions-std_InWeek9,0.0006729393765901007,0.0030302666056449346,0.0
588,TimeSessions-std_InWeek9,0.0014402672211950348,0.0002867840999132356,0.0
589,TotalClicks-weekday_InWeek9,0.0010091466723710792,0.003160119807201201,0.0
590,TotalClicks-weekend_InWeek9,0.0010633287204917803,0.001810679639202299,0.0
591,RatioClicksWeekendDay_InWeek9,0.0015560290909067465,0.002366888157310909,0.0
592,AttendanceRate_InWeek9,0.0014267104324218675,0.00015346362578849614,0.0
593,UtilizationRate_InWeek9,0.001192423337672667,0.0014733569671974945,0.0
594,WatchingRatio_InWeek9,0.0011586515995995624,0.001136356999703237,0.0
595,TotalClicks-video.load_InWeek9,0.0015129986320090625,0.000528326617883165,0.0
596,WeeklyProp-watched-mean_InWeek9,0.0013968122487958653,0.00014935888623606033,0.0
597,WeeklyProp-replayed-mean_InWeek9,0.001613362350287942,0.00043733463067592343,0.0
598,WeeklyProp-interrupted-mean_InWeek9,0.00034900681087555633,0.0004065999032092555,0.0
599,FrequencyEvent-video_InWeek9,0.0018653772644068886,0.003277703784998156,0.0
600,FrequencyEvent-video.load_InWeek9,0.0017866573393204752,0.000992055714757704,0.0
601,FrequencyEvent-video.play_InWeek9,0.0009836279620801995,0.001930865548316859,0.0
602,FrequencyEvent-video.pause_InWeek9,0.0013369582375847454,0.00012769853144252465,0.0
603,FrequencyEvent-video.stop_InWeek9,0.0010759613730927026,0.00169513838045237,0.0
604,FrequencyEvent-video.seekbackward_InWeek9,0.0008751468389571352,0.0021641281002284895,0.0
605,FrequencyEvent-video.seekforward_InWeek9,0.000560752927219969,6.410588920242755e-05,0.0
606,SeekLength-mean_InWeek9,0.0018155990943453993,0.0027643168269574996,0.0
607,SeekLength-std_InWeek9,0.001744906863078452,0.0019147553175903496,0.0
608,PauseDuration-mean_InWeek9,0.0002194974168270558,0.00035938918587166945,0.0
609,PauseDuration-std_InWeek9,0.0005512384896462039,0.00021805833326479231,0.0
610,TimeSpeedingUp-mean_InWeek9,0.0005500059642075473,0.0019679188885542197,0.0
611,TimeSpeedingUp-std_InWeek9,0.0003566262648949389,0.0018921596579142483,0.0
612,FractionSpent-video.play_InWeek9,0.0015871058889774469,0.001670971231297289,0.0
613,FractionSpent-video.play-completed_InWeek9,0.0005390814321428283,0.0002844670572817674,0.0
614,FractionSpent-video.play-played_InWeek9,0.0013040786665601753,0.0020296238924210354,0.0
615,FrequencyEvent-video.pause-total_InWeek9,0.00165128067677771,0.0003541446725687769,0.0
616,FractionSpent-video.pause_InWeek9,0.0007269652824590273,0.00012162346246896582,0.0
617,SpeedPlayback-mean_InWeek9,0.0011388109716936466,0.0001822241262998902,0.0
618,SpeedPlayback-std_InWeek9,0.0017301344754593094,0.001668057169899667,0.0
619,FrequencyEvent-video.seekbackward-total_InWeek9,0.0016092635823854223,0.0023113049884626972,0.0
620,FrequencyEvent-video.seekforward-total_InWeek9,0.000588079123346264,5.23533663685755e-05,0.0
621,CountUniqueElement-video_InWeek9,0.0009660984906396591,0.0018171299901422638,0.0
622,ContentAlignment_InWeek9,0.0014729303800644293,0.0001588581690128379,0.0
623,ContentCoverage_InWeek9,0.0009595052804796725,0.0001295046648927568,0.0
624,ContentAnticipation_InWeek9,0.0,0.0002868310311797587,0.007534764286625311
625,StudentSpeed_InWeek9,0.00039023092823959834,7.364017218915267e-05,0.0
626,StudentActiveness_InWeek9,0.0016738805837131685,0.0002827262807284585,0.0
627,StudentThoughtfulness_InWeek9,0.0010039458420889233,0.0003052785852661552,0.0
628,StudentWeeklyActiveness_InWeek9,0.000806829001201425,0.002912430008936223,0.0
629,WatchingIndex_InWeek9,0.001119962830545901,8.170182793728433e-05,0.0
630,FrequencyEvent-video.play-played_InWeek9,0.001629877877392094,0.0024543014914071254,0.0
631,FrequencyEvent-video.play-relative_InWeek9,0.0016142746706441582,0.0004326849329280767,0.0
632,FrequencyEvent-video.pause-relative_InWeek9,0.0006355177232234494,0.0002826278092591487,0.0
633,FractionSpent-video.seek-time-backward_InWeek9,0.0009081778398992128,0.0016601455979286647,0.0
634,FractionSpent-video.seek-time-forward_InWeek9,0.000922083913230247,0.0023113049884626972,0.0
635,FrequencyEvent-video.seelforward-total_InWeek9,0.0016054459673212956,0.001892517322495861,0.0
636,FrequencyEvent-video.load-relative_InWeek9,0.001496349169536145,0.0006543127150779545,0.0
637,TimeSolveProblem_InWeek9,0.0011302791529375642,2.59445212240093e-05,0.0
638,ObsDurationProblem-var_InWeek9,0.0018199522841849764,0.002594593652948894,0.0
639,ObsDurationProblem-max_InWeek9,0.0004168931823575255,8.915479398635479e-05,0.0
640,TimeSessions-length_InWeek9,0.0010873195806237938,0.0017643794869374354,0.0
641,TotalClicks_InWeek10,0.0009320228698556267,0.0012754783686639063,0.0
642,NumberSessions_InWeek10,0.0010039758375454673,0.00169619832113521,0.0
643,Time-video-sum_InWeek10,0.0008816260126928657,0.0022450881797091136,0.0
644,Time-problem-sum_InWeek10,0.00044346702065021484,0.0007272735390343398,0.0
645,video.pause-video.speedchange-video.play_InWeek10,0.0018059033658836177,0.00032489835443989373,0.0
646,video.play-video.pause-video.load_InWeek10,0.00042187480422676573,0.00024925827453313855,0.0
647,video.play-video.play-video.play_InWeek10,0.0017664145110666512,6.465149770100925e-05,0.0
648,video.play-video.stop-video.play_InWeek10,0.0,0.0003733202973448838,0.0013662875249926384
649,video.play-problem.check-problem.check_InWeek10,0.0002756428863193914,0.0005174932840016322,0.0
650,video.stop-video.play-video.seek_InWeek10,0.0018442045497528705,2.8280277770284056e-05,0.0
651,problem.check-problem.check-video.load_InWeek10,0.0019050084948357751,7.143632251292702e-05,0.0
652,problem.check-problem.check-problem.check_InWeek10,0.00028925412349517065,0.0007190838892067717,0.0
653,RegPeakTime-m1_InWeek10,0.0014756718258690348,0.0019517204728989985,0.0
654,RegPeriodicity-m1_InWeek10,0.0007449225299435642,0.002126330995359211,0.0
655,DelayLecture_InWeek10,0.0,0.00031415570434119094,0.007787249359148559
656,TimeSessions-sum_InWeek10,0.0010278096333151288,0.000478108614029382,0.0
657,TimeSessions-mean_InWeek10,0.0007783891629929867,0.0016133316432122727,0.0
658,TimeBetweenSessions-std_InWeek10,0.0,0.0,0.0
659,TimeSessions-std_InWeek10,0.0,0.00022321229166886517,0.00013181125687535103
660,TotalClicks-weekday_InWeek10,0.001068351769997872,0.0019613787137411414,0.0
661,TotalClicks-weekend_InWeek10,0.0011921563323477964,0.0011167681543279224,0.0
662,RatioClicksWeekendDay_InWeek10,0.0008833617154914038,0.003459115708797036,0.0
663,AttendanceRate_InWeek10,0.0,0.00014179392912136188,0.00010484575744168984
664,UtilizationRate_InWeek10,0.0,0.0,0.00811269294199138
665,WatchingRatio_InWeek10,0.0,0.0,0.0001356660713663398
666,TotalClicks-video.load_InWeek10,0.0013719728280871444,0.0018713484631300542,0.0
667,WeeklyProp-watched-mean_InWeek10,0.0,8.478323368202422e-05,8.095777764681201e-05
668,WeeklyProp-replayed-mean_InWeek10,0.0,0.0,8.328314184188325e-05
669,WeeklyProp-interrupted-mean_InWeek10,0.0,0.0,0.008023038974846242
670,FrequencyEvent-video_InWeek10,0.0018885809809050605,0.003187851916057508,0.0
671,FrequencyEvent-video.load_InWeek10,0.0017949394738044078,0.0012660472275532722,0.0
672,FrequencyEvent-video.play_InWeek10,0.001382887331152407,0.001997960393443102,0.0
673,FrequencyEvent-video.pause_InWeek10,0.0014680203043920092,7.225562533458833e-05,0.0
674,FrequencyEvent-video.stop_InWeek10,0.0016098348424848157,0.002099206587497473,0.0
675,FrequencyEvent-video.seekbackward_InWeek10,0.0009358871824031731,0.0018379334668191946,0.0
676,FrequencyEvent-video.seekforward_InWeek10,0.0009590918838582819,0.0001075987202332596,0.0
677,SeekLength-mean_InWeek10,0.0018209026084412506,0.002570226380915962,0.0
678,SeekLength-std_InWeek10,0.001748883165394769,0.0013373787853546268,0.0
679,PauseDuration-mean_InWeek10,0.00036399745297427524,0.0005271588586721912,0.0
680,PauseDuration-std_InWeek10,0.0009073730230762939,0.00012345138912671624,0.0
681,TimeSpeedingUp-mean_InWeek10,0.0005345219090820532,0.0018465340208492765,0.0
682,TimeSpeedingUp-std_InWeek10,0.00039608541596189016,3.655872326184142e-05,0.0
683,FractionSpent-video.play_InWeek10,0.0,0.0,8.152819677030252e-05
684,FractionSpent-video.play-completed_InWeek10,0.0,0.000353703730562778,0.007879417348940687
685,FractionSpent-video.play-played_InWeek10,0.0,0.0,8.119125634613182e-05
686,FrequencyEvent-video.pause-total_InWeek10,0.001584224555906699,0.0006920312786993178,0.0
687,FractionSpent-video.pause_InWeek10,0.0,3.6276487863518535e-05,0.007953825279828556
688,SpeedPlayback-mean_InWeek10,0.0008459458114629372,0.0001963969180666481,0.0
689,SpeedPlayback-std_InWeek10,0.0009080169759103894,0.0019203559743042648,0.0
690,FrequencyEvent-video.seekbackward-total_InWeek10,0.0007129642133471559,0.0027813477752826133,0.0
691,FrequencyEvent-video.seekforward-total_InWeek10,0.000493653074118981,0.0001091512167201509,0.0
692,CountUniqueElement-video_InWeek10,0.0006113491608374965,0.001970958683244306,0.0
693,ContentAlignment_InWeek10,0.0,0.0001586293301672226,0.0002384695329416235
694,ContentCoverage_InWeek10,0.0013574384275077192,7.989747769890483e-05,0.0
695,ContentAnticipation_InWeek10,0.0,0.00021682184015216235,0.006755156642781158
696,StudentSpeed_InWeek10,0.0004242575845043879,0.00019081143132846157,0.0
697,StudentActiveness_InWeek10,0.0017338758319547134,0.0002703905218348539,0.0
698,StudentThoughtfulness_InWeek10,0.0014327752252435441,0.0003340203803506476,0.0
699,StudentWeeklyActiveness_InWeek10,0.000990479752399455,2.594580360856806e-05,0.0
700,WatchingIndex_InWeek10,0.0,0.00010113363446885192,0.0
701,FrequencyEvent-video.play-played_InWeek10,0.0013768771300182129,0.0027910574768770778,0.0
702,FrequencyEvent-video.play-relative_InWeek10,0.0014820717479718667,0.00038907158528806276,0.0
703,FrequencyEvent-video.pause-relative_InWeek10,0.0,0.0002562170148082496,0.007984964248114387
704,FractionSpent-video.seek-time-backward_InWeek10,0.0,0.0,0.00718090883685801
705,FractionSpent-video.seek-time-forward_InWeek10,0.0007812168176254682,0.0027813477752826133,0.0
706,FrequencyEvent-video.seelforward-total_InWeek10,0.001615222097777696,0.001880953119955674,0.0
707,FrequencyEvent-video.load-relative_InWeek10,0.0,0.0,0.00011402636541149481
708,TimeSolveProblem_InWeek10,0.0009668047727497593,0.0018455544526532778,0.0
709,ObsDurationProblem-var_InWeek10,0.0016415155190441966,0.0018963767454282343,0.0
710,ObsDurationProblem-max_InWeek10,0.00023815817010128674,0.0001325698440023128,0.0
711,TimeSessions-length_InWeek10,0.0009786376877728275,0.00169619832113521,0.0
712,TotalClicks_InWeek11,0.0013735566761877529,0.0022439163211980277,0.0
713,NumberSessions_InWeek11,0.0008379558430090758,0.0015663783944243458,0.0
714,Time-video-sum_InWeek11,0.0007438034095953233,0.001237424256474588,0.0
715,Time-problem-sum_InWeek11,0.000384390705123865,0.001089127329665196,0.0
716,video.pause-video.speedchange-video.play_InWeek11,0.0,0.00028256743184647823,0.0
717,video.play-video.pause-video.load_InWeek11,0.0004811279374923863,0.000231174122527491,0.0
718,video.play-video.play-video.play_InWeek11,0.0019862399908564766,7.917397929525843e-05,0.0
719,video.play-video.stop-video.play_InWeek11,0.0,0.00036337966198907184,0.0009967873708946078
720,video.play-problem.check-problem.check_InWeek11,2.1563874072110728e-05,0.00043406013529775656,0.007973014957340666
721,video.stop-video.play-video.seek_InWeek11,0.00215931698825652,6.530829768152939e-05,0.0
722,problem.check-problem.check-video.load_InWeek11,0.0018867801224566971,2.51171645761928e-05,0.0
723,problem.check-problem.check-problem.check_InWeek11,0.00027187639773084674,0.0008908404756099723,0.0
724,RegPeakTime-m1_InWeek11,0.0015382012806319548,0.0021802945961819143,0.0
725,RegPeriodicity-m1_InWeek11,0.0004476579550475404,0.0013297159356943347,0.0
726,DelayLecture_InWeek11,0.0,0.0002549706827134618,0.007929879318964585
727,TimeSessions-sum_InWeek11,0.0014724409898735822,0.0003347134173825064,0.0
728,TimeSessions-mean_InWeek11,0.0003562939391138045,0.0007501827937146953,0.0
729,TimeBetweenSessions-std_InWeek11,0.0,0.0,0.005297962065642309
730,TimeSessions-std_InWeek11,0.0,0.00024482847988700605,0.0
731,TotalClicks-weekday_InWeek11,0.0014469347110389482,0.0009315682387396767,0.0
732,TotalClicks-weekend_InWeek11,0.0014578123454203592,0.0006224848885009723,0.0
733,RatioClicksWeekendDay_InWeek11,0.0015038927811050742,0.003227309812568361,0.0
734,AttendanceRate_InWeek11,0.0,0.00010442266453887775,0.0
735,UtilizationRate_InWeek11,0.0,0.0,0.008061370545196029
736,WatchingRatio_InWeek11,0.0,0.0,8.231385033860726e-05
737,TotalClicks-video.load_InWeek11,0.0016909431155083246,0.0018075527915385383,0.0
738,WeeklyProp-watched-mean_InWeek11,0.0,4.6922115691242504e-05,7.916651495790337e-05
739,WeeklyProp-replayed-mean_InWeek11,0.0,0.0,0.0001159397260648301
740,WeeklyProp-interrupted-mean_InWeek11,0.0,0.0,0.007744511524616891
741,FrequencyEvent-video_InWeek11,0.0011044965468330462,0.002902242465366848,0.0
742,FrequencyEvent-video.load_InWeek11,0.0018793188673869908,0.0005225361975565317,0.0
743,FrequencyEvent-video.play_InWeek11,0.0016052729411515877,0.001700460976731483,0.0
744,FrequencyEvent-video.pause_InWeek11,0.0018469382892653877,4.690560272644919e-05,0.0
745,FrequencyEvent-video.stop_InWeek11,0.0010573029143820599,0.001363961295691707,0.0
746,FrequencyEvent-video.seekbackward_InWeek11,0.0014417002334364498,0.0017385791738585862,0.0
747,FrequencyEvent-video.seekforward_InWeek11,0.0008689698829025478,0.00012857293735489133,0.0
748,SeekLength-mean_InWeek11,0.0007268894394706507,0.0021966107237731233,0.0
749,SeekLength-std_InWeek11,0.0017382055466542007,0.0008679942530998838,0.0
750,PauseDuration-mean_InWeek11,0.00032970321299236564,0.00031087285803178545,0.0
751,PauseDuration-std_InWeek11,0.0004960868708259974,2.6549621750969208e-05,0.0
752,TimeSpeedingUp-mean_InWeek11,0.000434927560250059,0.0013700172123596844,0.0
753,TimeSpeedingUp-std_InWeek11,0.0005059295197193457,7.416558106932343e-05,0.0
754,FractionSpent-video.play_InWeek11,0.0,0.0,8.36800051346556e-05
755,FractionSpent-video.play-completed_InWeek11,0.0,0.0003457618347820781,0.007967886818318918
756,FractionSpent-video.play-played_InWeek11,0.0,0.0,0.005888498922230374
757,FrequencyEvent-video.pause-total_InWeek11,0.0019365714167310206,0.0009465564155641536,0.0
758,FractionSpent-video.pause_InWeek11,0.0,0.0,0.0051294185450481335
759,SpeedPlayback-mean_InWeek11,0.0005746543459921031,0.00011991996499172965,0.0
760,SpeedPlayback-std_InWeek11,0.0013729738666457237,0.001950235304909395,0.0
761,FrequencyEvent-video.seekbackward-total_InWeek11,0.0013366852378246552,0.0012942307398721561,0.0
762,FrequencyEvent-video.seekforward-total_InWeek11,0.00017929496837877618,0.00013539981313240258,0.0
763,CountUniqueElement-video_InWeek11,0.0004764193528849381,0.0025495297579559784,0.0
764,ContentAlignment_InWeek11,0.0,0.000133713569782721,0.000338166519622151
765,ContentCoverage_InWeek11,0.0016986035711014844,0.00012612937458945215,0.0
766,ContentAnticipation_InWeek11,0.0,0.00016094178475005476,0.008113635123737256
767,StudentSpeed_InWeek11,0.0004093233415150884,0.0002246850097508907,0.0
768,StudentActiveness_InWeek11,0.0019229764418254452,0.00026282453963146233,0.0
769,StudentThoughtfulness_InWeek11,0.0017256817082542367,0.00035453554626883004,0.0
770,StudentWeeklyActiveness_InWeek11,0.0008492586541958691,3.468978969491342e-05,0.0
771,WatchingIndex_InWeek11,0.0,9.880614987950006e-05,8.115583719341608e-05
772,FrequencyEvent-video.play-played_InWeek11,0.001849281287377499,0.0010826158936171617,0.0
773,FrequencyEvent-video.play-relative_InWeek11,0.001895267968155315,0.000350730507424188,0.0
774,FrequencyEvent-video.pause-relative_InWeek11,0.0,0.0001467694069620981,0.008034494031091487
775,FractionSpent-video.seek-time-backward_InWeek11,0.0,0.0,0.0
776,FractionSpent-video.seek-time-forward_InWeek11,0.0003333587094538103,0.0012942307398721561,0.0
777,FrequencyEvent-video.seelforward-total_InWeek11,0.001278078349659158,0.0015151657998486424,0.0
778,FrequencyEvent-video.load-relative_InWeek11,0.0,0.0,0.0
779,TimeSolveProblem_InWeek11,0.0006671392143477467,0.0011174346137087959,0.0
780,ObsDurationProblem-var_InWeek11,0.0012196611935673671,0.0007752977107992941,0.0
781,ObsDurationProblem-max_InWeek11,0.0003391004989580174,0.0001724885010964972,0.0
782,TimeSessions-length_InWeek11,0.0007973699648035465,0.0015663783944243458,0.0
783,TotalClicks_InWeek12,0.000833839913601393,0.0012173491723535732,0.0
784,NumberSessions_InWeek12,0.0007746101759522303,0.001049948423200935,0.0
785,Time-video-sum_InWeek12,0.0009342822714382262,0.0006429368728012284,0.0
786,Time-problem-sum_InWeek12,0.00029893574278677166,0.0025320469476949304,0.0
787,video.pause-video.speedchange-video.play_InWeek12,0.002120807848316851,0.000184269586300965,0.0002866156071040913
788,video.play-video.pause-video.load_InWeek12,0.0001972888730286107,0.0006205238787149996,0.0
789,video.play-video.play-video.play_InWeek12,0.0018937208887792518,9.729222629809158e-05,0.0
790,video.play-video.stop-video.play_InWeek12,0.0,0.00031766254170722576,0.00033825232030643766
791,video.play-problem.check-problem.check_InWeek12,0.0,0.0003103185801236467,0.007828100846061415
792,video.stop-video.play-video.seek_InWeek12,0.0006383316142102501,0.0,0.0
793,problem.check-problem.check-video.load_InWeek12,0.0019824789813850715,0.00011547032303698673,0.0
794,problem.check-problem.check-problem.check_InWeek12,0.0002363416821419102,0.000657090402418901,0.0
795,RegPeakTime-m1_InWeek12,0.0018403759393552119,0.001812837169461984,0.0
796,RegPeriodicity-m1_InWeek12,0.0005364704034132576,0.0017348369520574962,0.0
797,DelayLecture_InWeek12,0.0,0.0002115065332370751,0.0
798,TimeSessions-sum_InWeek12,0.0011014558530973977,0.0001570369084770472,0.0
799,TimeSessions-mean_InWeek12,0.0009093856778804118,0.0024554273940747624,0.0
800,TimeBetweenSessions-std_InWeek12,0.0,0.0,8.123829158172091e-05
801,TimeSessions-std_InWeek12,0.0,0.0001576196281845549,0.00014303099390604795
802,TotalClicks-weekday_InWeek12,0.0005665319226889937,0.001973121450224725,0.0
803,TotalClicks-weekend_InWeek12,0.0007722419989407951,0.00047913590002591057,0.0
804,RatioClicksWeekendDay_InWeek12,0.0006519963656081754,4.5838928642811294e-05,0.0
805,AttendanceRate_InWeek12,0.0,0.0,0.00811553366804817
806,UtilizationRate_InWeek12,0.0,0.0,0.008061217097132345
807,WatchingRatio_InWeek12,0.0,0.0,0.0
808,TotalClicks-video.load_InWeek12,0.0019120210951141551,0.0006202524296834161,0.0
809,WeeklyProp-watched-mean_InWeek12,0.0,2.6091877720967005e-05,0.0002596427343612276
810,WeeklyProp-replayed-mean_InWeek12,0.0,0.0,0.0
811,WeeklyProp-interrupted-mean_InWeek12,0.0,0.0,0.007834842125212882
812,FrequencyEvent-video_InWeek12,0.0011402853563795045,0.00251141947819591,0.0
813,FrequencyEvent-video.load_InWeek12,0.001880733827463484,0.001893286174485205,0.0
814,FrequencyEvent-video.play_InWeek12,0.0018563777261758566,0.0023154036587760256,0.0
815,FrequencyEvent-video.pause_InWeek12,0.0019403172699598956,2.594566159344742e-05,0.0
816,FrequencyEvent-video.stop_InWeek12,0.0015276264892327565,0.0007885004606854203,0.0
817,FrequencyEvent-video.seekbackward_InWeek12,0.0007727149827015886,0.001011239041284965,0.0
818,FrequencyEvent-video.seekforward_InWeek12,0.0011151387694024403,0.00017582803181460737,0.0
819,SeekLength-mean_InWeek12,0.0011985624283008933,0.002683828866541718,0.0
820,SeekLength-std_InWeek12,0.0016043367453830756,0.0003415686129874064,0.0
821,PauseDuration-mean_InWeek12,0.0008008268858235488,5.9895173992498084e-05,0.0
822,PauseDuration-std_InWeek12,0.0009455623472718938,2.417548849983479e-05,0.0
823,TimeSpeedingUp-mean_InWeek12,0.0008049552493194037,0.0016943207124217655,0.0
824,TimeSpeedingUp-std_InWeek12,0.00046802002057174004,0.00012444958143769804,0.0
825,FractionSpent-video.play_InWeek12,0.0,0.0,0.004294293101658637
826,FractionSpent-video.play-completed_InWeek12,0.0,0.0003308849770769789,0.008116578920580524
827,FractionSpent-video.play-played_InWeek12,0.0,0.0,0.008115907514200237
828,FrequencyEvent-video.pause-total_InWeek12,0.001717193216440627,0.002869733147844107,0.0
829,FractionSpent-video.pause_InWeek12,0.0,0.0,0.008009233372066108
830,SpeedPlayback-mean_InWeek12,0.0009271219571656291,8.2152933429587e-05,0.0
831,SpeedPlayback-std_InWeek12,0.0011490964331586876,4.169122377543526e-05,0.0
832,FrequencyEvent-video.seekbackward-total_InWeek12,0.0013580179142567176,0.001647545689544925,0.0
833,FrequencyEvent-video.seekforward-total_InWeek12,0.00019914289668214745,0.0002418503820493401,0.0
834,CountUniqueElement-video_InWeek12,0.000525645701643272,0.003088860012292525,0.0
835,ContentAlignment_InWeek12,0.0,8.005165884217099e-05,0.0002000422584784426
836,ContentCoverage_InWeek12,0.0013233188166880783,0.00013719588045674636,0.0
837,ContentAnticipation_InWeek12,0.0,0.00014431351957922358,0.008114587342926324
838,StudentSpeed_InWeek12,0.0002679363437286938,0.00025509328116199605,0.0
839,StudentActiveness_InWeek12,0.0018806668265365883,0.00026635945106762946,0.0
840,StudentThoughtfulness_InWeek12,0.0018855113169675402,0.0003334743523294663,0.0
841,StudentWeeklyActiveness_InWeek12,0.0006653628287514278,4.713489036782735e-05,0.0
842,WatchingIndex_InWeek12,0.0,7.485157616935587e-05,0.0
843,FrequencyEvent-video.play-played_InWeek12,0.001970239770744478,0.0007590075947740915,0.0
844,FrequencyEvent-video.play-relative_InWeek12,0.0012930966672396907,0.0002951640816458324,0.0
845,FrequencyEvent-video.pause-relative_InWeek12,0.0,0.00013010125967262117,0.008050600362591063
846,FractionSpent-video.seek-time-backward_InWeek12,0.0,0.0,0.005784173986415385
847,FractionSpent-video.seek-time-forward_InWeek12,0.0009815043066987185,0.001647545689544925,0.0
848,FrequencyEvent-video.seelforward-total_InWeek12,0.0017509306239220182,0.0035169974159874827,0.0
849,FrequencyEvent-video.load-relative_InWeek12,0.0,0.0,0.0
850,TimeSolveProblem_InWeek12,0.0002296520619606057,0.0025320469476949304,0.0
851,ObsDurationProblem-var_InWeek12,0.0006151530215629567,0.00104546571230604,0.0
852,ObsDurationProblem-max_InWeek12,0.0002534479399503107,0.00022797648101657422,0.0
853,TimeSessions-length_InWeek12,0.0006969465031780849,0.001049948423200935,0.0
854,TotalClicks_InWeek13,0.0007969478481153461,0.003508513875619241,0.0
855,NumberSessions_InWeek13,0.0011618391535122613,0.0016238681275464564,0.0
856,Time-video-sum_InWeek13,0.0007201197401779247,0.002375908744710834,0.0
857,Time-problem-sum_InWeek13,0.00041695198660694944,0.0018333130905089246,0.0
858,video.pause-video.speedchange-video.play_InWeek13,0.002203142555733438,0.00017323178373784929,0.0
859,video.play-video.pause-video.load_InWeek13,0.00012279675854205948,0.0005570442862333157,0.0
860,video.play-video.play-video.play_InWeek13,0.0017979714658955708,0.00014415584362873488,0.0
861,video.play-video.stop-video.play_InWeek13,0.0013164484012228488,0.00019384146836844094,0.0001399089149157099
862,video.play-problem.check-problem.check_InWeek13,0.0,0.00018727326555191602,0.007980083672988312
863,video.stop-video.play-video.seek_InWeek13,0.0,3.238391077170548e-05,0.0
864,problem.check-problem.check-video.load_InWeek13,0.0015435909027872918,0.00023117042063556717,0.0
865,problem.check-problem.check-problem.check_InWeek13,0.00024084944627095705,0.00026659183924282557,0.0
866,RegPeakTime-m1_InWeek13,0.001629608860767098,0.001846403200131691,0.0
867,RegPeriodicity-m1_InWeek13,0.0004396844889647654,0.0013159426133396255,0.0
868,DelayLecture_InWeek13,0.0,0.0003826717358337397,7.970227351733647e-05
869,TimeSessions-sum_InWeek13,0.0012297588485169174,8.634658975360923e-05,0.0
870,TimeSessions-mean_InWeek13,0.0006173442717534745,0.0018722558801193448,0.0
871,TimeBetweenSessions-std_InWeek13,0.0,0.0,0.00027079632442662073
872,TimeSessions-std_InWeek13,0.0,0.00011389402233143286,0.0
873,TotalClicks-weekday_InWeek13,0.0011238431699829767,0.0007133473894810892,0.0
874,TotalClicks-weekend_InWeek13,0.0010373941117456892,5.4863677344235286e-05,0.0
875,RatioClicksWeekendDay_InWeek13,0.001285164131671016,0.0002326164579877677,0.0
876,AttendanceRate_InWeek13,0.0,0.0,0.0
877,UtilizationRate_InWeek13,0.0,0.0,0.008066191150908451
878,WatchingRatio_InWeek13,0.0,0.0,0.0
879,TotalClicks-video.load_InWeek13,0.0018604488512706063,0.0011647252796741956,0.0
880,WeeklyProp-watched-mean_InWeek13,0.0,0.0,0.00015537280769321627
881,WeeklyProp-replayed-mean_InWeek13,0.0,0.0,0.0
882,WeeklyProp-interrupted-mean_InWeek13,0.0,0.0,0.00794993024817481
883,FrequencyEvent-video_InWeek13,0.00171934898268502,0.0030748353467287947,0.0
884,FrequencyEvent-video.load_InWeek13,0.001868074887261208,0.0014973942161849378,0.0
885,FrequencyEvent-video.play_InWeek13,0.0015784310907861537,0.0018631745960064063,0.0
886,FrequencyEvent-video.pause_InWeek13,0.0017747206676499258,0.00200182290411474,0.0
887,FrequencyEvent-video.stop_InWeek13,0.0015516364098617402,0.0016709543993836784,0.0
888,FrequencyEvent-video.seekbackward_InWeek13,0.0013656679392518728,0.001624775712323122,0.0
889,FrequencyEvent-video.seekforward_InWeek13,0.0013240882692404712,0.00018963917492586803,0.0
890,SeekLength-mean_InWeek13,0.0014671844799507355,0.0029909222005557157,0.0
891,SeekLength-std_InWeek13,0.0017206131088313584,0.0010458572908341299,0.0
892,PauseDuration-mean_InWeek13,0.0009506765724645652,0.002084254879945896,0.0
893,PauseDuration-std_InWeek13,0.0005508034079798204,0.0026038651094931146,0.0
894,TimeSpeedingUp-mean_InWeek13,0.00036409133201312525,0.0014658916657832332,0.0
895,TimeSpeedingUp-std_InWeek13,0.0005799558593203394,0.00015348196679238821,0.0
896,FractionSpent-video.play_InWeek13,0.0,0.0,0.004483784159792968
897,FractionSpent-video.play-completed_InWeek13,0.0,0.00022853563907263577,0.008025303016278492
898,FractionSpent-video.play-played_InWeek13,0.0,0.0,0.008113593949612507
899,FrequencyEvent-video.pause-total_InWeek13,0.0015116184581680948,0.00043020859487314414,0.0
900,FractionSpent-video.pause_InWeek13,0.0,0.0,0.008114943277105876
901,SpeedPlayback-mean_InWeek13,0.0009767904786471392,2.8425260689419073e-05,0.0
902,SpeedPlayback-std_InWeek13,0.0012471595272973456,0.0018408717952479426,0.0
903,FrequencyEvent-video.seekbackward-total_InWeek13,0.0005562267170063586,0.0018516219115775857,0.0
904,FrequencyEvent-video.seekforward-total_InWeek13,0.0006116583974243547,0.0003226252022562329,0.0
905,CountUniqueElement-video_InWeek13,0.0004199268111867733,0.001599341820587643,0.0
906,ContentAlignment_InWeek13,0.0,0.0,0.0002029833401852544
907,ContentCoverage_InWeek13,0.0015794740885434937,0.00017946475266222218,0.0
908,ContentAnticipation_InWeek13,0.0,0.00014591421410769623,0.008114943277105876
909,StudentSpeed_InWeek13,0.0002790995239860509,0.0002933526247272998,0.0
910,StudentActiveness_InWeek13,0.0018024284499619208,0.0002147993760342944,0.0
911,StudentThoughtfulness_InWeek13,0.001622659278487643,0.000223356154830865,0.0
912,StudentWeeklyActiveness_InWeek13,0.0005804375270757741,3.1273166737333925e-05,0.0
913,WatchingIndex_InWeek13,0.0,0.00011106847273845968,0.008114212500321598
914,FrequencyEvent-video.play-played_InWeek13,0.0018680201144027713,0.001932417283906759,0.0
915,FrequencyEvent-video.play-relative_InWeek13,0.0017968808020657426,0.00014867262928944236,0.0
916,FrequencyEvent-video.pause-relative_InWeek13,0.0,0.0,0.0
917,FractionSpent-video.seek-time-backward_InWeek13,0.0,0.0,0.008113773072858125
918,FractionSpent-video.seek-time-forward_InWeek13,0.000481367806037961,0.0018516219115775857,0.0
919,FrequencyEvent-video.seelforward-total_InWeek13,0.0016183148110931658,0.002371520671128039,0.0
920,FrequencyEvent-video.load-relative_InWeek13,0.0,0.0,0.0
921,TimeSolveProblem_InWeek13,0.0004955251359935349,0.0018400028215793912,0.0
922,ObsDurationProblem-var_InWeek13,0.00024834400683335583,7.643276815673434e-05,0.0
923,ObsDurationProblem-max_InWeek13,0.00024091733999522414,0.00024620276102969293,0.0
924,TimeSessions-length_InWeek13,0.0011006592608655728,0.0016238681275464564,0.0
925,TotalClicks_InWeek14,0.0010915888167128914,0.002046733881998441,0.0
926,NumberSessions_InWeek14,0.0008220094777051081,0.001895002665735518,0.0
927,Time-video-sum_InWeek14,0.0005528192894645801,0.0027178387307248,0.0
928,Time-problem-sum_InWeek14,0.0003763511047222353,0.0017132307182579276,0.0
929,video.pause-video.speedchange-video.play_InWeek14,0.002202214487900903,0.00011014215975219582,0.0
930,video.play-video.pause-video.load_InWeek14,0.000730411943034493,0.0005747593677231582,0.0
931,video.play-video.play-video.play_InWeek14,0.001956830456169129,0.00011416659728704509,0.0
932,video.play-video.stop-video.play_InWeek14,0.0020245113109403,0.00014687640616244409,8.142162913778576e-05
933,video.play-problem.check-problem.check_InWeek14,0.0,0.00012723320642505148,0.008115829801355078
934,video.stop-video.play-video.seek_InWeek14,0.0015923188141441598,4.156810244561831e-05,0.0
935,problem.check-problem.check-video.load_InWeek14,0.0010321223121262416,3.2912798196101126e-05,0.0
936,problem.check-problem.check-problem.check_InWeek14,0.0004607629920043776,0.00011649242405684949,0.0
937,RegPeakTime-m1_InWeek14,0.0014581500061474331,0.002726316627727272,0.0
938,RegPeriodicity-m1_InWeek14,0.0006624801507248551,0.0011128957990790493,0.0
939,DelayLecture_InWeek14,0.0,0.0004234430497523298,0.007984772360953874
940,TimeSessions-sum_InWeek14,0.001477759113865466,0.002161731579153691,0.0
941,TimeSessions-mean_InWeek14,0.000913267396488698,0.0011895830715074483,0.0
942,TimeBetweenSessions-std_InWeek14,0.0,0.0,0.00811677852297119
943,TimeSessions-std_InWeek14,0.0,6.332451744147365e-05,0.0
944,TotalClicks-weekday_InWeek14,0.0006168859478486859,0.0017722550167715376,0.0
945,TotalClicks-weekend_InWeek14,0.0016426760204280874,8.128612277406563e-05,0.0
946,RatioClicksWeekendDay_InWeek14,0.0007230795178513406,3.761598322314953e-05,0.0
947,AttendanceRate_InWeek14,0.0,0.0,8.093693826826092e-05
948,UtilizationRate_InWeek14,0.0,0.0,0.008065763825337168
949,WatchingRatio_InWeek14,0.0,0.0,0.00811651273102682
950,TotalClicks-video.load_InWeek14,0.0017320694388784333,0.0020710087002302267,0.0
951,WeeklyProp-watched-mean_InWeek14,0.0,0.0,0.0
952,WeeklyProp-replayed-mean_InWeek14,0.0,0.0,7.973438289988993e-05
953,WeeklyProp-interrupted-mean_InWeek14,0.0,0.0,0.008114651218322723
954,FrequencyEvent-video_InWeek14,0.0010589532318074065,0.0023244205806314984,0.0
955,FrequencyEvent-video.load_InWeek14,0.0017724879225557296,0.0014769914089598848,0.0
956,FrequencyEvent-video.play_InWeek14,0.001352273486855177,0.0018302255149008342,0.0
957,FrequencyEvent-video.pause_InWeek14,0.00158254213120457,0.0019913819621085824,0.0
958,FrequencyEvent-video.stop_InWeek14,0.0010786939077327624,0.001871845030579065,0.0
959,FrequencyEvent-video.seekbackward_InWeek14,0.0011676060280750868,0.002344383978834564,0.0
960,FrequencyEvent-video.seekforward_InWeek14,0.0011406420029993751,0.00017396515073351458,0.0
961,SeekLength-mean_InWeek14,0.001193601739030926,0.0031250921456188324,0.0
962,SeekLength-std_InWeek14,0.0017121027045670617,0.0020237930554186066,0.0
963,PauseDuration-mean_InWeek14,0.0007099130331433802,0.002580090689545048,0.0
964,PauseDuration-std_InWeek14,0.0007667122736787624,0.0015679275999508585,0.0
965,TimeSpeedingUp-mean_InWeek14,0.00029471706275333736,0.0025585218228362213,0.0
966,TimeSpeedingUp-std_InWeek14,0.00043315884848248187,0.00013656924420503145,0.0
967,FractionSpent-video.play_InWeek14,0.0,0.0,0.008116578920580524
968,FractionSpent-video.play-completed_InWeek14,0.0,0.00015784714562782539,0.008093740449864743
969,FractionSpent-video.play-played_InWeek14,0.0,0.0,8.33808871787964e-05
970,FrequencyEvent-video.pause-total_InWeek14,0.0010365191946851695,0.001986388441814146,0.0
971,FractionSpent-video.pause_InWeek14,0.0,0.0,0.008114415043223933
972,SpeedPlayback-mean_InWeek14,0.0010064679511438098,2.6165536140101463e-05,0.0
973,SpeedPlayback-std_InWeek14,0.000531178047569541,0.0018221629972230398,0.0
974,FrequencyEvent-video.seekbackward-total_InWeek14,0.000751336112192491,0.0024298453547793187,0.0
975,FrequencyEvent-video.seekforward-total_InWeek14,0.0007209825349399758,0.00029511224643785075,0.0
976,CountUniqueElement-video_InWeek14,0.0006013518545378696,0.0020436496458881184,0.0
977,ContentAlignment_InWeek14,0.0,0.0,8.115583719341608e-05
978,ContentCoverage_InWeek14,0.0015965295226720204,0.00012893030113693104,0.0
979,ContentAnticipation_InWeek14,0.0,0.00014148045312099063,0.0
980,StudentSpeed_InWeek14,0.0005918051853455993,0.00026675150794639655,0.0
981,StudentActiveness_InWeek14,0.0018279404652071884,0.00020728326415810286,0.0
982,StudentThoughtfulness_InWeek14,0.0014184448951936905,0.00011523982760811312,0.0
983,StudentWeeklyActiveness_InWeek14,0.0004234288977012843,5.686817717062902e-05,0.0
984,WatchingIndex_InWeek14,0.0,0.00010626859848180153,0.0
985,FrequencyEvent-video.play-played_InWeek14,0.0015220767460131515,0.0015543054005209523,0.0
986,FrequencyEvent-video.play-relative_InWeek14,0.0014549970979447443,0.00010332306126511867,0.0
987,FrequencyEvent-video.pause-relative_InWeek14,0.0,0.0,0.0
988,FractionSpent-video.seek-time-backward_InWeek14,0.0,0.0,0.0
989,FractionSpent-video.seek-time-forward_InWeek14,0.0009553175576208019,0.0024298453547793187,0.0
990,FrequencyEvent-video.seelforward-total_InWeek14,0.001435707013337866,0.0018646116222184803,0.0
991,FrequencyEvent-video.load-relative_InWeek14,0.0,0.0,0.0
992,TimeSolveProblem_InWeek14,0.00044642468394294547,0.003249863313285052,0.0
993,ObsDurationProblem-var_InWeek14,0.0003893049122324401,0.0001142953241801339,0.0
994,ObsDurationProblem-max_InWeek14,0.00019290933555348323,0.00024561059958394293,0.0
995,TimeSessions-length_InWeek14,0.001111261093325025,0.001895002665735518,0.0
996,TotalClicks_InWeek15,0.0012355465834043013,0.0,0.0
997,NumberSessions_InWeek15,0.0008914499475847526,0.0,0.0
998,Time-video-sum_InWeek15,0.0010542831306745068,0.0,0.0
999,Time-problem-sum_InWeek15,0.0,0.0,0.007897179895916042
1000,video.pause-video.speedchange-video.play_InWeek15,0.0012434006392170929,7.656348469915397e-05,8.119125634613182e-05
1001,video.play-video.pause-video.load_InWeek15,0.0,0.0003632976161210228,0.007865068504093797
1002,video.play-video.play-video.play_InWeek15,0.0,0.0001321258201901491,0.00022494584092259615
1003,video.play-video.stop-video.play_InWeek15,0.0,0.00010581630430616457,0.0008722993131583896
1004,video.play-problem.check-problem.check_InWeek15,0.0,0.00011227568819837253,0.007790301368610246
1005,video.stop-video.play-video.seek_InWeek15,0.0,0.0,9.946602043465175e-05
1006,problem.check-problem.check-video.load_InWeek15,0.0,7.07043740064958e-05,0.005593004202894277
1007,problem.check-problem.check-problem.check_InWeek15,0.0,0.0,0.007771768760667423
1008,RegPeakTime-m1_InWeek15,0.0009161498729264987,0.0,0.0
1009,RegPeriodicity-m1_InWeek15,0.0010855520515228089,0.0,0.0
1010,DelayLecture_InWeek15,0.0,0.00020789515228631899,0.008116843106137526
1011,TimeSessions-sum_InWeek15,0.0010163265448759258,0.0,0.0
1012,TimeSessions-mean_InWeek15,0.0008144412609398925,0.0,0.0
1013,TimeBetweenSessions-std_InWeek15,0.0,0.0,0.00015723493613039758
1014,TimeSessions-std_InWeek15,0.0,3.0627592347817637e-05,0.0
1015,TotalClicks-weekday_InWeek15,0.0007391111149986445,0.0,0.0
1016,TotalClicks-weekend_InWeek15,0.0,0.00011605561490145407,0.008117133685389827
1017,RatioClicksWeekendDay_InWeek15,0.0,0.0001166061002034641,0.0
1018,AttendanceRate_InWeek15,0.0,0.0,0.0
1019,UtilizationRate_InWeek15,0.0,0.0,0.0080480352223197
1020,WatchingRatio_InWeek15,0.0,0.0,0.00021522147646198833
1021,TotalClicks-video.load_InWeek15,0.000906265287266921,0.0,0.0
1022,WeeklyProp-watched-mean_InWeek15,0.0,0.0,8.193449346335464e-05
1023,WeeklyProp-replayed-mean_InWeek15,0.0,0.0,9.815791598054437e-05
1024,WeeklyProp-interrupted-mean_InWeek15,0.0,0.0,0.008115939617874691
1025,FrequencyEvent-video_InWeek15,0.0013255290529322905,0.0,0.0
1026,FrequencyEvent-video.load_InWeek15,0.001028175283449225,6.275020728751179e-05,0.000142462392427176
1027,FrequencyEvent-video.play_InWeek15,0.00075699461834732,0.0,0.0
1028,FrequencyEvent-video.pause_InWeek15,0.00136418169635256,0.0,0.0
1029,FrequencyEvent-video.stop_InWeek15,0.0,3.2474840664563875e-05,0.0
1030,FrequencyEvent-video.seekbackward_InWeek15,0.0013744137784755272,0.0,0.0
1031,FrequencyEvent-video.seekforward_InWeek15,0.0,0.00021032926794846632,0.0
1032,SeekLength-mean_InWeek15,0.000924336784850409,0.0,0.0
1033,SeekLength-std_InWeek15,0.0,0.0,0.00027531194814244475
1034,PauseDuration-mean_InWeek15,0.0009873121431762388,0.0,0.0
1035,PauseDuration-std_InWeek15,0.0,0.0,0.00811578983020649
1036,TimeSpeedingUp-mean_InWeek15,0.00105670654510558,0.0,0.00805534585279856
1037,TimeSpeedingUp-std_InWeek15,0.0009009483693741162,0.0002003936259641266,0.0
1038,FractionSpent-video.play_InWeek15,0.0,0.0,0.004131916099393577
1039,FractionSpent-video.play-completed_InWeek15,0.0,8.566959068801934e-05,0.0058816749520640334
1040,FractionSpent-video.play-played_InWeek15,0.0,0.0,0.0
1041,FrequencyEvent-video.pause-total_InWeek15,0.001137986848519592,0.0,0.0
1042,FractionSpent-video.pause_InWeek15,0.0,0.0,0.007934215647208183
1043,SpeedPlayback-mean_InWeek15,0.0005042882809441511,0.0,0.0
1044,SpeedPlayback-std_InWeek15,0.001260684966350029,0.0,0.0
1045,FrequencyEvent-video.seekbackward-total_InWeek15,0.0009598614012870156,0.0,0.0
1046,FrequencyEvent-video.seekforward-total_InWeek15,0.0,0.000229392320796324,0.00771420126625732
1047,CountUniqueElement-video_InWeek15,0.0012812961919128826,0.0,0.0
1048,ContentAlignment_InWeek15,0.0,0.0,0.0001389075274758159
1049,ContentCoverage_InWeek15,0.0016546827433809692,0.00012713148952756662,0.0
1050,ContentAnticipation_InWeek15,0.0,0.00014497347820013374,0.008112528423869274
1051,StudentSpeed_InWeek15,0.0,0.0001826269718675198,0.007952564781201349
1052,StudentActiveness_InWeek15,0.0,0.00015332111317159253,0.0001971988570769952
1053,StudentThoughtfulness_InWeek15,0.0,0.000129803959571988,0.0
1054,StudentWeeklyActiveness_InWeek15,0.0,6.173649092267086e-05,0.008091785491115775
1055,WatchingIndex_InWeek15,0.0,8.609551979978642e-05,0.0
1056,FrequencyEvent-video.play-played_InWeek15,0.0010630658018311444,0.0,0.0
1057,FrequencyEvent-video.play-relative_InWeek15,0.001431201793488633,3.875733119360944e-05,0.0
1058,FrequencyEvent-video.pause-relative_InWeek15,0.0,0.0,0.008116274588419767
1059,FractionSpent-video.seek-time-backward_InWeek15,0.0,0.0,7.910333165496814e-05
1060,FractionSpent-video.seek-time-forward_InWeek15,0.0015014743653850254,0.0,0.008117059876439797
1061,FrequencyEvent-video.seelforward-total_InWeek15,0.0012208718481273111,0.0,0.0
1062,FrequencyEvent-video.load-relative_InWeek15,0.0,0.0,0.006348429972746721
1063,TimeSolveProblem_InWeek15,0.0,0.0,0.007833587777803547
1064,ObsDurationProblem-var_InWeek15,0.0,0.000151894916880423,0.007836613955063514
1065,ObsDurationProblem-max_InWeek15,0.0,0.00022936782933351583,0.007368382965270727
1066,TimeSessions-length_InWeek15,0.0010084931499186923,0.0,0.0
1067,TotalClicks_InWeek16,0.0,0.0,0.0
1068,NumberSessions_InWeek16,0.0,0.0,0.008116997421896345
1069,Time-video-sum_InWeek16,0.0,0.0,0.0
1070,Time-problem-sum_InWeek16,0.0,0.0,0.008116108867287525
1071,video.pause-video.speedchange-video.play_InWeek16,0.0,0.0,8.132946848448544e-05
1072,video.play-video.pause-video.load_InWeek16,0.0,0.00033495467179673835,0.008050560912837018
1073,video.play-video.play-video.play_InWeek16,0.0,0.000129871847106915,0.0001773548067170287
1074,video.play-video.stop-video.play_InWeek16,0.0,2.592272184188363e-05,0.00020505249950148873
1075,video.play-problem.check-problem.check_InWeek16,0.0,0.0,0.0
1076,video.stop-video.play-video.seek_InWeek16,0.0,0.0,0.008114320843267787
1077,problem.check-problem.check-video.load_InWeek16,0.0,7.717275741794069e-05,0.008117587157326805
1078,problem.check-problem.check-problem.check_InWeek16,0.0,0.0,0.007978524477324419
1079,RegPeakTime-m1_InWeek16,0.00220247058466872,0.0037232697077250075,0.0
1080,RegPeriodicity-m1_InWeek16,2.2916645240667173e-05,2.613811625251899e-05,0.0
1081,DelayLecture_InWeek16,0.0,0.00010970079791678554,0.0
1082,TimeSessions-sum_InWeek16,0.0,0.0,0.00012564301533590558
1083,TimeSessions-mean_InWeek16,0.0,0.0,0.008113773072858125
1084,TimeBetweenSessions-std_InWeek16,0.0,0.0,8.080067477477926e-05
1085,TimeSessions-std_InWeek16,0.0,2.592272184188363e-05,0.005492222510247622
1086,TotalClicks-weekday_InWeek16,2.2916645240667173e-05,2.613811625251899e-05,0.008116696068582886
1087,TotalClicks-weekend_InWeek16,0.0,0.00011362281275353908,0.0
1088,RatioClicksWeekendDay_InWeek16,0.0,0.00016120039787519282,0.0077231071363715155
1089,AttendanceRate_InWeek16,0.0,0.0,8.050245824176079e-05
1090,UtilizationRate_InWeek16,0.0,0.0,0.008114219048321616
1091,WatchingRatio_InWeek16,0.0,0.0,0.00014916291541949606
1092,TotalClicks-video.load_InWeek16,0.00220247058466872,2.613811625251899e-05,8.020168718266327e-05
1093,WeeklyProp-watched-mean_InWeek16,0.0,0.0,0.0
1094,WeeklyProp-replayed-mean_InWeek16,0.0,0.0,0.00464214825729079
1095,WeeklyProp-interrupted-mean_InWeek16,0.0,0.0,0.008116271576565498
1096,FrequencyEvent-video_InWeek16,0.0,0.0,0.0
1097,FrequencyEvent-video.load_InWeek16,0.00220247058466872,0.00010138331863147349,0.0001466909913145442
1098,FrequencyEvent-video.play_InWeek16,0.0,0.0,8.214452995811581e-05
1099,FrequencyEvent-video.pause_InWeek16,0.0,0.0,0.00018966092429427997
1100,FrequencyEvent-video.stop_InWeek16,0.0,0.00014609257993468928,0.0
1101,FrequencyEvent-video.seekbackward_InWeek16,0.0,0.0,0.008037909921215933
1102,FrequencyEvent-video.seekforward_InWeek16,0.0,0.0001975931958184584,0.008036995239657995
1103,SeekLength-mean_InWeek16,0.0,0.0,0.00013693632252280416
1104,SeekLength-std_InWeek16,0.0,0.0,0.0001944809981608387
1105,PauseDuration-mean_InWeek16,0.0,0.0,8.214452995811581e-05
1106,PauseDuration-std_InWeek16,0.0,0.0,0.003496398840961296
1107,TimeSpeedingUp-mean_InWeek16,0.0,0.0,0.007678269246338634
1108,TimeSpeedingUp-std_InWeek16,0.0,0.00025558113752866343,0.007996191632939175
1109,FractionSpent-video.play_InWeek16,0.0,0.0,0.008115015775440954
1110,FractionSpent-video.play-completed_InWeek16,0.0,2.613811625251899e-05,0.008040064832891335
1111,FractionSpent-video.play-played_InWeek16,0.0,0.0,0.0
1112,FrequencyEvent-video.pause-total_InWeek16,0.0,0.0,0.0
1113,FractionSpent-video.pause_InWeek16,0.0,0.0,0.0
1114,SpeedPlayback-mean_InWeek16,0.0,0.0,0.0029769972185308296
1115,SpeedPlayback-std_InWeek16,0.0,0.0,8.314751368312202e-05
1116,FrequencyEvent-video.seekbackward-total_InWeek16,0.0,0.0,0.00811660489168012
1117,FrequencyEvent-video.seekforward-total_InWeek16,0.0,0.00012835770661396084,0.007984297823338402
1118,CountUniqueElement-video_InWeek16,2.2916645240667173e-05,2.613811625251899e-05,0.0
1119,ContentAlignment_InWeek16,0.0,0.0,9.570349727530447e-05
1120,ContentCoverage_InWeek16,0.0018359092184765254,0.00021577959061297854,0.0
1121,ContentAnticipation_InWeek16,0.0,0.00013077102459563929,0.0
1122,StudentSpeed_InWeek16,0.0,0.00016281695682790113,0.008117479314772896
1123,StudentActiveness_InWeek16,0.0,0.00013606594740812105,0.00015619998481444274
1124,StudentThoughtfulness_InWeek16,0.0,7.68633816805502e-05,8.150992859724061e-05
1125,StudentWeeklyActiveness_InWeek16,0.0,2.613811625251899e-05,0.00804558763643194
1126,WatchingIndex_InWeek16,0.0,0.000100128351740029,7.907202671802304e-05
1127,FrequencyEvent-video.play-played_InWeek16,0.0,0.0,0.0
1128,FrequencyEvent-video.play-relative_InWeek16,0.0,0.0,0.008114631319326127
1129,FrequencyEvent-video.pause-relative_InWeek16,0.0,0.0,0.0
1130,FractionSpent-video.seek-time-backward_InWeek16,0.0,0.0,8.149282092478529e-05
1131,FractionSpent-video.seek-time-forward_InWeek16,0.0,0.0,0.008116976582517794
1132,FrequencyEvent-video.seelforward-total_InWeek16,0.0,0.0,0.0
1133,FrequencyEvent-video.load-relative_InWeek16,0.0,0.0,0.008038455706057464
1134,TimeSolveProblem_InWeek16,0.0,0.0,0.008029329723435594
1135,ObsDurationProblem-var_InWeek16,0.0,0.0001752006795844549,0.007897077071720566
1136,ObsDurationProblem-max_InWeek16,0.0,0.00016248305903788645,0.00754007229868922
1137,TimeSessions-length_InWeek16,0.0,0.0,0.008115315440910606
