{"akpinar_et_al": ["TotalClicks", "NumberSessions", "Time-video-sum", "Time-problem-sum", "video.pause-video.speedchange-video.play", "video.play-video.pause-video.load", "video.play-video.play-video.play", "video.play-video.stop-video.play", "video.play-problem.check-problem.check", "video.stop-video.play-video.seek", "problem.check-problem.check-video.load", "problem.check-problem.check-problem.check"], "boroujeni_et_al": ["RegPeakTime-m1", "RegPeriodicity-m1", "DelayLecture"], "chen_cui": ["TimeSessions-sum", "TimeSessions-mean", "TimeBetweenSessions-std", "TimeSessions-std", "TotalClicks-weekday", "TotalClicks-weekend", "RatioClicksWeekendDay"], "he_et_al": ["AttendanceRate", "UtilizationRate", "WatchingRatio"], "lalle_conati": ["TotalClicks-video.load", "WeeklyProp-watched-mean", "WeeklyProp-replayed-mean", "WeeklyProp-interrupted-mean", "FrequencyEvent-video", "FrequencyEvent-video.load", "FrequencyEvent-video.play", "FrequencyEvent-video.pause", "FrequencyEvent-video.stop", "FrequencyEvent-video.seekbackward", "FrequencyEvent-video.seekforward", "SeekLength-mean", "SeekLength-std", "PauseDuration-mean", "PauseDuration-std", "TimeSpeedingUp-mean", "TimeSpeedingUp-std"], "lemay_doleck": ["FractionSpent-video.play", "FractionSpent-video.play-completed", "FractionSpent-video.play-played", "FrequencyEvent-video.pause-total", "FractionSpent-video.pause", "SpeedPlayback-mean", "SpeedPlayback-std", "FrequencyEvent-video.seekbackward-total", "FrequencyEvent-video.seekforward-total", "CountUniqueElement-video"], "marras_et_al": ["ContentAlignment", "ContentCoverage", "ContentAnticipation", "StudentSpeed", "StudentActiveness", "StudentThoughtfulness", "StudentWeeklyActiveness"], "mbouzao_et_al": ["WatchingIndex"], "mubarak_et_al": ["FrequencyEvent-video.play-played", "FrequencyEvent-video.play-relative", "FrequencyEvent-video.pause-relative", "FractionSpent-video.seek-time-backward", "FractionSpent-video.seek-time-forward", "FrequencyEvent-video.seelforward-total", "FrequencyEvent-video.load-relative"], "wan_et_al": ["TimeSolveProblem", "ObsDurationProblem-var", "ObsDurationProblem-max", "TimeSessions-length"]}