{"akpinar_et_al": ["total_clicks", "number_sessions", "time_in__video_sum", "time_in__problem_sum", "video.pause-video.speedchange-video.play", "video.play-video.pause-video.load", "video.play-video.play-video.play", "video.play-problem.check-problem.check", "problem.check-problem.check-video.load", "problem.check-problem.check-problem.check"], "boroujeni_et_al": ["regularity_peak_dayhour", "regularity_periodicity_m1", "delay_lecture"], "chen_cui": ["time_sessions_sum", "time_sessions_mean", "time_between_sessions_std", "time_sessions_std", "total_clicks_weekday", "total_clicks_weekend", "ratio_clicks_weekend_day", "total_clicks_video", "total_clicks_problem"], "he_et_al": ["attendance_rate", "utilization_rate", "watching_ratio"], "lalle_conati": ["total_clicks_Video.Load", "weekly_prop_watched_mean", "weekly_prop_replayed_mean", "weekly_prop_interrupted_mean", "total_clicks_Video", "frequency_action_Video", "frequency_action_Video.Load", "frequency_action_Video.Play", "frequency_action_Video.Pause", "pause_duration_mean", "pause_duration_std", "time_speeding_up_mean", "time_speeding_up_std"], "lemay_doleck": ["fraction_spent_ratio_duration_Video.Play", "fraction_spent_ratio_played_Video.Pause", "fraction_spent_completed_Video.Play", "fraction_spent_spent_Video.Play", "frequency_action_total_Video.Pause", "speed_playback__mean", "speed_playback__std", "count_unique_elements_video"], "marras_et_al": ["competency_anticipation", "content_alignment", "student_speed"], "mbouzao_et_al": ["watching_index"], "mubarak_et_al": ["fraction_spent_entirety_Video.Play", "frequency_action_relative_Video.Play", "frequency_action_relative_Video.Pause", "frequency_action_relative_Video.Load"], "wan_et_al": ["number_submissions_distinct", "number_submissions", "number_submissions_distinct_correct", "number_submissions_avg", "obs_duration_problem", "number_submissions_perc_correct", "time_solve_problem", "obs_duration_problem_var", "obs_duration_problem_amax", "time_sessions_length", "number_submissions_correct"]}