,feature,importance,pn,perc_importance
0,StudentThoughtfulness,-2.527787449050178e-11,-1.0,-1.0
1,TotalClicks,-5.928153302692397e-12,-1.0,-0.23451945316525385
2,PauseDuration-mean,-5.513083171710678e-12,-1.0,-0.21809915915921776
3,ObsDurationProblem,-2.6462729777246238e-12,-1.0,-0.10468732166222944
4,RegPeakTime-m1,-1.5448467104214352e-12,-1.0,-0.061114581093513816
5,NumberSubmissions-avg_time,-9.047325403212514e-13,-1.0,-0.035791480041615316
6,SeekLength-mean,2.1323180971815104e-13,1.0,1.9258847762367305e-11
7,video.play-video.stop-video.play,1.5826408077762968e-11,1.0,1.4294226747764251e-09
8,UtilizationRate,1.746761292578774e-11,1.0,1.5776543779015227e-09
9,TotalClicks-weekend,1.833686030538586e-11,1.0,1.6561637849812855e-09
10,FrequencyEvent-video.seekbackward,2.57962574010147e-11,1.0,2.3298878098050166e-09
11,problem.check-problem.check-video.load,2.5924899069236407e-11,1.0,2.3415065748825795e-09
12,FractionSpent-video.seek-time-forward,2.7069632768717145e-11,1.0,2.4448975843004132e-09
13,FrequencyEvent-video.pause,3.839032596185589e-11,1.0,3.4673693583725344e-09
14,FrequencyEvent-video.load-relative,3.161273399502961e-10,1.0,2.855225175677264e-08
15,WeeklyProp-watched-mean,4.2784087610375105e-10,1.0,3.864208773677448e-08
16,NumberSessions,7.733123830910472e-10,1.0,6.984467035377878e-08
17,TimeSessions-mean,3.3058220653671623e-07,1.0,2.9857798407533438e-05
18,TimeSessions-length,3.7828481157746583e-07,1.0,3.41662419252359e-05
19,TimeSolveProblem,6.509071221418394e-07,1.0,5.878917029002367e-05
20,WatchingIndex,6.689034392973529e-07,1.0,6.0414576615840776e-05
21,TotalClicks-weekday,1.0870368138083394e-06,1.0,9.8179894157891e-05
22,FrequencyEvent-video.pause-relative,1.791136586714099e-06,1.0,0.0001617733624768682
23,FrequencyEvent-video.seelforward-total,3.1831854542254554e-06,1.0,0.0002875015887326665
24,StudentWeeklyActiveness,3.18965585545339e-06,1.0,0.00028808598780696474
25,NumberSubmissions-distinct_correct,4.526611561877404e-06,1.0,0.00040883826416330307
26,video.stop-video.play-video.seek,6.108596363923129e-06,1.0,0.000551721281970303
27,CountUniqueElement-video,6.914804648583731e-06,1.0,0.0006245370716949266
28,TimeSpeedingUp-mean,9.822608357761831e-06,1.0,0.000887166503166384
29,SpeedPlayback-std,1.1687786048231522e-05,1.0,0.001055627171572285
30,RegPeriodicity-m1,1.1786468009333787e-05,1.0,0.0010645400109290041
31,TimeSessions-std,1.7316599922394594e-05,1.0,0.00156401505998582
32,WeeklyProp-interrupted-mean,2.0025756312132136e-05,1.0,0.0018087028978059133
33,FractionSpent-video.pause,2.210004948133943e-05,1.0,0.0019960506317724613
34,TimeSessions-sum,3.174826747678312e-05,1.0,0.002867466401295734
35,video.play-problem.check-problem.check,3.280469509790667e-05,1.0,0.0029628817089558386
36,StudentActiveness,3.815844712055463e-05,1.0,0.003446426332518006
37,FrequencyEvent-video,5.312939858119808e-05,1.0,0.004798585165758822
38,Time-video-sum,6.048705143925936e-05,1.0,0.005463119769995624
39,Time-problem-sum,7.576263268450012e-05,1.0,0.006842792409235635
40,ContentAnticipation,8.402349079900321e-05,1.0,0.00758890345628824
41,FrequencyEvent-video.play,8.480845921984683e-05,1.0,0.007659800886344645
42,FractionSpent-video.play,9.23335763382766e-05,1.0,0.008339460666793839
43,TimeSpeedingUp-std,9.513958294774506e-05,1.0,0.008592895903231498
44,NumberSubmissions-perc_correct,9.858154618557482e-05,1.0,0.00890376999883969
45,FrequencyEvent-video.load,0.00010685104127747151,1.0,0.009650661127592912
46,NumberSubmissions-correct,0.00011098867045514537,1.0,0.010024366957578027
47,NumberSubmissions-avg,0.00011630038309782489,1.0,0.010504114633490092
48,SpeedPlayback-mean,0.0001205137679100036,1.0,0.01088466262381704
49,RatioClicksWeekendDay,0.0001318249889951448,1.0,0.011906278888168755
50,ObsDurationProblem-max,0.00014078491092108406,1.0,0.012715528561387995
51,FractionSpent-video.play-played,0.00018187364959044167,1.0,0.016426615400761627
52,FrequencyEvent-video.seekforward-total,0.00024485668803430607,1.0,0.02211516979893057
53,WatchingRatio,0.0002829525289481065,1.0,0.025555941612048064
54,AttendanceRate,0.00028868391961276325,1.0,0.026073594116255466
55,PauseDuration-std,0.00030560896236259745,1.0,0.027602244190188918
56,video.stop-problem.check-video.load,0.00043773920690484745,1.0,0.039536093402495
57,video.play-video.play-video.play,0.0005827322564387567,1.0,0.05263169612361771
58,FrequencyEvent-video.pause-total,0.0006466484119901818,1.0,0.05840452856802528
59,ObsDurationProblem-var,0.0007228574224504652,1.0,0.06528763729610508
60,FrequencyEvent-video.seekforward,0.0008012937989484679,1.0,0.07237191912067645
61,TimeBetweenSessions-std,0.0009522029755834982,1.0,0.08600185952497086
62,FractionSpent-video.play-completed,0.0010430495051705374,1.0,0.09420701186771373
63,FrequencyEvent-video.seekbackward-total,0.0011584748998658488,1.0,0.10463209857164621
64,CompetencyAnticipation,0.0013444274105153886,1.0,0.12142711193462959
65,ContentCoverage,0.0014935289509226046,1.0,0.13489378874815283
66,video.pause-video.speedchange-video.play,0.0015385935369353584,1.0,0.13896396947138034
67,StudentSpeed,0.0018238459011153299,1.0,0.16472762951281078
68,FrequencyEvent-video.play-played,0.0018533623690837353,1.0,0.16739352239172828
69,ContentAlignment,0.0018634534983961893,1.0,0.168304941393592
70,FrequencyEvent-video.stop,0.0018892468575563755,1.0,0.17063456743767377
71,problem.check-problem.check-problem.check,0.0021684196599029374,1.0,0.19584912856198533
72,NumberSubmissions,0.0021854828970930737,1.0,0.19739026019620243
73,video.play-video.pause-video.load,0.0030878306846341096,1.0,0.2788892574233618
74,FrequencyEvent-video.play-relative,0.0033475163071787907,1.0,0.30234375925061835
75,CompetencyCoverage,0.0033889326261436065,1.0,0.3060844327593004
76,NumberSubmissions-distinct,0.0064733648134517015,1.0,0.5846667418773928
77,TotalClicks-video.load,0.008104391750837943,1.0,0.7319791880127122
78,FractionSpent-video.seek-time-backward,0.008771044662445032,1.0,0.792190499598682
79,SeekLength-std,0.008850129979178825,1.0,0.7993333929466677
80,WeeklyProp-replayed-mean,0.011071888222452022,1.0,1.0
