,feature,importance,pn,perc_importance
0,CompetencyCoverage,-0.0008809736095836457,-1.0,-1.0
1,FractionSpent-video.play-completed,-0.00038816712337659044,-1.0,-0.44061152247232577
2,SpeedPlayback-mean,-0.00017549453794355168,-1.0,-0.19920521572319475
3,StudentThoughtfulness,-0.00016344080802965812,-1.0,-0.18552293309546627
4,RegPeriodicity-m1,-0.00015634387765062191,-1.0,-0.17746715219370887
5,WeeklyProp-replayed-mean,-0.00012553745662446006,-1.0,-0.14249854395047082
6,FrequencyEvent-video.seelforward-total,-0.00012376767588097583,-1.0,-0.14048965205605796
7,SeekLength-std,-0.00011782810634151179,-1.0,-0.1337476004499138
8,video.play-video.play-video.play,-0.00010852673266838,-1.0,-0.1231895388099883
9,TimeSessions-sum,-0.0001033221576649042,-1.0,-0.11728178522139271
10,video.play-video.pause-video.load,-9.583236107046079e-05,-1.0,-0.10878005882123057
11,TimeBetweenSessions-std,-9.442271708894723e-05,-1.0,-0.1071799609679251
12,FractionSpent-video.seek-time-forward,-9.339523461440175e-05,-1.0,-0.10601365761517079
13,FrequencyEvent-video.load-relative,-9.206881673707152e-05,-1.0,-0.1045080303603917
14,TotalClicks-video.load,-7.802266274084321e-05,-1.0,-0.08856413165170438
15,TotalClicks-weekend,-6.484986544297992e-05,-1.0,-0.07361158692781776
16,FrequencyEvent-video.play-played,-6.0358960814225186e-05,-1.0,-0.06851392613537113
17,FrequencyEvent-video.seekbackward-total,-5.6759685337706144e-05,-1.0,-0.06442836053231057
18,TotalClicks-weekday,-5.4605741880732705e-05,-1.0,-0.06198340255225099
19,ObsDurationProblem,-5.4400234915879515e-05,-1.0,-0.0617501299971851
20,TimeSessions-mean,-5.2980889428753214e-05,-1.0,-0.06013901988936122
21,TotalClicks,-5.106831008938755e-05,-1.0,-0.05796803619750062
22,FrequencyEvent-video.load,-4.6602761699729425e-05,-1.0,-0.05289915746937552
23,NumberSubmissions-distinct_correct,-4.656702041649619e-05,-1.0,-0.052858587260637795
24,ObsDurationProblem-var,-4.18403939105709e-05,-1.0,-0.04749335673102054
25,problem.check-problem.check-video.load,-3.632034181756921e-05,-1.0,-0.04122750264305245
26,FrequencyEvent-video.pause-relative,-3.3924825674226435e-05,-1.0,-0.03850833362676953
27,FractionSpent-video.seek-time-backward,-3.2619406870605526e-05,-1.0,-0.0370265425839733
28,Time-video-sum,-3.209613988170748e-05,-1.0,-0.03643257815279659
29,TimeSpeedingUp-mean,-3.113055492098786e-05,-1.0,-0.035336535149674206
30,RegPeakTime-m1,-3.0515168290016666e-05,-1.0,-0.0346380049959026
31,FractionSpent-video.play-played,-2.8473905414505817e-05,-1.0,-0.03232095162074467
32,FrequencyEvent-video.pause-total,-2.7493601337687137e-05,-1.0,-0.031208200834393674
33,CountUniqueElement-video,-2.5747474619665685e-05,-1.0,-0.029226158808359905
34,CompetencyAnticipation,-2.230075365911124e-05,-1.0,-0.02531375902355433
35,FrequencyEvent-video.pause,-2.1873937216144528e-05,-1.0,-0.024829276357645157
36,RatioClicksWeekendDay,-1.967919228985125e-05,-1.0,-0.022338004312242424
37,video.play-problem.check-problem.check,-8.425218989798624e-06,-1.0,-0.009563531640613436
38,WatchingIndex,-3.1601574120910403e-06,-1.0,-0.0035871192708991054
39,ObsDurationProblem-max,-2.4530990148043174e-06,-1.0,-0.0027845317817904547
40,NumberSubmissions-perc_correct,-1.544417692792187e-06,-1.0,-0.0017530805417906783
41,problem.check-problem.check-problem.check,-1.1510455069705825e-07,-1.0,-0.00013065607124310735
42,NumberSubmissions-correct,4.089683768380196e-07,1.0,0.0009070789167310616
43,NumberSubmissions-avg,1.6451028747731562e-06,1.0,0.003648786111771722
44,TimeSessions-std,2.2043345818966168e-06,1.0,0.004889144339518325
45,FrequencyEvent-video.play-relative,2.4340879607628646e-06,1.0,0.005398730062572507
46,Time-problem-sum,2.518162026757857e-06,1.0,0.005585203680160105
47,FrequencyEvent-video.play,5.172289265932946e-06,1.0,0.011471973898413151
48,TimeSessions-length,5.574541867023811e-06,1.0,0.012364157437078955
49,NumberSubmissions-distinct,7.545613870444867e-06,1.0,0.016735932759869343
50,UtilizationRate,9.16104653840652e-06,1.0,0.020318911291940536
51,TimeSolveProblem,9.983484257667973e-06,1.0,0.02214305212462384
52,SeekLength-mean,1.4812301978871469e-05,1.0,0.03285321700706867
53,FractionSpent-video.play,1.5157662332831161e-05,1.0,0.03361921534213234
54,FrequencyEvent-video,1.6229999663948937e-05,1.0,0.03599762560505065
55,NumberSubmissions,1.6565301756833542e-05,1.0,0.036741315035375206
56,NumberSessions,1.750515312271648e-05,1.0,0.038825875620339366
57,FrequencyEvent-video.seekbackward,2.2238581672307027e-05,1.0,0.04932447033903821
58,ContentAlignment,2.2444067720419672e-05,1.0,0.04978023189049721
59,FractionSpent-video.pause,2.3521965469232557e-05,1.0,0.0521709749838863
60,StudentSpeed,2.7124358739822116e-05,1.0,0.060160969248943784
61,NumberSubmissions-avg_time,2.9568481596884346e-05,1.0,0.0655819563939223
62,video.play-video.stop-video.play,3.203897786200877e-05,1.0,0.07106143892331299
63,SpeedPlayback-std,3.257184271798292e-05,1.0,0.07224331630967268
64,WeeklyProp-interrupted-mean,3.354917722742209e-05,1.0,0.07441101332077213
65,TimeSpeedingUp-std,3.567829238344941e-05,1.0,0.07913332335426859
66,StudentWeeklyActiveness,4.663393975776677e-05,1.0,0.10343260250444919
67,WeeklyProp-watched-mean,6.978144050851766e-05,1.0,0.1547730265938616
68,ContentAnticipation,8.120633338546108e-05,1.0,0.18011307741811117
69,video.pause-video.speedchange-video.play,0.00010202248764006119,1.0,0.2262826487618826
70,FrequencyEvent-video.stop,0.0001063028954925574,1.0,0.23577645791169666
71,StudentActiveness,0.00011092646225381516,1.0,0.24603138266079658
72,video.stop-video.play-video.seek,0.00011356371385381948,1.0,0.25188072324545174
73,video.stop-problem.check-video.load,0.00012040830137498537,1.0,0.2670618017488127
74,WatchingRatio,0.00012698100503126715,1.0,0.2816398504444842
75,PauseDuration-mean,0.0001321927222311792,1.0,0.29319927425264153
76,AttendanceRate,0.00013991951983269074,1.0,0.31033706679388545
77,FrequencyEvent-video.seekforward-total,0.00016020742933010323,1.0,0.3553350079841881
78,PauseDuration-std,0.00020640240586704877,1.0,0.4577940039572331
79,FrequencyEvent-video.seekforward,0.0003542738321434499,1.0,0.7857681475800794
80,ContentCoverage,0.00045086306085898584,1.0,1.0
