,feature,importance,pn,perc_importance
0,CompetencyAnticipation,-0.010651111636601339,-1.0,-1.0
1,TimeBetweenSessions-std,-0.006804249916371341,-1.0,-0.6388300253082793
2,FractionSpent-video.play-completed,-0.002787444777266056,-1.0,-0.26170458749932896
3,ObsDurationProblem,-0.0011011235248780315,-1.0,-0.1033810894530619
4,ContentAnticipation,-0.0007896710984965957,-1.0,-0.0741397823475045
5,FractionSpent-video.pause,-0.0007383479563904962,-1.0,-0.06932121092912472
6,NumberSubmissions-avg_time,-0.0007344570834215713,-1.0,-0.06895590887412097
7,RatioClicksWeekendDay,-0.0006373907666487887,-1.0,-0.05984265195930043
8,FrequencyEvent-video.load-relative,-0.0006184126125976002,-1.0,-0.05806085164599113
9,NumberSubmissions-avg,-0.000537707845221161,-1.0,-0.05048373010882628
10,FrequencyEvent-video.seelforward-total,-0.00043937747473174823,-1.0,-0.041251795091685764
11,TimeSessions-std,-0.00022651511759558049,-1.0,-0.021266805317971406
12,FractionSpent-video.play,-0.00017972948876332753,-1.0,-0.01687424701715711
13,video.play-video.stop-video.play,-0.00015175565977723548,-1.0,-0.014247870546745969
14,TimeSpeedingUp-mean,0.00016999259086046558,1.0,0.013988202513813611
15,NumberSubmissions-correct,0.00024441824021880296,1.0,0.020112475637582
16,FractionSpent-video.play-played,0.00025201661138192456,1.0,0.020737723797321563
17,UtilizationRate,0.00028202914663723875,1.0,0.023207369203508153
18,FractionSpent-video.seek-time-backward,0.00033391871475480715,1.0,0.027477212868510372
19,FrequencyEvent-video.pause-relative,0.00037461432567571085,1.0,0.03082593791648748
20,ContentAlignment,0.00048486282749241565,1.0,0.03989797077656945
21,NumberSubmissions-perc_correct,0.0005242216486637282,1.0,0.043136695231926495
22,WeeklyProp-watched-mean,0.0005428788932355165,1.0,0.04467194635139526
23,video.stop-problem.check-video.load,0.0005554833621690812,1.0,0.045709131931833284
24,WatchingIndex,0.0006592555069282768,1.0,0.05424824395334432
25,WeeklyProp-interrupted-mean,0.0006682127673616563,1.0,0.05498531121184577
26,NumberSubmissions-distinct,0.0007184998525288753,1.0,0.05912329115313535
27,video.play-problem.check-problem.check,0.0007724006934755398,1.0,0.0635586366879633
28,video.play-video.play-video.play,0.0009348905478047471,1.0,0.07692946054147297
29,NumberSubmissions,0.0012421734289835861,1.0,0.1022148870956568
30,WeeklyProp-replayed-mean,0.0013406441755211835,1.0,0.11031776226969868
31,AttendanceRate,0.0028653528830772127,1.0,0.23578166671348283
32,WatchingRatio,0.003568486240955282,1.0,0.29364049311544943
33,NumberSubmissions-distinct_correct,0.0044203291360643965,1.0,0.36373620061908024
34,video.pause-video.speedchange-video.play,0.012152568615774238,1.0,1.0
