,0
exp number,0
real value,pass
ContentAnticipation_InWeek10 <= 0.00,0.1008824600833804
FractionSpent-video.play-completed_InWeek14 <= 0.00,0.07373360640058312
CompetencyAnticipation_InWeek14 <= 0.00,0.042461694083326375
FrequencyEvent-video.load-relative_InWeek13 <= 0.00,0.041671045983193315
NumberSubmissions-distinct_correct_InWeek13 <= 0.00,0.03774938457121033
NumberSubmissions-distinct_correct_InWeek11 <= 0.00,0.036143734009539616
FrequencyEvent-video.pause-relative_InWeek14 <= 0.00,0.03572723940049477
WeeklyProp-watched-mean_InWeek13 <= 0.00,0.017442564448325388
ContentAnticipation_InWeek12 <= 0.00,0.014249319217783508
NumberSubmissions-avg_time_InWeek13 <= 0.00,-0.009641078131601009
