,0
exp number,100
real value,fail
NumberSubmissions-distinct_correct_InWeek11 <= 0.00,0.10442409490787181
TimeBetweenSessions-std_InWeek11 <= 0.00,0.08504707368565698
NumberSubmissions-distinct_correct_InWeek12 <= 0.00,0.0790907296959263
DelayLecture_InWeek12 <= -0.00,-0.06870652379628057
WatchingRatio_InWeek12 <= 0.00,-0.059531616488548586
ContentAnticipation_InWeek11 <= 0.00,0.058570358429335626
NumberSubmissions-perc_correct_InWeek11 <= 0.00,0.05245435023511776
WeeklyProp-replayed-mean_InWeek14 <= 0.00,0.04260924168767449
WatchingRatio_InWeek11 <= 0.00,-0.03382581380026989
WatchingIndex_InWeek12 <= 0.00,-0.027748371241842144
