,0
exp number,104
real value,pass
FrequencyEvent-video.load-relative_InWeek11 <= 0.00,0.07611308450016836
NumberSubmissions-perc_correct_InWeek14 <= 0.00,0.06507860031720392
DelayLecture_InWeek13 <= -0.00,-0.06408272857364797
NumberSubmissions-avg_time_InWeek12 <= 0.00,-0.06368093493230256
DelayLecture_InWeek14 <= -0.00,-0.06364794462265377
NumberSubmissions-distinct_correct_InWeek11 <= 0.00,0.06355472009053895
FractionSpent-video.play-completed_InWeek14 <= 0.00,0.05906621403325643
DelayLecture_InWeek11 <= -0.00,-0.05301937467046994
NumberSubmissions-perc_correct_InWeek11 <= 0.00,0.049888283340147666
ContentAlignment_InWeek13 <= 0.00,-0.012393342823101939
