,0
exp number,105
real value,pass
ContentAnticipation_InWeek10 <= 0.00,0.11561686572022181
WeeklyProp-watched-mean_InWeek12 <= 0.00,-0.09270055560633655
ContentAnticipation_InWeek13 <= 0.00,0.08717794825009786
TimeSessions-std_InWeek13 <= 0.00,0.057823422342462655
TimeBetweenSessions-std_InWeek14 <= 0.00,0.05476077438288773
NumberSubmissions-avg_time_InWeek11 <= 0.00,-0.052560274094422245
WeeklyProp-interrupted-mean_InWeek11 <= 0.00,-0.04690411403289739
WeeklyProp-replayed-mean_InWeek11 <= 0.00,0.04486219170720249
NumberSubmissions-avg_time_InWeek13 <= 0.00,-0.044600703233928465
NumberSubmissions-perc_correct_InWeek11 <= 0.00,0.03665843856017245
