,0
exp number,108
real value,pass
DelayLecture_InWeek14 <= -0.00,-0.08919312228854252
NumberSubmissions-perc_correct_InWeek12 <= 0.00,0.08369358214223764
FractionSpent-video.play-completed_InWeek14 <= 0.00,0.08356241832931235
NumberSubmissions-avg_time_InWeek11 <= 0.00,-0.07205112260729138
FractionSpent-video.play-played_InWeek11 <= 0.00,-0.06285970074568845
video.stop-problem.check-video.load_InWeek14 <= 0.00,0.05794042990037487
NumberSubmissions-distinct_correct_InWeek11 <= 0.00,0.05704695625580292
WatchingRatio_InWeek14 <= 0.00,0.03396438904959579
ContentAnticipation_InWeek13 <= 0.00,0.014234238114502855
NumberSubmissions-avg_InWeek12 <= 0.00,-0.004721287055174222
