,0
exp number,110
real value,fail
ContentAnticipation_InWeek12 <= 0.00,0.08297938964231484
NumberSubmissions-avg_time_InWeek13 <= 0.00,-0.07206658385785181
NumberSubmissions-distinct_correct_InWeek12 <= 0.00,0.05086123406743508
FractionSpent-video.play-played_InWeek14 <= 0.00,-0.049002791828655246
FractionSpent-video.pause_InWeek13 <= 0.00,0.04887229465737054
ContentAlignment_InWeek11 <= 0.00,-0.044094561426122524
DelayLecture_InWeek12 <= -0.00,-0.043945363041195375
ContentAnticipation_InWeek14 <= 0.00,0.03764023950519087
ContentAlignment_InWeek13 <= 0.00,-0.03555978632323133
NumberSubmissions-distinct_correct_InWeek11 <= 0.00,0.0346777179486657
