,0
exp number,111
real value,fail
NumberSubmissions-perc_correct_InWeek11 <= 0.00,0.10347380887097503
WeeklyProp-replayed-mean_InWeek13 <= 0.00,0.09700354179717109
video.play-problem.check-problem.check_InWeek14 <= 0.00,0.07035779739845065
NumberSubmissions-avg_time_InWeek11 <= 0.00,-0.059898891686057665
ContentAnticipation_InWeek14 <= 0.00,0.05930182620998933
NumberSubmissions-distinct_correct_InWeek11 <= 0.00,0.05732882027257623
AttendanceRate_InWeek13 <= 0.00,0.05509156669322191
WeeklyProp-replayed-mean_InWeek14 <= 0.00,0.04011097787981199
NumberSubmissions-perc_correct_InWeek14 <= 0.00,0.03217460781837336
DelayLecture_InWeek14 <= -0.00,-0.030109066798826006
