,0
exp number,112
real value,pass
DelayLecture_InWeek13 <= -0.00,-0.12143694944541233
NumberSubmissions-perc_correct_InWeek13 <= 0.00,0.0935551981492022
FractionSpent-video.play-completed_InWeek12 <= 0.00,0.0715082610708937
ContentAlignment_InWeek11 <= 0.00,0.06281912036572182
ObsDurationProblem_InWeek13 <= 0.00,0.05209002385862896
DelayLecture_InWeek12 <= -0.00,-0.04882414518571915
WeeklyProp-replayed-mean_InWeek11 <= 0.00,0.04576946356036476
ContentAnticipation_InWeek12 <= 0.00,0.04334399349442044
NumberSubmissions_InWeek13 <= 0.00,-0.03375918189698235
ContentAnticipation_InWeek11 <= 0.00,0.03332756535521688
