,0
exp number,115
real value,pass
NumberSubmissions-perc_correct_InWeek13 <= 0.00,0.1090454010839036
NumberSubmissions-avg_time_InWeek13 <= 0.00,-0.08337598058572278
TimeBetweenSessions-std_InWeek12 <= 0.00,0.07635881673481996
NumberSubmissions-perc_correct_InWeek11 <= 0.00,0.0727681032917022
NumberSubmissions-distinct_correct_InWeek14 <= 0.00,0.055108899420189074
FractionSpent-video.pause_InWeek12 <= 0.00,0.04894188567947685
ContentAnticipation_InWeek13 <= 0.00,0.047320383368890134
FractionSpent-video.play_InWeek14 <= 0.00,-0.04325668879298111
UtilizationRate_InWeek12 <= 0.00,-0.04188536326638949
DelayLecture_InWeek12 <= -0.00,-0.02619198490660955
