,0
exp number,117
real value,fail
ContentAnticipation_InWeek14 <= 0.00,0.14592569643630768
ContentAnticipation_InWeek11 <= 0.00,0.11115918116147784
video.pause-video.speedchange-video.play_InWeek14 <= 0.00,0.10659438287523008
FractionSpent-video.seek-time-backward_InWeek12 <= 0.00,-0.07804251127320298
WatchingRatio_InWeek11 <= 0.00,-0.06338742541917909
WeeklyProp-interrupted-mean_InWeek13 <= 0.00,-0.06248491604271703
WeeklyProp-watched-mean_InWeek11 <= 0.00,-0.036958296485090546
CompetencyAnticipation_InWeek11 <= 0.00,0.02141415061758551
NumberSubmissions-perc_correct_InWeek12 <= 0.00,0.01912551802563987
NumberSubmissions-distinct_correct_InWeek12 <= 0.00,0.005155691784945931
