,0
exp number,118
real value,pass
TimeSessions-std_InWeek12 <= 0.00,0.10016076443733982
WeeklyProp-interrupted-mean_InWeek12 <= 0.00,-0.0940021556686686
NumberSubmissions-correct_InWeek11 <= 0.00,-0.0901866904139365
CompetencyAnticipation_InWeek10 <= 0.00,0.08468578182758572
NumberSubmissions-perc_correct_InWeek12 <= 0.00,0.07526852663082961
FractionSpent-video.play-completed_InWeek11 <= 0.00,0.07028141107569569
FractionSpent-video.pause_InWeek13 <= 0.00,0.052890707178814535
WeeklyProp-interrupted-mean_InWeek14 <= 0.00,-0.043073293985030583
CompetencyAnticipation_InWeek14 <= 0.00,-0.022497430111547995
NumberSubmissions-avg_InWeek12 <= 0.00,0.0021148181360156632
