,0
exp number,12
real value,fail
WeeklyProp-replayed-mean_InWeek13 <= 0.00,0.09856741643318367
FractionSpent-video.play-played_InWeek11 <= 0.00,-0.07093264617947757
NumberSubmissions-avg_time_InWeek12 <= 0.00,-0.06568391589142257
NumberSubmissions-perc_correct_InWeek12 <= 0.00,0.058667268989942734
TimeSessions-std_InWeek11 <= 0.00,0.05219675493803769
NumberSubmissions-avg_time_InWeek14 <= 0.00,-0.04807045885268774
WeeklyProp-replayed-mean_InWeek11 <= 0.00,0.04583267600194705
WatchingRatio_InWeek11 <= 0.00,-0.031739212334628286
ObsDurationProblem_InWeek13 <= 0.00,0.031372666444177924
ContentAnticipation_InWeek13 <= 0.00,0.027654041936406047
