,0
exp number,120
real value,fail
ContentAnticipation_InWeek12 <= 0.00,0.09782271395802132
NumberSubmissions-perc_correct_InWeek11 <= 0.00,0.07700503358028368
ContentAnticipation_InWeek11 <= 0.00,0.07695440799699808
TimeSessions-std_InWeek13 <= 0.00,0.07159111753287097
FractionSpent-video.seek-time-backward_InWeek14 <= 0.00,-0.06963886599531047
NumberSubmissions-avg_time_InWeek13 <= 0.00,-0.06774906906361287
NumberSubmissions-distinct_correct_InWeek12 <= 0.00,0.0663971828886859
FractionSpent-video.play_InWeek13 <= 0.00,-0.053615082621085317
NumberSubmissions-distinct_correct_InWeek13 <= 0.00,0.042875686875330055
ObsDurationProblem_InWeek13 <= 0.00,-0.03799510964606218
