,0
exp number,121
real value,fail
ContentAnticipation_InWeek10 <= 0.00,0.09429947952633311
ContentAlignment_InWeek13 <= 0.00,0.0760210592125083
NumberSubmissions-perc_correct_InWeek11 <= 0.00,0.07257552227272425
NumberSubmissions-perc_correct_InWeek14 <= 0.00,0.0692300692807328
WatchingRatio_InWeek14 <= 0.00,-0.060379597261107906
WeeklyProp-watched-mean_InWeek11 <= 0.00,-0.05439181076163682
ObsDurationProblem_InWeek13 <= 0.00,0.051747600511646084
NumberSubmissions-correct_InWeek13 <= 0.00,-0.04730132509947799
NumberSubmissions_InWeek13 <= 0.00,-0.028534974303694
FractionSpent-video.play_InWeek12 <= 0.00,-0.002440901573721638
