,0
exp number,123
real value,pass
ContentAnticipation_InWeek12 <= 0.00,0.14711242453448206
NumberSubmissions-distinct_correct_InWeek11 <= 0.00,0.08685057206219651
NumberSubmissions-distinct_correct_InWeek14 <= 0.00,0.07830310253046155
video.play-problem.check-problem.check_InWeek14 <= 0.00,0.0740540570740831
AttendanceRate_InWeek14 <= 0.00,-0.07137751127560454
ContentAnticipation_InWeek13 <= 0.00,0.056132127678316934
FractionSpent-video.play_InWeek13 <= 0.00,-0.05531537117861326
WeeklyProp-replayed-mean_InWeek12 <= 0.00,0.047743058364000224
WatchingIndex_InWeek14 <= 0.00,-0.04764898056518205
WeeklyProp-replayed-mean_InWeek14 <= 0.00,0.01944077025544297
