,0
exp number,125
real value,pass
NumberSubmissions-perc_correct_InWeek13 <= 0.00,0.11545553056275076
NumberSubmissions-perc_correct_InWeek14 <= 0.00,0.08378223969885479
TimeSessions-std_InWeek14 <= 0.00,0.08361414025470414
FractionSpent-video.play-completed_InWeek11 <= 0.00,0.080899187677734
DelayLecture_InWeek11 <= -0.00,-0.07620697251713925
NumberSubmissions-distinct_correct_InWeek12 <= 0.00,0.06715112884204362
WeeklyProp-interrupted-mean_InWeek11 <= 0.00,0.061807253739453206
TimeBetweenSessions-std_InWeek13 <= 0.00,0.04861395660378302
ContentAnticipation_InWeek11 <= 0.00,0.03926763343151625
NumberSubmissions-avg_time_InWeek12 <= 0.00,-0.0367040510805546
