,0
exp number,127
real value,pass
ContentAnticipation_InWeek11 <= 0.00,0.11204975614908716
FrequencyEvent-video.pause-relative_InWeek11 <= 0.00,0.0813634342835068
WeeklyProp-replayed-mean_InWeek13 <= 0.00,0.06494501614650011
NumberSubmissions-distinct_InWeek12 <= 0.00,-0.0592960532278877
WatchingRatio_InWeek12 <= 0.00,-0.05211241312666643
NumberSubmissions-correct_InWeek14 <= 0.00,-0.04118715279804005
TimeSessions-std_InWeek12 <= 0.00,0.04019125190042893
FractionSpent-video.play-played_InWeek12 <= 0.00,-0.039274237726715906
FractionSpent-video.play-completed_InWeek11 <= 0.00,0.03891071543098843
video.pause-video.speedchange-video.play_InWeek14 <= 0.00,0.018426552893038614
