,0
exp number,129
real value,fail
NumberSubmissions-perc_correct_InWeek11 <= 0.00,0.11839850954273368
NumberSubmissions-perc_correct_InWeek14 <= 0.00,0.07167270471890011
WatchingRatio_InWeek12 <= 0.00,-0.07028565796753831
NumberSubmissions-distinct_correct_InWeek13 <= 0.00,0.048446245739257966
ObsDurationProblem_InWeek11 <= 0.00,0.04639036958046691
NumberSubmissions_InWeek12 <= 0.00,-0.040790512216594695
TimeSessions-std_InWeek14 <= 0.00,0.02371786355059197
WeeklyProp-interrupted-mean_InWeek12 <= 0.00,-0.011300194518593045
CompetencyAnticipation_InWeek10 <= 0.00,0.008770200563394328
ContentAnticipation_InWeek13 <= 0.00,-0.00021525573121490365
