,0
exp number,13
real value,fail
NumberSubmissions-perc_correct_InWeek14 <= 0.00,0.11113856832473662
NumberSubmissions-distinct_correct_InWeek11 <= 0.00,0.10501223910129316
NumberSubmissions-distinct_correct_InWeek14 <= 0.00,0.09231065483901121
NumberSubmissions-distinct_correct_InWeek13 <= 0.00,0.0661349425252029
ContentAnticipation_InWeek12 <= 0.00,0.05134658756104272
WeeklyProp-replayed-mean_InWeek13 <= 0.00,0.042532290734890385
WeeklyProp-replayed-mean_InWeek12 <= 0.00,0.03629012057492788
ContentAnticipation_InWeek13 <= 0.00,0.03264021253294862
NumberSubmissions-avg_time_InWeek13 <= 0.00,-0.03039670781362133
NumberSubmissions-avg_InWeek12 <= 0.00,0.02042991581466115
