,0
exp number,130
real value,pass
WeeklyProp-replayed-mean_InWeek11 <= 0.00,0.11040420477613888
NumberSubmissions-avg_InWeek13 <= 0.00,-0.06583903545355473
FractionSpent-video.play-completed_InWeek14 <= 0.00,0.05892975605559671
WatchingRatio_InWeek11 <= 0.00,-0.056476181296919004
NumberSubmissions-avg_time_InWeek13 <= 0.00,-0.0489930713881924
NumberSubmissions-distinct_correct_InWeek14 <= 0.00,0.04231948021352137
CompetencyAnticipation_InWeek14 <= 0.00,-0.04028743363492139
NumberSubmissions-perc_correct_InWeek12 <= 0.00,0.03586462216159186
WeeklyProp-interrupted-mean_InWeek11 <= 0.00,-0.035337630266338425
video.play-video.stop-video.play_InWeek14 <= 0.00,-0.033143593402686085
