,0
exp number,134
real value,fail
FractionSpent-video.play-completed_InWeek12 <= 0.00,0.1382010112023044
UtilizationRate_InWeek12 <= 0.00,-0.09541984139837957
NumberSubmissions-perc_correct_InWeek11 <= 0.00,0.09486219723096984
NumberSubmissions-distinct_correct_InWeek12 <= 0.00,0.09381143941265063
NumberSubmissions-perc_correct_InWeek14 <= 0.00,0.08805959637218595
ContentAnticipation_InWeek10 <= 0.00,0.08387516514975323
NumberSubmissions-correct_InWeek11 <= 0.00,-0.06476470994292109
TimeSessions-std_InWeek14 <= 0.00,0.05904322591329144
FractionSpent-video.seek-time-backward_InWeek11 <= 0.00,-0.04851532203037805
video.stop-problem.check-video.load_InWeek14 <= 0.00,0.04145378172072878
