,0
exp number,135
real value,pass
NumberSubmissions-distinct_correct_InWeek12 <= 0.00,0.12258343203619272
DelayLecture_InWeek14 <= -0.00,0.11204980944891761
NumberSubmissions-avg_time_InWeek13 <= 0.00,-0.09373457368168556
NumberSubmissions-perc_correct_InWeek12 <= 0.00,0.09226580252600944
NumberSubmissions-distinct_InWeek12 <= 0.00,0.06961606326903727
NumberSubmissions-perc_correct_InWeek11 <= 0.00,0.06752267442773793
FrequencyEvent-video.load-relative_InWeek13 <= 0.00,0.05340982792608664
TimeSessions-std_InWeek14 <= 0.00,0.045007085503301125
NumberSubmissions-avg_InWeek11 <= 0.00,-0.040484499231905405
FractionSpent-video.play_InWeek14 <= 0.00,-0.02903897877058679
