,0
exp number,137
real value,pass
NumberSubmissions-avg_time_InWeek13 <= 0.00,-0.08931310251242928
NumberSubmissions-avg_time_InWeek11 <= 0.00,-0.07994159968039098
FractionSpent-video.pause_InWeek13 <= 0.00,0.07625666145284327
WeeklyProp-interrupted-mean_InWeek11 <= 0.00,-0.06577403454700553
NumberSubmissions-perc_correct_InWeek14 <= 0.00,0.06523066417035508
DelayLecture_InWeek11 <= -0.00,-0.05729306432025991
video.play-video.stop-video.play_InWeek14 <= 0.00,0.05193554616884222
FractionSpent-video.play-completed_InWeek12 <= 0.00,0.045251657489059814
FractionSpent-video.seek-time-backward_InWeek12 <= 0.00,-0.04414953315863308
NumberSubmissions-avg_InWeek11 <= 0.00,-0.030460167756990005
