,0
exp number,138
real value,fail
FractionSpent-video.pause_InWeek13 <= 0.00,0.1135788510434047
WeeklyProp-replayed-mean_InWeek13 <= 0.00,0.11218773420337587
NumberSubmissions-avg_time_InWeek11 <= 0.00,-0.08123395440551268
WatchingIndex_InWeek14 <= 0.00,-0.07415429434127656
ObsDurationProblem_InWeek14 <= 0.00,0.06800542477409714
FrequencyEvent-video.pause-relative_InWeek13 <= 0.00,0.06475228704262957
NumberSubmissions-distinct_correct_InWeek13 <= 0.00,0.047424892777378935
NumberSubmissions-avg_time_InWeek13 <= 0.00,-0.04594439367999774
NumberSubmissions-distinct_correct_InWeek12 <= 0.00,0.026678740338295356
NumberSubmissions-distinct_correct_InWeek11 <= 0.00,0.02247000929587399
