,0
exp number,139
real value,fail
NumberSubmissions-perc_correct_InWeek14 <= 0.00,0.09763839420541509
ObsDurationProblem_InWeek14 <= 0.00,0.09741337612076618
CompetencyAnticipation_InWeek11 <= 0.00,0.08595712039709348
TimeBetweenSessions-std_InWeek12 <= 0.00,0.07461098890165865
UtilizationRate_InWeek12 <= 0.00,-0.06549994323406926
DelayLecture_InWeek12 <= -0.00,-0.05297575010589486
ContentAnticipation_InWeek14 <= 0.00,0.04613932010903965
WatchingRatio_InWeek14 <= 0.00,-0.03836785617165137
WeeklyProp-watched-mean_InWeek13 <= 0.00,-0.03527612683736873
DelayLecture_InWeek14 <= -0.00,0.01570175714611079
