,0
exp number,14
real value,fail
WatchingRatio_InWeek12 <= 0.00,-0.09902960794069975
FractionSpent-video.seek-time-backward_InWeek11 <= 0.00,-0.06117373388326178
AttendanceRate_InWeek13 <= 0.00,0.06061275325214467
TimeSessions-std_InWeek13 <= 0.00,0.04993904037928587
video.stop-problem.check-video.load_InWeek10 <= 0.00,0.0474863814001868
TimeSessions-std_InWeek12 <= 0.00,-0.04010000220584977
ContentAnticipation_InWeek12 <= 0.00,0.039551073459580054
UtilizationRate_InWeek11 <= 0.00,0.0374412782262586
video.stop-problem.check-video.load_InWeek13 <= 0.00,0.032091089527324985
FrequencyEvent-video.load-relative_InWeek13 <= 0.00,0.013232349293501432
