,0
exp number,141
real value,fail
NumberSubmissions-perc_correct_InWeek12 <= 0.00,0.11424948990013385
NumberSubmissions-distinct_correct_InWeek14 <= 0.00,0.10749226494520679
ContentAnticipation_InWeek10 <= 0.00,0.08916320080702808
FractionSpent-video.play_InWeek14 <= 0.00,-0.0691390868224537
DelayLecture_InWeek14 <= -0.00,-0.06877771297294875
FractionSpent-video.play-completed_InWeek12 <= 0.00,0.05693476005871738
UtilizationRate_InWeek12 <= 0.00,-0.044444132643777924
ContentAlignment_InWeek11 <= 0.00,0.0423918378918593
TimeBetweenSessions-std_InWeek14 <= 0.00,-0.042259949912286245
TimeSessions-std_InWeek14 <= 0.00,0.016777805748742117
