,0
exp number,143
real value,fail
NumberSubmissions-perc_correct_InWeek12 <= 0.00,0.10077417095075489
NumberSubmissions-perc_correct_InWeek14 <= 0.00,0.09473459632195468
NumberSubmissions-correct_InWeek13 <= 0.00,-0.08275263288520752
NumberSubmissions-avg_time_InWeek13 <= 0.00,-0.07733710611786689
WeeklyProp-replayed-mean_InWeek14 <= 0.00,0.0694203962738062
TimeSessions-std_InWeek12 <= 0.00,0.06023350746548144
NumberSubmissions-avg_time_InWeek11 <= 0.00,-0.060128807828676537
NumberSubmissions-perc_correct_InWeek11 <= 0.00,0.048500218725942526
WeeklyProp-watched-mean_InWeek11 <= 0.00,-0.041676586351785075
NumberSubmissions-distinct_correct_InWeek11 <= 0.00,0.04139110184861518
