,0
exp number,144
real value,fail
ContentAnticipation_InWeek12 <= 0.00,0.11562269627671325
WeeklyProp-replayed-mean_InWeek12 <= 0.00,0.09973926161372718
NumberSubmissions-perc_correct_InWeek11 <= 0.00,0.08269160151587282
TimeBetweenSessions-std_InWeek12 <= 0.00,0.07148225997444049
NumberSubmissions-avg_time_InWeek11 <= 0.00,-0.06423318194816591
ContentAnticipation_InWeek14 <= 0.00,0.05364959523053428
NumberSubmissions-distinct_correct_InWeek13 <= 0.00,0.050485107430563225
TimeSessions-std_InWeek13 <= 0.00,0.03898273335055394
CompetencyAnticipation_InWeek10 <= 0.00,0.024300123338983366
WatchingRatio_InWeek14 <= 0.00,0.020252547420500828
