,0
exp number,145
real value,pass
video.play-video.stop-video.play_InWeek14 <= 0.00,0.08472991238464724
NumberSubmissions-perc_correct_InWeek12 <= 0.00,0.08373695498138375
ContentAnticipation_InWeek10 <= 0.00,0.06594666956252368
WatchingRatio_InWeek14 <= 0.00,-0.06297125695251708
FrequencyEvent-video.load-relative_InWeek13 <= 0.00,0.06209791579288687
DelayLecture_InWeek13 <= -0.00,-0.05550368898486422
ContentAnticipation_InWeek11 <= 0.00,0.05337085084845231
NumberSubmissions-distinct_correct_InWeek13 <= 0.00,0.05075570523007716
NumberSubmissions-correct_InWeek12 <= 0.00,-0.03857215578118938
NumberSubmissions-correct_InWeek13 <= 0.00,0.0023381738572672782
