,0
exp number,148
real value,pass
NumberSubmissions-perc_correct_InWeek11 <= 0.00,0.11823580820266119
TimeSessions-std_InWeek12 <= 0.00,0.09286529507592158
NumberSubmissions-perc_correct_InWeek13 <= 0.00,0.06981696821313402
DelayLecture_InWeek11 <= -0.00,-0.06078934652025586
NumberSubmissions-perc_correct_InWeek12 <= 0.00,0.05870662876983868
WeeklyProp-interrupted-mean_InWeek12 <= 0.00,0.053208520600547225
FractionSpent-video.play-played_InWeek12 <= 0.00,-0.04324268915550645
DelayLecture_InWeek13 <= -0.00,-0.041612555057800066
UtilizationRate_InWeek12 <= 0.00,-0.040494351641281644
FractionSpent-video.play_InWeek13 <= 0.00,-0.03943791713107721
