,0
exp number,149
real value,fail
ContentAnticipation_InWeek14 <= 0.00,0.09395544784185568
DelayLecture_InWeek11 <= -0.00,-0.07493794558901268
NumberSubmissions-perc_correct_InWeek13 <= 0.00,0.07311750513417634
ContentAnticipation_InWeek10 <= 0.00,0.07219447449556222
FrequencyEvent-video.load-relative_InWeek13 <= 0.00,0.07190355926761001
FractionSpent-video.seek-time-backward_InWeek14 <= 0.00,-0.04804121128370587
FractionSpent-video.play-completed_InWeek14 <= 0.00,0.04589436195326312
NumberSubmissions-avg_time_InWeek11 <= 0.00,-0.03627297627968325
NumberSubmissions_InWeek12 <= 0.00,-0.029920336959996532
FractionSpent-video.play-played_InWeek13 <= 0.00,-0.029784493203237755
