,0
exp number,15
real value,fail
WeeklyProp-replayed-mean_InWeek11 <= 0.00,0.1299179031320011
ContentAnticipation_InWeek12 <= 0.00,0.12900874931274786
NumberSubmissions-distinct_correct_InWeek12 <= 0.00,0.09373523411546422
ContentAnticipation_InWeek11 <= 0.00,0.09128891549380944
NumberSubmissions-perc_correct_InWeek13 <= 0.00,0.08600622390588913
NumberSubmissions-distinct_correct_InWeek14 <= 0.00,0.08553490229577895
DelayLecture_InWeek12 <= -0.00,-0.08325029443308019
NumberSubmissions-perc_correct_InWeek14 <= 0.00,0.0563772980933112
NumberSubmissions-perc_correct_InWeek11 <= 0.00,0.032092888106730624
FractionSpent-video.pause_InWeek12 <= 0.00,-0.00027441965001698233
