,0
exp number,153
real value,fail
NumberSubmissions-perc_correct_InWeek14 <= 0.00,0.09311645061146681
FractionSpent-video.play-completed_InWeek11 <= 0.00,0.09054447213844045
NumberSubmissions-perc_correct_InWeek13 <= 0.00,0.08504611259284972
FractionSpent-video.play-played_InWeek11 <= 0.00,-0.0841425540905583
TimeBetweenSessions-std_InWeek11 <= 0.00,0.06177404834081015
NumberSubmissions-perc_correct_InWeek12 <= 0.00,0.06088523979761392
ContentAnticipation_InWeek14 <= 0.00,0.04783872630440539
NumberSubmissions-perc_correct_InWeek11 <= 0.00,0.03564193067272067
WeeklyProp-watched-mean_InWeek13 <= 0.00,-0.030642319689694348
DelayLecture_InWeek13 <= -0.00,-0.017150200809824385
