,0
exp number,154
real value,fail
video.play-video.stop-video.play_InWeek14 <= 0.00,0.0938560554591312
NumberSubmissions-perc_correct_InWeek11 <= 0.00,0.09095747593977602
WeeklyProp-replayed-mean_InWeek13 <= 0.00,0.08449179434151464
ContentAnticipation_InWeek10 <= 0.00,0.0820003189524693
NumberSubmissions-perc_correct_InWeek13 <= 0.00,0.0814314148243458
FractionSpent-video.play_InWeek12 <= 0.00,-0.06532640292490623
NumberSubmissions-perc_correct_InWeek14 <= 0.00,0.050003693253761375
NumberSubmissions-distinct_correct_InWeek14 <= 0.00,0.040677187472467305
WatchingIndex_InWeek14 <= 0.00,-0.03683879026942941
TimeSessions-std_InWeek11 <= 0.00,-0.02872139881979887
