,0
exp number,155
real value,fail
NumberSubmissions-avg_time_InWeek12 <= 0.00,-0.08712590948761444
NumberSubmissions-perc_correct_InWeek11 <= 0.00,0.07930589774374111
TimeSessions-std_InWeek11 <= 0.00,0.0752499689418964
ContentAnticipation_InWeek11 <= 0.00,0.06711183418449214
ContentAnticipation_InWeek10 <= 0.00,0.05945463945302143
WatchingRatio_InWeek11 <= 0.00,-0.05819819296044314
NumberSubmissions-distinct_correct_InWeek12 <= 0.00,0.053141394102688214
AttendanceRate_InWeek12 <= 0.00,0.04826859240072073
NumberSubmissions-avg_time_InWeek11 <= 0.00,-0.041935822570541244
NumberSubmissions-avg_InWeek11 <= 0.00,-0.041773509331178994
