,0
exp number,159
real value,pass
NumberSubmissions-perc_correct_InWeek11 <= 0.00,0.10738164236739887
TimeSessions-std_InWeek14 <= 0.00,0.07344526428832265
FractionSpent-video.play_InWeek14 <= 0.00,-0.06938521871825251
FractionSpent-video.play-completed_InWeek14 <= 0.00,0.06669652982975799
NumberSubmissions-perc_correct_InWeek13 <= 0.00,0.061199325291268904
NumberSubmissions-distinct_correct_InWeek13 <= 0.00,0.05808181314520329
FractionSpent-video.seek-time-backward_InWeek13 <= 0.00,-0.0426785603239897
video.stop-problem.check-video.load_InWeek13 <= 0.00,0.03879458497034547
ContentAlignment_InWeek13 <= 0.00,-0.03429451176345329
NumberSubmissions_InWeek13 <= 0.00,-0.030597723134599464
