,0
exp number,166
real value,pass
NumberSubmissions-perc_correct_InWeek11 <= 0.00,0.10975777553268917
DelayLecture_InWeek14 <= -0.00,-0.0765574803730954
NumberSubmissions-correct_InWeek12 <= 0.00,-0.07019444986950417
CompetencyAnticipation_InWeek11 <= 0.00,0.06901894353694062
FractionSpent-video.seek-time-backward_InWeek11 <= 0.00,-0.0650888193091016
NumberSubmissions-perc_correct_InWeek12 <= 0.00,0.05316759999326835
DelayLecture_InWeek12 <= -0.00,-0.04909018737154991
WatchingIndex_InWeek13 <= 0.00,-0.04756759440295956
CompetencyAnticipation_InWeek13 <= 0.00,0.03268860094836875
FractionSpent-video.play-completed_InWeek14 <= 0.00,0.004544559008850058
