,0
exp number,168
real value,pass
FractionSpent-video.play-completed_InWeek11 <= 0.00,0.1285127398012782
NumberSubmissions-distinct_InWeek12 <= 0.00,0.08305649015150403
WeeklyProp-watched-mean_InWeek14 <= 0.00,0.08269410825313783
NumberSubmissions-perc_correct_InWeek14 <= 0.00,0.08221166435003374
WeeklyProp-interrupted-mean_InWeek13 <= 0.00,0.06404667578945529
FractionSpent-video.pause_InWeek12 <= 0.00,0.06136045912838247
NumberSubmissions-perc_correct_InWeek11 <= 0.00,0.04784388358022911
video.stop-problem.check-video.load_InWeek14 <= 0.00,0.04424448606817903
FractionSpent-video.play_InWeek14 <= 0.00,-0.04075068708785287
NumberSubmissions-correct_InWeek13 <= 0.00,-0.02963406762711767
