,0
exp number,169
real value,pass
DelayLecture_InWeek14 <= -0.00,-0.10733438773029103
FractionSpent-video.play-completed_InWeek13 <= 0.00,0.09030660008382474
FractionSpent-video.play-completed_InWeek12 <= 0.00,0.07377221790149074
AttendanceRate_InWeek11 <= 0.00,0.06320449731979598
DelayLecture_InWeek11 <= -0.00,-0.05946509544279156
DelayLecture_InWeek12 <= -0.00,-0.0572685797000426
WatchingRatio_InWeek14 <= 0.00,-0.05177189511918073
ObsDurationProblem_InWeek14 <= 0.00,-0.04418134466158112
NumberSubmissions-avg_time_InWeek13 <= 0.00,-0.03298629447870521
video.stop-problem.check-video.load_InWeek14 <= 0.00,0.031041827824452146
