,0
exp number,173
real value,pass
NumberSubmissions-perc_correct_InWeek14 <= 0.00,0.11285897945902384
FractionSpent-video.play-played_InWeek13 <= 0.00,0.11218898929457971
TimeSessions-std_InWeek14 <= 0.00,0.07491358065233596
FrequencyEvent-video.load-relative_InWeek12 <= 0.00,0.07157212553377205
NumberSubmissions-distinct_correct_InWeek12 <= 0.00,0.07062853032157326
FractionSpent-video.play-completed_InWeek12 <= 0.00,0.07038436420749841
ContentAnticipation_InWeek13 <= 0.00,0.056200524044582666
ContentAnticipation_InWeek10 <= 0.00,0.055220189009215666
WeeklyProp-interrupted-mean_InWeek14 <= 0.00,-0.04962950089665629
CompetencyAnticipation_InWeek14 <= 0.00,0.026678794140709238
