,0
exp number,174
real value,fail
FrequencyEvent-video.load-relative_InWeek14 <= 0.00,0.08690678941655455
NumberSubmissions-perc_correct_InWeek13 <= 0.00,0.07297978584528239
NumberSubmissions-correct_InWeek12 <= 0.00,-0.0707786217431795
NumberSubmissions-perc_correct_InWeek11 <= 0.00,0.06110154593550164
FractionSpent-video.pause_InWeek11 <= 0.00,-0.060146208363677706
NumberSubmissions-correct_InWeek13 <= 0.00,-0.051262230725254515
NumberSubmissions-avg_InWeek13 <= 0.00,-0.042480545914308616
TimeBetweenSessions-std_InWeek14 <= 0.00,-0.0323879847936939
ContentAnticipation_InWeek13 <= 0.00,0.027935347564384972
FractionSpent-video.play-completed_InWeek12 <= 0.00,0.012987038774218286
