,0
exp number,175
real value,pass
ContentAnticipation_InWeek13 <= 0.00,0.11254259684816796
WeeklyProp-replayed-mean_InWeek11 <= 0.00,0.09149895148552292
FractionSpent-video.play-completed_InWeek11 <= 0.00,0.06726101488894007
NumberSubmissions-avg_time_InWeek11 <= 0.00,-0.06255405477009272
FrequencyEvent-video.load-relative_InWeek14 <= 0.00,0.058256983997879055
NumberSubmissions-avg_time_InWeek14 <= 0.00,-0.05822480162686519
NumberSubmissions-perc_correct_InWeek11 <= 0.00,0.05662742662684562
UtilizationRate_InWeek13 <= 0.00,-0.05399257437596779
ContentAnticipation_InWeek10 <= 0.00,0.04369620025180579
video.play-video.stop-video.play_InWeek13 <= 0.00,0.028960420493031526
