,0
exp number,176
real value,pass
FractionSpent-video.seek-time-backward_InWeek11 <= 0.00,-0.09929446247641746
NumberSubmissions-perc_correct_InWeek12 <= 0.00,0.08340828904829788
NumberSubmissions-perc_correct_InWeek11 <= 0.00,0.07478589208993425
TimeSessions-std_InWeek12 <= 0.00,0.05960792797964723
WeeklyProp-watched-mean_InWeek14 <= 0.00,-0.05950802937316686
NumberSubmissions-distinct_correct_InWeek12 <= 0.00,0.056608953888414214
NumberSubmissions_InWeek13 <= 0.00,-0.04760908026503995
DelayLecture_InWeek13 <= -0.00,-0.04584339812148595
FractionSpent-video.play-completed_InWeek14 <= 0.00,0.04456336330954453
DelayLecture_InWeek11 <= -0.00,-0.026318327283342977
