,0
exp number,178
real value,fail
FractionSpent-video.play-completed_InWeek12 <= 0.00,0.12155811376801283
NumberSubmissions-distinct_correct_InWeek13 <= 0.00,0.08709147933420483
ContentAnticipation_InWeek12 <= 0.00,0.06495222394135967
DelayLecture_InWeek11 <= -0.00,-0.06446549941967852
FrequencyEvent-video.load-relative_InWeek11 <= 0.00,0.058481659449186686
WeeklyProp-interrupted-mean_InWeek14 <= 0.00,-0.056368988237447716
FractionSpent-video.pause_InWeek11 <= 0.00,0.05515723391466235
UtilizationRate_InWeek14 <= 0.00,-0.05022061944482155
ContentAlignment_InWeek12 <= 0.00,-0.04929475762406346
NumberSubmissions_InWeek11 <= 0.00,-0.04425848748660927
