,0
exp number,180
real value,pass
ContentAnticipation_InWeek13 <= 0.00,0.12877569132858296
NumberSubmissions-perc_correct_InWeek11 <= 0.00,0.1155846136645366
NumberSubmissions-distinct_correct_InWeek13 <= 0.00,0.0937103318047227
WatchingRatio_InWeek13 <= 0.00,-0.08683020829713917
WeeklyProp-interrupted-mean_InWeek11 <= 0.00,-0.05956140581508614
NumberSubmissions_InWeek13 <= 0.00,-0.057859161052683974
FrequencyEvent-video.load-relative_InWeek13 <= 0.00,0.05444128219997088
ObsDurationProblem_InWeek14 <= 0.00,0.042721599251824574
ContentAnticipation_InWeek12 <= 0.00,0.028228943238970808
UtilizationRate_InWeek12 <= 0.00,-0.013538399267504539
