,0
exp number,183
real value,pass
FrequencyEvent-video.load-relative_InWeek11 <= 0.00,0.11450106711019259
DelayLecture_InWeek11 <= -0.00,-0.09382580535152656
ContentAnticipation_InWeek10 <= 0.00,0.0902058919312012
NumberSubmissions-distinct_correct_InWeek13 <= 0.00,0.08474006595881088
NumberSubmissions-correct_InWeek14 <= 0.00,-0.08220988192454852
ContentAnticipation_InWeek12 <= 0.00,0.07673341477186972
WatchingRatio_InWeek11 <= 0.00,-0.07518672117213071
NumberSubmissions-avg_time_InWeek11 <= 0.00,-0.07314513892503118
FrequencyEvent-video.load-relative_InWeek12 <= 0.00,0.06879969581849756
NumberSubmissions-distinct_correct_InWeek12 <= 0.00,0.031402535068794354
