,0
exp number,185
real value,fail
ContentAnticipation_InWeek12 <= 0.00,0.13688380741431383
NumberSubmissions-perc_correct_InWeek11 <= 0.00,0.11118797528956265
NumberSubmissions_InWeek14 <= 0.00,0.09020290857692206
WeeklyProp-replayed-mean_InWeek12 <= 0.00,0.0646722831701741
ObsDurationProblem_InWeek13 <= 0.00,-0.06388393470080374
DelayLecture_InWeek13 <= -0.00,0.06087773165526982
ContentAnticipation_InWeek10 <= 0.00,0.05850136142714961
FractionSpent-video.play_InWeek11 <= 0.00,-0.05411977103088241
TimeSessions-std_InWeek14 <= 0.00,0.04520451256956779
FrequencyEvent-video.pause-relative_InWeek12 <= 0.00,0.0074229759871624595
