,0
exp number,186
real value,pass
NumberSubmissions-perc_correct_InWeek11 <= 0.00,0.0953038340013708
FractionSpent-video.play-played_InWeek11 <= 0.00,-0.09118473388139609
ContentAnticipation_InWeek13 <= 0.00,0.08950533890990119
WatchingIndex_InWeek13 <= 0.00,0.07608722346761662
NumberSubmissions-distinct_InWeek11 <= 0.00,0.06984392254195727
NumberSubmissions-perc_correct_InWeek12 <= 0.00,0.06712360985159391
AttendanceRate_InWeek13 <= 0.00,-0.06255652852169313
UtilizationRate_InWeek14 <= 0.00,-0.061330415529405935
NumberSubmissions_InWeek11 <= 0.00,-0.059014437309765806
FractionSpent-video.play-completed_InWeek11 <= 0.00,0.03464462771222877
