,0
exp number,195
real value,pass
NumberSubmissions-perc_correct_InWeek12 <= 0.00,0.12295997164125985
FractionSpent-video.pause_InWeek12 <= 0.00,0.0856409396801139
ContentAlignment_InWeek13 <= 0.00,-0.07668027595360156
WeeklyProp-replayed-mean_InWeek12 <= 0.00,0.07542277964188468
TimeSessions-std_InWeek12 <= 0.00,0.0681829749742399
FractionSpent-video.play-completed_InWeek12 <= 0.00,0.06175273018660452
NumberSubmissions-distinct_correct_InWeek13 <= 0.00,0.060875347903019905
NumberSubmissions_InWeek12 <= 0.00,-0.058449896786496654
UtilizationRate_InWeek12 <= 0.00,-0.0465576735427262
ContentAnticipation_InWeek12 <= 0.00,0.03805591764270077
