,0
exp number,196
real value,fail
NumberSubmissions-distinct_correct_InWeek12 <= 0.00,0.10771583865533578
ContentAnticipation_InWeek10 <= 0.00,0.09928844416372366
FractionSpent-video.play-completed_InWeek12 <= 0.00,0.09429884704577407
TimeBetweenSessions-std_InWeek13 <= 0.00,0.0868679424351979
TimeSessions-std_InWeek14 <= 0.00,0.07957541382709185
NumberSubmissions-avg_time_InWeek11 <= 0.00,-0.06711138183617198
NumberSubmissions-avg_time_InWeek12 <= 0.00,-0.055104514290778076
WatchingRatio_InWeek12 <= 0.00,-0.04937283604678988
FractionSpent-video.play-completed_InWeek14 <= 0.00,0.034533185013163874
FractionSpent-video.play-played_InWeek11 <= 0.00,0.0037518713237016635
