,0
exp number,199
real value,pass
NumberSubmissions-perc_correct_InWeek11 <= 0.00,0.10171802486374021
NumberSubmissions-distinct_correct_InWeek13 <= 0.00,0.09702141233696357
NumberSubmissions-correct_InWeek11 <= 0.00,-0.09029758861634031
ContentAnticipation_InWeek13 <= 0.00,0.08467728132912855
NumberSubmissions-perc_correct_InWeek14 <= 0.00,0.07582660265999976
NumberSubmissions-perc_correct_InWeek12 <= 0.00,0.0665178176500045
NumberSubmissions-avg_InWeek12 <= 0.00,-0.0643618144806488
DelayLecture_InWeek14 <= -0.00,-0.055292180962840866
NumberSubmissions-correct_InWeek14 <= 0.00,-0.0522346621978054
DelayLecture_InWeek12 <= -0.00,-0.03366538684851374
