,0
exp number,2
real value,pass
NumberSubmissions-perc_correct_InWeek14 <= 0.00,0.0763556105607149
NumberSubmissions-distinct_correct_InWeek14 <= 0.00,0.07337977778757927
ContentAnticipation_InWeek10 <= 0.00,0.07169045980875986
NumberSubmissions-correct_InWeek13 <= 0.00,-0.06787530027140919
NumberSubmissions-perc_correct_InWeek12 <= 0.00,0.06747879599498312
NumberSubmissions-avg_InWeek12 <= 0.00,-0.03697877949359167
FractionSpent-video.pause_InWeek12 <= 0.00,0.0323188902742789
WeeklyProp-replayed-mean_InWeek14 <= 0.00,0.03051688521109697
NumberSubmissions-perc_correct_InWeek13 <= 0.00,0.03029709137454683
NumberSubmissions-distinct_correct_InWeek12 <= 0.00,0.014281327709432766
