,0
exp number,200
real value,pass
FrequencyEvent-video.load-relative_InWeek13 <= 0.00,0.10300448702001132
NumberSubmissions-perc_correct_InWeek11 <= 0.00,0.0896275611277753
ContentAnticipation_InWeek13 <= 0.00,0.08505289667907286
FractionSpent-video.seek-time-backward_InWeek11 <= 0.00,-0.07076489413341744
FractionSpent-video.play_InWeek12 <= 0.00,0.06410887923059228
NumberSubmissions-perc_correct_InWeek14 <= 0.00,0.055291608135917374
NumberSubmissions-perc_correct_InWeek13 <= 0.00,0.03447279793339615
TimeSessions-std_InWeek11 <= 0.00,0.034317898768396624
FractionSpent-video.play_InWeek14 <= 0.00,-0.031940145399485066
FractionSpent-video.seek-time-backward_InWeek12 <= 0.00,-0.019526941735989362
