,0
exp number,202
real value,pass
NumberSubmissions-perc_correct_InWeek11 <= 0.00,0.14842726400460796
CompetencyAnticipation_InWeek11 <= 0.00,0.11318779535820754
NumberSubmissions-perc_correct_InWeek13 <= 0.00,0.09781592547254711
NumberSubmissions-perc_correct_InWeek14 <= 0.00,0.08294438240189972
FractionSpent-video.play_InWeek12 <= 0.00,-0.06787087671427086
NumberSubmissions-correct_InWeek14 <= 0.00,-0.06694075477478906
FractionSpent-video.seek-time-backward_InWeek11 <= 0.00,-0.06059161456099168
ContentAnticipation_InWeek10 <= 0.00,0.040690905525668786
NumberSubmissions-avg_time_InWeek14 <= 0.00,-0.03823232957811975
UtilizationRate_InWeek11 <= 0.00,-0.034261274702632544
