,0
exp number,203
real value,fail
NumberSubmissions-distinct_correct_InWeek11 <= 0.00,0.10887633526640772
NumberSubmissions-perc_correct_InWeek13 <= 0.00,0.08560488221440864
FractionSpent-video.seek-time-backward_InWeek12 <= 0.00,-0.06197389017572758
FractionSpent-video.play_InWeek11 <= 0.00,-0.06186213803695101
NumberSubmissions-avg_time_InWeek13 <= 0.00,-0.04490233303037705
FrequencyEvent-video.load-relative_InWeek14 <= 0.00,0.038103649728412146
NumberSubmissions-correct_InWeek11 <= 0.00,-0.030486054518360714
WatchingRatio_InWeek12 <= 0.00,-0.02872992921742195
NumberSubmissions-perc_correct_InWeek14 <= 0.00,0.018647495882831284
DelayLecture_InWeek11 <= -0.00,-0.003383896821108723
