,0
exp number,205
real value,pass
NumberSubmissions-distinct_correct_InWeek11 <= 0.00,0.14476063843058323
ContentAnticipation_InWeek10 <= 0.00,0.08095879749568353
NumberSubmissions-avg_InWeek14 <= 0.00,0.0784809355237491
FractionSpent-video.play-completed_InWeek11 <= 0.00,0.07664227502223057
FractionSpent-video.pause_InWeek12 <= 0.00,0.07348218902692676
TimeSessions-std_InWeek14 <= 0.00,0.05701407963405975
NumberSubmissions-avg_time_InWeek14 <= 0.00,-0.05511830523177789
DelayLecture_InWeek11 <= -0.00,-0.051862448897676126
FractionSpent-video.play_InWeek14 <= 0.00,-0.04415966989149468
ObsDurationProblem_InWeek11 <= 0.00,-0.01851195476945974
