,0
exp number,206
real value,fail
NumberSubmissions-perc_correct_InWeek11 <= 0.00,0.0795855514758376
WeeklyProp-watched-mean_InWeek11 <= 0.00,-0.07727473980070856
FractionSpent-video.seek-time-backward_InWeek14 <= 0.00,-0.07441480630971589
NumberSubmissions-distinct_correct_InWeek14 <= 0.00,0.06863916111008447
AttendanceRate_InWeek11 <= 0.00,-0.05181858227890722
ContentAnticipation_InWeek13 <= 0.00,0.038384049227032625
AttendanceRate_InWeek12 <= 0.00,-0.036098022416136605
NumberSubmissions_InWeek11 <= 0.00,-0.03216656982811014
DelayLecture_InWeek11 <= -0.00,-0.007921777503721425
NumberSubmissions_InWeek13 <= 0.00,0.005877453701822705
