,0
exp number,208
real value,fail
NumberSubmissions-distinct_correct_InWeek11 <= 0.00,0.10737376139512689
ContentAnticipation_InWeek11 <= 0.00,0.10260176705738014
WeeklyProp-replayed-mean_InWeek12 <= 0.00,0.08232819613605977
WeeklyProp-replayed-mean_InWeek14 <= 0.00,0.07560503422215595
NumberSubmissions-perc_correct_InWeek13 <= 0.00,0.06274309281476001
NumberSubmissions-perc_correct_InWeek11 <= 0.00,0.05446783576627826
WatchingIndex_InWeek14 <= 0.00,-0.04099944026770591
ContentAnticipation_InWeek13 <= 0.00,0.036199492206691164
NumberSubmissions-avg_time_InWeek13 <= 0.00,-0.03267669315383132
NumberSubmissions-avg_time_InWeek11 <= 0.00,-0.024997081097663628
