,0
exp number,209
real value,pass
TimeSessions-std_InWeek13 <= 0.00,0.10010171227494606
UtilizationRate_InWeek11 <= 0.00,-0.08965909523117158
NumberSubmissions-perc_correct_InWeek11 <= 0.00,0.08684321499615197
NumberSubmissions_InWeek11 <= 0.00,0.0661636292169085
WatchingIndex_InWeek11 <= 0.00,-0.05828464434545201
DelayLecture_InWeek11 <= -0.00,-0.049766368347383336
FractionSpent-video.play-completed_InWeek11 <= 0.00,0.04619950870356208
TimeSessions-std_InWeek11 <= 0.00,0.04606779735719911
ContentAnticipation_InWeek10 <= 0.00,0.046004466860889416
TimeSessions-std_InWeek12 <= 0.00,0.026567728054550824
