,0
exp number,214
real value,fail
NumberSubmissions-perc_correct_InWeek11 > 0.00,-0.15157800952253597
ContentAnticipation_InWeek12 > 0.00,-0.09833346537250696
FractionSpent-video.play_InWeek11 > 0.00,0.07413730834869552
WeeklyProp-replayed-mean_InWeek13 > 0.00,-0.0738600790293336
DelayLecture_InWeek11 > -0.00,0.06803094856927809
WatchingIndex_InWeek11 > 0.00,0.06544313779831472
WatchingRatio_InWeek14 > 0.00,0.0628266164344413
NumberSubmissions-avg_time_InWeek13 > 0.00,0.04330230904524824
WeeklyProp-interrupted-mean_InWeek11 > 0.00,0.03073888779471823
TimeSessions-std_InWeek14 > 0.00,-0.011531043549598406
