,0
exp number,24
real value,pass
FractionSpent-video.pause_InWeek12 <= 0.00,0.11454164687093246
ContentAnticipation_InWeek10 <= 0.00,0.10846002779730053
ContentAnticipation_InWeek12 <= 0.00,0.07431734006622193
ContentAlignment_InWeek12 <= 0.00,-0.07384399444033446
NumberSubmissions-perc_correct_InWeek11 <= 0.00,0.0688848252413378
NumberSubmissions-correct_InWeek12 <= 0.00,-0.05082770862316897
NumberSubmissions-distinct_correct_InWeek12 <= 0.00,0.04248990988013524
NumberSubmissions-perc_correct_InWeek13 <= 0.00,0.03884383557192353
NumberSubmissions-avg_InWeek11 <= 0.00,-0.028158923836544208
UtilizationRate_InWeek13 <= 0.00,-0.015369699877898846
