,0
exp number,28
real value,fail
NumberSubmissions-avg_time_InWeek12 <= 0.00,-0.10571944599174503
TimeSessions-std_InWeek12 <= 0.00,0.09409853485151816
WeeklyProp-interrupted-mean_InWeek12 <= 0.00,-0.07539946942486
DelayLecture_InWeek12 <= -0.00,-0.06706843176394496
UtilizationRate_InWeek11 <= 0.00,-0.06483547889366925
WeeklyProp-watched-mean_InWeek11 <= 0.00,0.06329634495898881
FractionSpent-video.play_InWeek13 <= 0.00,-0.05730553486360651
FractionSpent-video.seek-time-backward_InWeek12 <= 0.00,-0.05122664897569271
WatchingRatio_InWeek13 <= 0.00,-0.0356034091598123
WatchingRatio_InWeek12 <= 0.00,-0.030437196175290233
