,0
exp number,29
real value,pass
TimeSessions-std_InWeek12 <= 0.00,0.09900370246253641
WeeklyProp-watched-mean_InWeek14 <= 0.00,-0.08839292642768333
NumberSubmissions-correct_InWeek11 <= 0.00,-0.08128450039272872
NumberSubmissions-correct_InWeek14 <= 0.00,-0.056555469478628835
NumberSubmissions-distinct_correct_InWeek13 <= 0.00,0.05410718630135532
ContentAnticipation_InWeek11 <= 0.00,0.052460825957062425
FractionSpent-video.play-completed_InWeek13 <= 0.00,0.03919025479943265
ContentAnticipation_InWeek12 <= 0.00,0.03807942262019339
NumberSubmissions-avg_time_InWeek12 <= 0.00,-0.03573517192069802
NumberSubmissions_InWeek14 <= 0.00,-0.02837345256331282
