,0
exp number,32
real value,fail
ContentAnticipation_InWeek10 <= 0.00,0.12261072362026809
NumberSubmissions-avg_time_InWeek12 <= 0.00,-0.09962947674857853
FractionSpent-video.play-completed_InWeek13 <= 0.00,0.07901574134524804
NumberSubmissions-perc_correct_InWeek11 <= 0.00,0.0787471390895232
NumberSubmissions-distinct_correct_InWeek14 <= 0.00,0.06819337153807566
UtilizationRate_InWeek12 <= 0.00,-0.06399157872313162
NumberSubmissions-perc_correct_InWeek13 <= 0.00,0.0588185300274715
DelayLecture_InWeek13 <= -0.00,-0.053890475062483394
TimeBetweenSessions-std_InWeek13 <= 0.00,0.04679881754653552
DelayLecture_InWeek11 <= -0.00,-0.041312997002758235
