,0
exp number,33
real value,pass
FractionSpent-video.play_InWeek11 <= 0.00,-0.07029346628045238
FractionSpent-video.play-completed_InWeek14 <= 0.00,0.06705214500587826
video.stop-problem.check-video.load_InWeek14 <= 0.00,0.06265338861716947
WeeklyProp-replayed-mean_InWeek12 <= 0.00,0.05333785542911823
TimeSessions-std_InWeek12 <= 0.00,0.04436636854840983
FrequencyEvent-video.pause-relative_InWeek14 <= 0.00,-0.03898483694698357
TimeSessions-std_InWeek11 <= 0.00,0.03683649236806989
NumberSubmissions-distinct_InWeek12 <= 0.00,0.02558860170676425
DelayLecture_InWeek11 <= -0.00,-0.02557202987838161
NumberSubmissions-distinct_correct_InWeek11 <= 0.00,0.023176792049663452
