,0
exp number,34
real value,pass
NumberSubmissions-distinct_correct_InWeek12 <= 0.00,0.11069101257620775
ContentAnticipation_InWeek14 <= 0.00,0.09966577964860157
ContentAnticipation_InWeek11 <= 0.00,0.09644128466233538
NumberSubmissions-avg_time_InWeek12 <= 0.00,-0.08920929992892178
WeeklyProp-watched-mean_InWeek14 <= 0.00,-0.07142952314437125
NumberSubmissions-avg_InWeek11 <= 0.00,-0.07032417467727008
FrequencyEvent-video.load-relative_InWeek12 <= 0.00,0.06203916664049315
NumberSubmissions-correct_InWeek13 <= 0.00,-0.05656813753633504
FractionSpent-video.play-completed_InWeek13 <= 0.00,0.03030946400309868
TimeSessions-std_InWeek14 <= 0.00,-0.004516182747217051
