,0
exp number,40
real value,fail
NumberSubmissions-perc_correct_InWeek12 <= 0.00,0.13574268404573545
NumberSubmissions_InWeek12 <= 0.00,0.08054391091084093
NumberSubmissions-avg_time_InWeek13 <= 0.00,-0.07603571475305981
NumberSubmissions_InWeek11 <= 0.00,-0.04749891839317506
ContentAnticipation_InWeek13 <= 0.00,0.04592884804692812
NumberSubmissions-avg_time_InWeek11 <= 0.00,-0.03279951762549915
NumberSubmissions-perc_correct_InWeek11 <= 0.00,0.031495168729119484
TimeBetweenSessions-std_InWeek14 <= 0.00,0.02959402676013861
FractionSpent-video.play-completed_InWeek13 <= 0.00,0.022592523337768573
NumberSubmissions-avg_InWeek11 <= 0.00,-0.005034355363533496
