,0
exp number,41
real value,fail
NumberSubmissions-perc_correct_InWeek11 <= 0.00,0.12037444875546209
NumberSubmissions-perc_correct_InWeek14 <= 0.00,0.11412639921478616
FractionSpent-video.pause_InWeek13 <= 0.00,0.10534869600505115
video.play-video.stop-video.play_InWeek13 <= 0.00,0.08094750628588226
ObsDurationProblem_InWeek12 <= 0.00,-0.07843466761710205
ContentAnticipation_InWeek10 <= 0.00,0.04890148364195126
NumberSubmissions-perc_correct_InWeek13 <= 0.00,0.042073532076328565
FrequencyEvent-video.pause-relative_InWeek13 <= 0.00,0.03028461312628182
NumberSubmissions-avg_time_InWeek11 <= 0.00,-0.026845353805106238
WatchingRatio_InWeek11 <= 0.00,-0.0016136946896663437
