,0
exp number,42
real value,fail
CompetencyAnticipation_InWeek11 <= 0.00,0.0789980458879729
NumberSubmissions-correct_InWeek11 <= 0.00,-0.06613145165644167
DelayLecture_InWeek11 <= -0.00,-0.0625882518899266
FractionSpent-video.play-played_InWeek13 <= 0.00,-0.05819174667698226
ObsDurationProblem_InWeek12 <= 0.00,-0.05284267616542824
NumberSubmissions-distinct_correct_InWeek12 <= 0.00,0.05181976263690663
UtilizationRate_InWeek11 <= 0.00,-0.04997947697893312
NumberSubmissions-avg_InWeek12 <= 0.00,-0.036919091222760755
UtilizationRate_InWeek12 <= 0.00,-0.03623423884818948
FractionSpent-video.seek-time-backward_InWeek14 <= 0.00,-0.024742961874381596
