,0
exp number,46
real value,fail
NumberSubmissions-perc_correct_InWeek11 <= 0.00,0.10289689919844283
NumberSubmissions-perc_correct_InWeek12 <= 0.00,0.09398529514835462
FrequencyEvent-video.load-relative_InWeek13 <= 0.00,0.07384467507278027
FractionSpent-video.seek-time-backward_InWeek11 <= 0.00,-0.061196422258079905
FractionSpent-video.play-completed_InWeek12 <= 0.00,0.06008213405443604
UtilizationRate_InWeek11 <= 0.00,-0.05019201206844568
DelayLecture_InWeek13 <= -0.00,-0.0394969091975008
FractionSpent-video.seek-time-backward_InWeek13 <= 0.00,-0.02434368067192798
TimeBetweenSessions-std_InWeek12 <= 0.00,0.020686882882799417
WeeklyProp-watched-mean_InWeek13 <= 0.00,0.0012787350653218359
