,0
exp number,48
real value,pass
NumberSubmissions-distinct_InWeek11 <= 0.00,0.10422712534244155
ContentAnticipation_InWeek13 <= 0.00,0.09955369401504352
FrequencyEvent-video.pause-relative_InWeek12 <= 0.00,0.08754100947379244
FractionSpent-video.pause_InWeek11 <= 0.00,0.0811459561269939
NumberSubmissions_InWeek11 <= 0.00,-0.08107494981238865
CompetencyAnticipation_InWeek13 <= 0.00,-0.07950712771409109
NumberSubmissions-avg_time_InWeek11 <= 0.00,-0.0749240342109158
ObsDurationProblem_InWeek12 <= 0.00,0.04325139942042157
FractionSpent-video.play_InWeek12 <= 0.00,-0.02457848131525408
WeeklyProp-replayed-mean_InWeek13 <= 0.00,0.0082990898280476
