,0
exp number,50
real value,fail
NumberSubmissions-distinct_correct_InWeek12 <= 0.00,0.09584572443009153
TimeBetweenSessions-std_InWeek14 <= 0.00,0.08449986666872354
WeeklyProp-watched-mean_InWeek11 <= 0.00,-0.07648872855668647
NumberSubmissions-correct_InWeek14 <= 0.00,-0.06714898978365362
NumberSubmissions-avg_time_InWeek11 <= 0.00,-0.06338620363730593
FractionSpent-video.play-completed_InWeek12 <= 0.00,0.05864557923627356
NumberSubmissions-perc_correct_InWeek12 <= 0.00,0.05776419733873404
NumberSubmissions-avg_time_InWeek14 <= 0.00,-0.054718012762061036
FractionSpent-video.play-completed_InWeek11 <= 0.00,0.049975372243621564
AttendanceRate_InWeek14 <= 0.00,-0.028936156543124432
