,0
exp number,51
real value,fail
WeeklyProp-replayed-mean_InWeek11 <= 0.00,0.11829181336215373
WeeklyProp-replayed-mean_InWeek14 <= 0.00,0.08298452992822138
FrequencyEvent-video.load-relative_InWeek12 <= 0.00,-0.05834687168475091
TimeSessions-std_InWeek14 <= 0.00,0.058181847239072555
ContentAnticipation_InWeek14 <= 0.00,0.05653682274832388
NumberSubmissions-perc_correct_InWeek11 <= 0.00,0.04848080385807668
NumberSubmissions-correct_InWeek14 <= 0.00,-0.046114360268666596
NumberSubmissions-perc_correct_InWeek12 <= 0.00,0.03708902559896283
WeeklyProp-watched-mean_InWeek14 <= 0.00,-0.030323522779215812
FractionSpent-video.play_InWeek13 <= 0.00,0.01693804628307789
