,0
exp number,52
real value,fail
NumberSubmissions-distinct_InWeek12 <= 0.00,-0.07414108694588238
ContentAnticipation_InWeek10 <= 0.00,0.07301890764862352
NumberSubmissions-perc_correct_InWeek11 <= 0.00,0.06256502723826105
WeeklyProp-replayed-mean_InWeek12 <= 0.00,0.05954852855679585
TimeBetweenSessions-std_InWeek11 <= 0.00,-0.05870020688526924
FractionSpent-video.play_InWeek12 <= 0.00,-0.04947196676117451
CompetencyAnticipation_InWeek10 <= 0.00,0.032199868458155714
ContentAlignment_InWeek14 <= 0.00,-0.015418407984695355
WatchingIndex_InWeek13 <= 0.00,0.014869431032692186
NumberSubmissions-perc_correct_InWeek12 <= 0.00,0.011851125150979783
