,0
exp number,55
real value,pass
NumberSubmissions-distinct_correct_InWeek14 <= 0.00,0.09518330668968693
video.play-video.stop-video.play_InWeek14 <= 0.00,0.08769640537311033
FractionSpent-video.seek-time-backward_InWeek13 <= 0.00,-0.0829755994939318
ContentAnticipation_InWeek11 <= 0.00,0.07868242548275868
WeeklyProp-interrupted-mean_InWeek11 <= 0.00,-0.07842273566725094
FrequencyEvent-video.load-relative_InWeek11 <= 0.00,0.06262471579466916
WatchingRatio_InWeek13 <= 0.00,0.05828692209728256
WeeklyProp-watched-mean_InWeek14 <= 0.00,-0.04053467995136715
NumberSubmissions-correct_InWeek14 <= 0.00,-0.03331256075491448
NumberSubmissions-correct_InWeek11 <= 0.00,-0.021560335963114803
