,0
exp number,57
real value,fail
TimeSessions-std_InWeek13 <= 0.00,0.12315120888315234
TimeBetweenSessions-std_InWeek12 <= 0.00,0.07192771423827611
NumberSubmissions-distinct_InWeek11 <= 0.00,0.07062472691279859
NumberSubmissions-avg_time_InWeek11 <= 0.00,-0.06909510158853037
NumberSubmissions-distinct_correct_InWeek12 <= 0.00,0.050302221584685065
FractionSpent-video.play-completed_InWeek12 <= 0.00,0.04009852732889174
NumberSubmissions_InWeek11 <= 0.00,-0.03333709218662746
FractionSpent-video.play-completed_InWeek11 <= 0.00,0.031107672196773416
NumberSubmissions-correct_InWeek11 <= 0.00,-0.02915609509165282
NumberSubmissions-perc_correct_InWeek14 <= 0.00,-0.010296063528106294
