,0
exp number,59
real value,fail
FractionSpent-video.seek-time-backward_InWeek12 <= 0.00,-0.09176158958397214
TimeBetweenSessions-std_InWeek11 <= 0.00,0.07444843653639295
WeeklyProp-replayed-mean_InWeek14 <= 0.00,0.06986204435919534
ObsDurationProblem_InWeek11 <= 0.00,-0.06882529929875325
video.stop-video.play-video.seek_InWeek12 <= 0.00,0.06575374756122893
FractionSpent-video.play-completed_InWeek11 <= 0.00,0.058523209737226356
AttendanceRate_InWeek14 <= 0.00,-0.05402771267264866
AttendanceRate_InWeek12 <= 0.00,0.05014901012354129
NumberSubmissions-avg_time_InWeek13 <= 0.00,-0.018356335926983363
NumberSubmissions-correct_InWeek13 <= 0.00,0.005709694888863499
