,0
exp number,6
real value,pass
NumberSubmissions-perc_correct_InWeek11 <= 0.00,0.14455388792841936
FrequencyEvent-video.load-relative_InWeek13 <= 0.00,0.11010486759570699
FractionSpent-video.play-completed_InWeek12 <= 0.00,0.08273645008284825
ContentAnticipation_InWeek11 <= 0.00,0.08224138662330135
NumberSubmissions-perc_correct_InWeek13 <= 0.00,0.08030135657424153
DelayLecture_InWeek11 <= -0.00,-0.06124186751668401
NumberSubmissions-avg_time_InWeek14 <= 0.00,-0.04685287453382788
TimeSessions-std_InWeek12 <= 0.00,0.04174956373154801
ContentAlignment_InWeek13 <= 0.00,-0.04032361214125961
NumberSubmissions-distinct_InWeek12 <= 0.00,-0.0028448550794262636
