,0
exp number,63
real value,pass
WeeklyProp-watched-mean_InWeek14 <= 0.00,-0.1010027342332309
FractionSpent-video.seek-time-backward_InWeek11 <= 0.00,-0.08792233319732692
FractionSpent-video.play_InWeek12 <= 0.00,-0.07428636457517242
FrequencyEvent-video.load-relative_InWeek13 <= 0.00,0.07237506822203446
FrequencyEvent-video.load-relative_InWeek11 <= 0.00,-0.05941614737268686
NumberSubmissions-avg_time_InWeek13 <= 0.00,-0.05749010103717588
video.play-video.stop-video.play_InWeek14 <= 0.00,-0.049951514990245326
NumberSubmissions-correct_InWeek13 <= 0.00,-0.04910589452262622
DelayLecture_InWeek14 <= -0.00,-0.04251328662457993
FractionSpent-video.play-completed_InWeek12 <= 0.00,0.03664391021136809
