,0
exp number,67
real value,fail
NumberSubmissions-distinct_InWeek14 <= 0.00,0.1118047312303869
NumberSubmissions-distinct_correct_InWeek14 <= 0.00,0.10415656143709112
NumberSubmissions-avg_time_InWeek14 <= 0.00,-0.07104709168892961
TimeSessions-std_InWeek13 <= 0.00,0.060981016413716366
NumberSubmissions-avg_time_InWeek11 <= 0.00,-0.06046499978219136
NumberSubmissions-perc_correct_InWeek12 <= 0.00,0.06015984954206234
NumberSubmissions-perc_correct_InWeek13 <= 0.00,0.05011772014188393
WatchingIndex_InWeek11 <= 0.00,-0.04794518630016055
DelayLecture_InWeek11 <= -0.00,-0.03856077206393417
TimeSessions-std_InWeek12 <= 0.00,0.018129509136274372
