,0
exp number,70
real value,pass
NumberSubmissions-perc_correct_InWeek12 <= 0.00,0.08807670862088388
NumberSubmissions-distinct_correct_InWeek12 <= 0.00,0.07999732995663052
FractionSpent-video.play-completed_InWeek13 <= 0.00,0.07518171890673005
TimeBetweenSessions-std_InWeek12 <= 0.00,-0.06997316563571589
NumberSubmissions-correct_InWeek11 <= 0.00,-0.057626736472742
ContentAnticipation_InWeek14 <= 0.00,0.05674311173028802
ContentAnticipation_InWeek13 <= 0.00,0.04988633867549266
DelayLecture_InWeek12 <= -0.00,-0.04582546522813684
WeeklyProp-replayed-mean_InWeek11 <= 0.00,0.03742379569524503
FractionSpent-video.seek-time-backward_InWeek11 <= 0.00,-0.01816897966930332
