,0
exp number,71
real value,pass
TimeSessions-std_InWeek14 <= 0.00,0.09260939760400723
ContentAnticipation_InWeek14 <= 0.00,0.09003208707686297
WeeklyProp-replayed-mean_InWeek14 <= 0.00,-0.08442226068717697
DelayLecture_InWeek12 <= -0.00,-0.06132930176260349
NumberSubmissions-perc_correct_InWeek11 <= 0.00,0.05664056814830186
ContentAnticipation_InWeek12 <= 0.00,0.05634900208871555
ContentAnticipation_InWeek11 <= 0.00,0.0558334271270107
video.stop-problem.check-video.load_InWeek14 <= 0.00,0.05471816158877669
ContentAnticipation_InWeek13 <= 0.00,0.041920937433400605
ContentAlignment_InWeek13 <= 0.00,-0.036220710372302685
