,0
exp number,72
real value,fail
NumberSubmissions_InWeek11 <= 0.00,-0.08900746477331072
NumberSubmissions-perc_correct_InWeek13 <= 0.00,0.08808909678851828
ContentAnticipation_InWeek13 <= 0.00,0.08094585341554048
TimeSessions-std_InWeek12 <= 0.00,0.07413092731379269
ContentAnticipation_InWeek10 <= 0.00,0.06964505189473014
FractionSpent-video.play-completed_InWeek12 <= 0.00,0.06237760725650169
NumberSubmissions-correct_InWeek14 <= 0.00,-0.05879951675403707
CompetencyAnticipation_InWeek12 <= 0.00,0.05825984156706982
DelayLecture_InWeek14 <= -0.00,-0.05076111241372956
WatchingRatio_InWeek14 <= 0.00,-0.03528338085080084
