,0
exp number,73
real value,fail
ContentAnticipation_InWeek10 <= 0.00,0.13431010714849392
ContentAnticipation_InWeek12 <= 0.00,0.10201120843478989
WeeklyProp-replayed-mean_InWeek11 <= 0.00,0.08870288412769807
ContentAnticipation_InWeek14 <= 0.00,0.08000884557350336
NumberSubmissions-perc_correct_InWeek14 <= 0.00,0.07372204991517084
NumberSubmissions-perc_correct_InWeek11 <= 0.00,0.059935234424217845
TimeSessions-std_InWeek13 <= 0.00,0.059089505127613934
NumberSubmissions-avg_time_InWeek14 <= 0.00,-0.05653712316687118
WeeklyProp-replayed-mean_InWeek14 <= 0.00,0.04699816349481991
FractionSpent-video.seek-time-backward_InWeek13 <= 0.00,-0.044710817478600166
