,0
exp number,76
real value,fail
ContentAnticipation_InWeek10 <= 0.00,0.12008748047625852
AttendanceRate_InWeek13 <= 0.00,-0.09251926852932761
NumberSubmissions-perc_correct_InWeek11 <= 0.00,0.08998170427742926
WeeklyProp-watched-mean_InWeek11 <= 0.00,-0.08376865672772621
NumberSubmissions-avg_time_InWeek12 <= 0.00,-0.07818910757171252
NumberSubmissions-perc_correct_InWeek13 <= 0.00,0.07288440821151701
NumberSubmissions-correct_InWeek14 <= 0.00,-0.0531503685734721
FractionSpent-video.seek-time-backward_InWeek14 <= 0.00,-0.0427543355400074
AttendanceRate_InWeek12 <= 0.00,-0.0375706072703654
WeeklyProp-replayed-mean_InWeek14 <= 0.00,0.03261263592699198
