,0
exp number,77
real value,fail
WeeklyProp-watched-mean_InWeek11 <= 0.00,0.12638087148091928
DelayLecture_InWeek12 <= -0.00,-0.09659694335977564
NumberSubmissions-perc_correct_InWeek11 <= 0.00,0.08454984283025384
NumberSubmissions-distinct_correct_InWeek11 <= 0.00,0.08217484593534716
NumberSubmissions-avg_InWeek14 <= 0.00,0.06893250723052395
FractionSpent-video.play-completed_InWeek11 <= 0.00,0.06774579615983091
NumberSubmissions_InWeek13 <= 0.00,-0.04201422102318313
NumberSubmissions-avg_time_InWeek11 <= 0.00,-0.04003192996544228
WeeklyProp-interrupted-mean_InWeek14 <= 0.00,-0.0297919915173296
FractionSpent-video.play-played_InWeek13 <= 0.00,-0.02235251753268276
