,0
exp number,79
real value,fail
NumberSubmissions-perc_correct_InWeek12 <= 0.00,0.08531995784324971
video.stop-problem.check-video.load_InWeek14 <= 0.00,0.058676475020287285
WatchingRatio_InWeek14 <= 0.00,-0.05682081998335786
FractionSpent-video.play_InWeek14 <= 0.00,-0.04891844011562275
FractionSpent-video.seek-time-backward_InWeek11 <= 0.00,-0.04671370504025658
NumberSubmissions-avg_time_InWeek14 <= 0.00,-0.04367436097209228
TimeSessions-std_InWeek12 <= 0.00,0.04143068561424438
UtilizationRate_InWeek13 <= 0.00,-0.03333669706292388
WeeklyProp-interrupted-mean_InWeek14 <= 0.00,-0.032457702739209254
DelayLecture_InWeek14 <= -0.00,-0.031736017969210696
