,0
exp number,8
real value,fail
NumberSubmissions-perc_correct_InWeek13 <= 0.00,0.07345787599095388
NumberSubmissions-avg_InWeek11 <= 0.00,-0.07086035297908708
NumberSubmissions-distinct_correct_InWeek12 <= 0.00,0.06547748938455167
NumberSubmissions-perc_correct_InWeek14 <= 0.00,0.0632082422730265
ContentAnticipation_InWeek11 <= 0.00,0.06131159658931456
DelayLecture_InWeek11 <= -0.00,-0.060230990829427566
FrequencyEvent-video.load-relative_InWeek12 <= 0.00,0.05045273799621176
FrequencyEvent-video.load-relative_InWeek13 <= 0.00,-0.05003590181783447
NumberSubmissions-distinct_InWeek14 <= 0.00,0.04952111195169713
NumberSubmissions-avg_InWeek13 <= 0.00,-0.008243080255297717
