,0
exp number,80
real value,fail
FractionSpent-video.play-completed_InWeek13 <= 0.00,0.10211850483859482
DelayLecture_InWeek11 <= -0.00,-0.09886200153930022
ContentAlignment_InWeek14 <= 0.00,0.09493144255018145
FractionSpent-video.play_InWeek11 <= 0.00,-0.09447276914741665
DelayLecture_InWeek12 <= -0.00,-0.07846096458574851
ObsDurationProblem_InWeek11 <= 0.00,-0.0747002764457942
ContentAnticipation_InWeek13 <= 0.00,0.0685613091670408
UtilizationRate_InWeek12 <= 0.00,-0.062175786409781914
ContentAlignment_InWeek12 <= 0.00,-0.059715941443269215
NumberSubmissions-correct_InWeek14 <= 0.00,-0.015228563296890495
