,0
exp number,82
real value,pass
NumberSubmissions-perc_correct_InWeek13 <= 0.00,0.08356414276933054
NumberSubmissions-distinct_correct_InWeek11 <= 0.00,0.07317781230222589
FractionSpent-video.play-completed_InWeek12 <= 0.00,0.06968740790676639
WeeklyProp-replayed-mean_InWeek12 <= 0.00,0.0672426173645562
FrequencyEvent-video.load-relative_InWeek13 <= 0.00,0.06274812382505922
FrequencyEvent-video.pause-relative_InWeek14 <= 0.00,0.062297376303006295
NumberSubmissions-perc_correct_InWeek11 <= 0.00,0.06229026374465554
ObsDurationProblem_InWeek14 <= 0.00,-0.06120917294604421
ContentAnticipation_InWeek10 <= 0.00,0.04594649275018217
WatchingIndex_InWeek13 <= 0.00,-0.044137880439096916
