,0
exp number,83
real value,pass
ContentAnticipation_InWeek10 <= 0.00,0.08495838034718046
FrequencyEvent-video.load-relative_InWeek14 <= 0.00,0.0779551132485073
WeeklyProp-replayed-mean_InWeek13 <= 0.00,0.07638325403788852
FractionSpent-video.pause_InWeek12 <= 0.00,0.0732775110273537
NumberSubmissions-perc_correct_InWeek14 <= 0.00,0.05879281001253402
TimeSessions-std_InWeek11 <= 0.00,-0.05774360420179189
NumberSubmissions-perc_correct_InWeek12 <= 0.00,0.05482889758670953
NumberSubmissions-correct_InWeek11 <= 0.00,-0.04563098539582131
WeeklyProp-interrupted-mean_InWeek13 <= 0.00,-0.04012302467982937
NumberSubmissions-perc_correct_InWeek13 <= 0.00,0.013765200797886177
