,0
exp number,84
real value,fail
NumberSubmissions-avg_time_InWeek11 <= 0.00,-0.08994143234815231
WeeklyProp-replayed-mean_InWeek13 <= 0.00,0.07745037457280445
NumberSubmissions-avg_time_InWeek13 <= 0.00,-0.07695163394490796
ContentAnticipation_InWeek11 <= 0.00,0.0764286877494178
NumberSubmissions-avg_time_InWeek12 <= 0.00,-0.06346858334836043
CompetencyAnticipation_InWeek14 <= 0.00,0.05787092915761092
NumberSubmissions-correct_InWeek14 <= 0.00,-0.04169440333847874
FrequencyEvent-video.load-relative_InWeek14 <= 0.00,0.03275670862726542
video.play-video.stop-video.play_InWeek13 <= 0.00,-0.03186551169100591
FractionSpent-video.pause_InWeek12 <= 0.00,0.01967867718129626
