,0
exp number,89
real value,fail
ContentAnticipation_InWeek12 <= 0.00,0.11190937485647502
NumberSubmissions-perc_correct_InWeek12 <= 0.00,0.10058904900385807
NumberSubmissions-avg_time_InWeek12 <= 0.00,-0.09799943575666428
NumberSubmissions-perc_correct_InWeek11 <= 0.00,0.08035407804090929
NumberSubmissions-distinct_correct_InWeek14 <= 0.00,0.07649766522697964
FrequencyEvent-video.pause-relative_InWeek14 <= 0.00,0.07531938334296506
WeeklyProp-replayed-mean_InWeek11 <= 0.00,0.07490041850617879
FrequencyEvent-video.load-relative_InWeek12 <= 0.00,0.05850132094223729
TimeSessions-std_InWeek12 <= 0.00,0.05528922776232374
NumberSubmissions-correct_InWeek13 <= 0.00,-0.04645751013628677
