,0
exp number,9
real value,pass
ContentAnticipation_InWeek14 <= 0.00,0.09236183368516644
CompetencyAnticipation_InWeek11 <= 0.00,-0.08721332988538051
WatchingRatio_InWeek12 <= 0.00,-0.0858754771464628
FractionSpent-video.play-completed_InWeek14 <= 0.00,0.08362054992784798
NumberSubmissions-distinct_correct_InWeek12 <= 0.00,0.07245261163169796
WeeklyProp-interrupted-mean_InWeek11 <= 0.00,0.06457235720787541
NumberSubmissions-correct_InWeek11 <= 0.00,-0.050535146806284646
CompetencyAnticipation_InWeek12 <= 0.00,0.05051087509893239
NumberSubmissions-distinct_correct_InWeek13 <= 0.00,0.04250473687975356
TimeSessions-std_InWeek11 <= 0.00,0.04117805912681747
