,0
exp number,93
real value,pass
video.play-video.stop-video.play_InWeek14 <= 0.00,0.11335120947900927
FractionSpent-video.play-completed_InWeek13 <= 0.00,0.10526726127513321
ContentAnticipation_InWeek13 <= 0.00,0.0800026469416474
FractionSpent-video.pause_InWeek13 <= 0.00,0.07483705446312847
FractionSpent-video.pause_InWeek14 <= 0.00,0.05817123431848282
NumberSubmissions-distinct_correct_InWeek12 <= 0.00,0.05756527611255912
NumberSubmissions-distinct_correct_InWeek14 <= 0.00,0.05443450461352367
NumberSubmissions-perc_correct_InWeek13 <= 0.00,0.05400113623851287
WeeklyProp-interrupted-mean_InWeek14 <= 0.00,-0.04987612893460924
NumberSubmissions-distinct_InWeek14 <= 0.00,-0.025047843213997938
