,0
exp number,94
real value,pass
NumberSubmissions-perc_correct_InWeek14 <= 0.00,0.11712311724841269
FrequencyEvent-video.pause-relative_InWeek11 <= 0.00,0.10272323051749051
NumberSubmissions-perc_correct_InWeek11 <= 0.00,0.0922251582210268
NumberSubmissions-perc_correct_InWeek13 <= 0.00,0.08550401301090073
ContentAnticipation_InWeek14 <= 0.00,0.08267835961973638
NumberSubmissions-distinct_correct_InWeek11 <= 0.00,0.0727474952128918
WeeklyProp-replayed-mean_InWeek12 <= 0.00,0.05561169536743553
ObsDurationProblem_InWeek14 <= 0.00,-0.037169471255497986
NumberSubmissions-perc_correct_InWeek12 <= 0.00,0.034921108517548455
FrequencyEvent-video.load-relative_InWeek14 <= 0.00,0.033205045660279965
