,0
exp number,97
real value,pass
ContentAnticipation_InWeek10 <= 0.00,0.09236493103440102
ContentAnticipation_InWeek14 <= 0.00,0.09138810039526486
ObsDurationProblem_InWeek11 <= 0.00,0.09005833049439904
TimeBetweenSessions-std_InWeek11 <= 0.00,0.06329422821671726
CompetencyAnticipation_InWeek13 <= 0.00,0.060677346885248715
WatchingIndex_InWeek13 <= 0.00,-0.04950894137805574
DelayLecture_InWeek14 <= -0.00,-0.04616207776822516
DelayLecture_InWeek13 <= -0.00,-0.03739855427591516
NumberSubmissions-avg_time_InWeek12 <= 0.00,-0.030329822840431182
FractionSpent-video.play_InWeek11 <= 0.00,-0.007052196722008205
