,0
exp number,98
real value,pass
NumberSubmissions-perc_correct_InWeek11 <= 0.00,0.08185016846152128
FractionSpent-video.seek-time-backward_InWeek13 <= 0.00,-0.07677892976939525
NumberSubmissions-perc_correct_InWeek12 <= 0.00,0.06513255598601947
FractionSpent-video.play_InWeek11 <= 0.00,-0.06474183503887436
WatchingIndex_InWeek12 <= 0.00,-0.06257285872393539
WatchingRatio_InWeek14 <= 0.00,-0.0524295397846927
NumberSubmissions-correct_InWeek14 <= 0.00,-0.05157089768370583
AttendanceRate_InWeek12 <= 0.00,-0.039070560639603416
NumberSubmissions-avg_InWeek12 <= 0.00,-0.03582017196000321
FractionSpent-video.pause_InWeek13 <= 0.00,-0.031150463917512694
