,0
exp number,99
real value,pass
FractionSpent-video.play-played_InWeek12 <= 0.00,0.11811507896044328
NumberSubmissions-perc_correct_InWeek11 <= 0.00,0.09465521903554647
TimeSessions-std_InWeek11 <= 0.00,0.09226959881692826
NumberSubmissions-perc_correct_InWeek12 <= 0.00,0.07664564631566118
AttendanceRate_InWeek12 <= 0.00,-0.07248153656467743
NumberSubmissions_InWeek14 <= 0.00,-0.06394300954765772
WeeklyProp-interrupted-mean_InWeek11 <= 0.00,-0.04846693054946604
FractionSpent-video.play-completed_InWeek12 <= 0.00,0.048224183870672004
FractionSpent-video.seek-time-backward_InWeek12 <= 0.00,-0.04202368503014438
FractionSpent-video.play_InWeek13 <= 0.00,-0.01885385942829796
