,feature,mean_score_shap,mean_score_cem,mean_score_lime
0,total_clicks_InWeek1,0.0011135933972852025,0.0067306336667151394,0.0
1,number_sessions_InWeek1,0.0033219027228036492,0.005804527941591632,0.0
2,time_in__video_sum_InWeek1,0.002137872863701914,0.00011745205638178727,0.0
3,time_in__problem_sum_InWeek1,0.0025433261093228765,0.0006254721468742815,0.0
4,problem.check-problem.check-video.load_InWeek1,0.0024200104064330866,0.0006328602056455226,0.0
5,problem.check-problem.check-problem.check_InWeek1,0.003987347963584061,0.006025918064143415,0.0
6,regularity_peak_dayhour_InWeek1,0.0015426651910417284,0.004978885921015502,0.0
7,regularity_periodicity_m1_InWeek1,0.0037134677103733867,0.006508888495773502,0.0
8,delay_lecture_InWeek1,0.0042161168214976865,0.005172217366109383,0.0
9,time_sessions_sum_InWeek1,0.002171602730036248,0.005477255737480743,0.0
10,time_sessions_mean_InWeek1,0.0006157647550910271,0.0059782981252330366,0.0
11,time_between_sessions_std_InWeek1,0.0020894326889510416,0.003117572364900768,0.0
12,time_sessions_std_InWeek1,0.002848177853091266,0.00493829822900429,0.0
13,total_clicks_weekday_InWeek1,0.0007645352230452539,0.003645848726798812,0.0
14,total_clicks_weekend_InWeek1,0.0007946580262653692,0.000989497537753038,0.0
15,ratio_clicks_weekend_day_InWeek1,0.0009620134989424595,0.001826235265554009,0.0
16,total_clicks_video_InWeek1,0.0031440085223266596,0.004947561439472829,0.0
17,total_clicks_problem_InWeek1,0.004044811522631522,0.0053434796787073,0.013802976211096668
18,attendance_rate_InWeek1,0.0017491647363978115,0.005033287897878274,0.0
19,total_clicks_Video.Load_InWeek1,0.0026971490798578645,0.004947561439472829,0.0
20,weekly_prop_watched_mean_InWeek1,0.0032287728352307075,0.005033287897878274,0.0
21,weekly_prop_replayed_mean_InWeek1,0.000860891512209124,0.00023120647100050452,0.0
22,total_clicks_Video_InWeek1,0.003393693917665027,0.004947561439472829,0.0
23,frequency_action_Video.Load_InWeek1,0.003124355580246454,0.0058456419231851554,0.0
24,speed_playback__mean_InWeek1,5.8355058302381104e-05,0.0,0.0070029777724763724
25,speed_playback__std_InWeek1,0.004873993793058836,0.0,0.01136507272584575
26,count_unique_elements_video_InWeek1,0.0013702556502395399,0.004416098382384639,0.0
27,competency_anticipation_InWeek1,0.0047710952846864016,0.0034429333235558766,0.013486446786318478
28,content_alignment_InWeek1,0.001954059205705165,0.005033287897878274,0.0
29,content_anticipation_InWeek1,0.003006714372170153,0.0007282219112728182,0.00014799877899401067
30,content_anticipation_InWeek1,0.003006714372170153,0.0007282219112728182,0.01357521052291805
31,student_speed_InWeek1,0.0020998431553265833,0.0006561167345580157,0.0
32,frequency_action_relative_Video.Load_InWeek1,0.003955416160037875,0.005361232815896538,0.0
33,number_submissions_distinct_InWeek1,0.0037471926608049822,6.215173206770297e-05,0.0
34,number_submissions_InWeek1,0.0026046894156704597,0.005133580352953412,0.013802976211096668
35,number_submissions_distinct_correct_InWeek1,0.002722095483563604,0.0037948213650835223,0.0
36,number_submissions_avg_InWeek1,0.00351744386177352,0.005318680784740545,0.0
37,obs_duration_problem_InWeek1,0.001126969248861716,0.004827194504802513,0.0
38,number_submissions_perc_correct_InWeek1,0.0008964985907609502,0.005558638162259318,0.0
39,time_solve_problem_InWeek1,0.002756416283860466,0.00011943574323549025,0.013805673701986198
40,obs_duration_problem_var_InWeek1,0.0039110125287567235,0.000683301935606467,0.0
41,obs_duration_problem_amax_InWeek1,0.0013711965690218662,0.0008304456655376235,0.0
42,time_sessions_length_InWeek1,0.004212922871693749,0.005804527941591632,0.0
43,number_submissions_correct_InWeek1,0.002382876779741641,0.0037948213650835223,0.0
44,total_clicks_InWeek2,0.0010873827870475602,0.005641566533130367,0.0
45,number_sessions_InWeek2,0.004157167393818599,0.004797965634785867,0.0
46,time_in__video_sum_InWeek2,0.0044129463950106015,0.00010075257501973124,0.0
47,time_in__problem_sum_InWeek2,0.00118357740677426,0.0005178611463482505,0.0
48,problem.check-problem.check-video.load_InWeek2,0.004119184370785626,0.009408481292198278,0.0
49,problem.check-problem.check-problem.check_InWeek2,0.0030725537001376935,0.006495039747575064,0.0
50,regularity_peak_dayhour_InWeek2,0.00335012957862727,0.006627913807806791,0.0
51,regularity_periodicity_m1_InWeek2,0.003021983927848168,0.00493569959279519,0.0
52,delay_lecture_InWeek2,0.004134133449355507,0.004755345148855277,0.0
53,time_sessions_sum_InWeek2,0.0027664264372930453,0.0054131657102502355,0.0
54,time_sessions_mean_InWeek2,0.0027318042238116203,0.00458534403661389,0.0
55,time_between_sessions_std_InWeek2,0.0034160023305167455,0.0001351250366616573,0.0
56,time_sessions_std_InWeek2,0.0005223262705547026,0.004876857027089825,0.0
57,total_clicks_weekday_InWeek2,0.0012220791474931664,0.006127492051769622,0.0
58,total_clicks_weekend_InWeek2,0.0008041005825701243,0.0009187190682475859,0.0
59,ratio_clicks_weekend_day_InWeek2,0.0008025638803979952,0.007629541545610998,0.0
60,total_clicks_video_InWeek2,0.0017628339717950616,0.005150109655896967,0.0
61,total_clicks_problem_InWeek2,0.004068892940285387,5.807454703194658e-05,0.0
62,attendance_rate_InWeek2,0.0038025140577663623,0.006182574339614726,0.0
63,total_clicks_Video.Load_InWeek2,0.0030825788467056946,0.005150109655896967,0.0
64,weekly_prop_watched_mean_InWeek2,0.0007856606220196084,0.006182574339614726,0.0
65,weekly_prop_replayed_mean_InWeek2,0.0011923181865105426,0.00025209408456502985,0.0
66,total_clicks_Video_InWeek2,0.0032259349834317702,0.005150109655896967,0.0
67,frequency_action_Video.Load_InWeek2,0.0016438231874232306,0.005555354180027624,0.0
68,speed_playback__mean_InWeek2,5.8355058302381104e-05,0.0,0.012170612641681455
69,speed_playback__std_InWeek2,0.004873993793058836,0.0,0.007389182398499281
70,count_unique_elements_video_InWeek2,0.0027671410980265477,0.00481269692601017,0.0
71,competency_anticipation_InWeek2,0.0013858268699890586,0.004263624175001846,0.000143369788948985
72,competency_anticipation_InWeek2,0.0013858268699890586,0.004263624175001846,0.01335644426218258
73,content_alignment_InWeek2,0.002035154915998977,0.006182574339614726,0.0
74,content_anticipation_InWeek2,0.0014086028687714009,0.0005394433178564216,0.013169554348567451
75,student_speed_InWeek2,0.0038581118157748973,0.0005363286942429675,0.0
76,frequency_action_relative_Video.Load_InWeek2,0.0030816326610254075,0.006060028015291745,0.0
77,number_submissions_distinct_InWeek2,0.002309253283401402,0.00014821971836793846,0.0
78,number_submissions_InWeek2,0.0011921662242365618,0.00012009699681801871,0.0
79,number_submissions_distinct_correct_InWeek2,0.0037827075907035683,0.007071766102621991,0.0
80,number_submissions_avg_InWeek2,0.0027556837863624635,0.005198284161503012,0.0
81,obs_duration_problem_InWeek2,0.002931582537264001,0.0037635042021059452,0.0
82,number_submissions_perc_correct_InWeek2,0.0021909269266780374,0.0052544342294648565,0.0
83,time_solve_problem_InWeek2,0.001247151248425853,0.00025401057562857534,0.013573707579924514
84,obs_duration_problem_var_InWeek2,0.002730624267982697,0.0004701222505976335,0.0
85,obs_duration_problem_amax_InWeek2,0.003335371805611088,0.0008919236041324115,0.0
86,time_sessions_length_InWeek2,0.0037087985371827238,0.004797965634785867,0.0
87,number_submissions_correct_InWeek2,0.003318014818555438,5.8077164773128674e-05,0.0
88,total_clicks_InWeek3,0.0008838106683287254,0.004345840299272679,0.0
89,number_sessions_InWeek3,0.003930180747223792,0.006474834397413846,0.0
90,time_in__video_sum_InWeek3,0.0033786331502101198,0.0003535414900480425,0.0
91,time_in__problem_sum_InWeek3,0.002864712629509017,0.0005346845038384434,0.0
92,problem.check-problem.check-video.load_InWeek3,0.002444678269874679,0.000852267598886892,0.0
93,problem.check-problem.check-problem.check_InWeek3,0.003981580391690915,0.005820787555274422,0.0
94,regularity_peak_dayhour_InWeek3,0.0026588611693799742,0.004797881727697473,0.0
95,regularity_periodicity_m1_InWeek3,0.0038239016249224126,5.807693624143118e-05,0.0
96,delay_lecture_InWeek3,0.0025230699720331,0.005470849533143194,0.013479117507321307
97,time_sessions_sum_InWeek3,0.004038234922072253,0.005253838942387061,0.01370379286829252
98,time_sessions_mean_InWeek3,0.004220927545413295,0.00011277745526689444,0.013671698794908467
99,time_between_sessions_std_InWeek3,0.0022972847458294318,0.00013964932226198187,0.0
100,time_sessions_std_InWeek3,0.001164823277272254,0.0048902683164122615,0.0
101,total_clicks_weekday_InWeek3,0.003807293843494375,0.00638430536371655,0.0
102,total_clicks_weekend_InWeek3,0.0031432453997295227,0.0007914460928499342,0.0
103,ratio_clicks_weekend_day_InWeek3,0.0032885307095876027,0.0005923513692152141,0.0
104,total_clicks_video_InWeek3,0.0034065780580745993,0.004016929035421146,0.0
105,total_clicks_problem_InWeek3,0.0023387919489709958,5.807480404407172e-05,0.0
106,attendance_rate_InWeek3,0.0031874386934931543,0.00605236359229256,0.0
107,total_clicks_Video.Load_InWeek3,0.0038664386888318074,0.004016929035421146,0.0
108,weekly_prop_watched_mean_InWeek3,0.0035434115841736624,0.00605236359229256,0.0
109,weekly_prop_replayed_mean_InWeek3,0.0022217736089746687,0.0002877982003053444,0.0
110,total_clicks_Video_InWeek3,0.0025022488370720656,0.004016929035421146,0.0
111,frequency_action_Video.Load_InWeek3,0.0022271200239867206,0.005190529692635099,0.0
112,speed_playback__mean_InWeek3,5.8355058302381104e-05,0.0,0.013040110526243306
113,speed_playback__std_InWeek3,0.0,0.0,0.005887305266932261
114,count_unique_elements_video_InWeek3,0.0013934902558866583,0.003699913704337042,0.0
115,competency_anticipation_InWeek3,0.0,0.0,0.011126775127392158
116,competency_anticipation_InWeek3,0.0,0.0,0.013791071366887467
117,content_alignment_InWeek3,0.0007871378720262868,0.00605236359229256,0.0
118,content_anticipation_InWeek3,5.8355058302381104e-05,0.0005142293134350403,0.008562293811950682
119,student_speed_InWeek3,0.0016301661181332347,0.0004895670387882559,0.0
120,frequency_action_relative_Video.Load_InWeek3,0.0014983065172371052,0.00608006238155815,0.0
121,number_submissions_distinct_InWeek3,0.0025681754258463363,0.00022291667858411151,0.0
122,number_submissions_InWeek3,0.0027630036614528066,0.00015855663445894176,0.0
123,number_submissions_distinct_correct_InWeek3,0.003530220732059445,0.006711163506176174,0.0
124,number_submissions_avg_InWeek3,0.0020203924367482727,0.0054984390015023745,0.0
125,obs_duration_problem_InWeek3,0.002506596452155789,0.007269402917664448,0.0
126,number_submissions_perc_correct_InWeek3,0.0017894884768999723,0.0046790074323727095,0.0
127,time_solve_problem_InWeek3,0.004174737022393632,0.0003124092584780873,0.0
128,obs_duration_problem_var_InWeek3,0.003695524028964411,0.00047550439733274214,0.0
129,obs_duration_problem_amax_InWeek3,0.00301262817510205,0.0008902748924152738,0.0
130,time_sessions_length_InWeek3,0.0018699862588191544,0.006474834397413846,0.0
131,number_submissions_correct_InWeek3,0.0029178463182136637,0.00012009904125367444,0.0
132,total_clicks_InWeek4,0.0022452578536533846,0.003874987346020534,0.0
133,number_sessions_InWeek4,0.0043124900256724845,0.005464961725684619,0.0
134,time_in__video_sum_InWeek4,0.004380230551275153,0.00040255257988683075,0.0
135,time_in__problem_sum_InWeek4,0.003676864055646836,0.0004913792329947706,0.0
136,problem.check-problem.check-video.load_InWeek4,0.0031017166422168774,0.009547659951974827,0.0
137,problem.check-problem.check-problem.check_InWeek4,0.0027998545798297893,0.004203498827817056,0.0
138,regularity_peak_dayhour_InWeek4,0.00363956040602264,0.0062289015270769405,0.0
139,regularity_periodicity_m1_InWeek4,0.004455991452109871,0.0001440854640470003,0.0
140,delay_lecture_InWeek4,0.0035257175079510625,6.215109166110763e-05,0.0
141,time_sessions_sum_InWeek4,0.003898930540139192,0.006046957712233777,0.0
142,time_sessions_mean_InWeek4,0.0028304459858962193,0.0001736784379848338,0.0
143,time_between_sessions_std_InWeek4,0.0008528301307222239,0.0004902227993360885,0.0
144,time_sessions_std_InWeek4,0.003910874289427131,0.0036604567287331995,0.0
145,total_clicks_weekday_InWeek4,0.0010917884284082468,0.004318773066760755,0.013655530676809823
146,total_clicks_weekend_InWeek4,0.0034158265096125794,0.0010674491874892288,0.0
147,ratio_clicks_weekend_day_InWeek4,0.0026739311002182725,0.0035803254236024514,0.0
148,total_clicks_video_InWeek4,0.0019239919782491207,0.004230819456898224,0.0
149,total_clicks_problem_InWeek4,0.003997645320085314,5.807570276357422e-05,0.0
150,attendance_rate_InWeek4,0.0013077368494137393,0.0033497146254189863,0.0
151,total_clicks_Video.Load_InWeek4,0.003031318225397369,0.004230819456898224,0.0
152,weekly_prop_watched_mean_InWeek4,0.0027391263965999557,0.0033497146254189863,0.0
153,weekly_prop_replayed_mean_InWeek4,0.0033685181972862564,0.0003476940980931619,0.0
154,total_clicks_Video_InWeek4,0.004167646758681866,0.004230819456898224,0.0
155,frequency_action_Video.Load_InWeek4,0.003832957314007405,0.005350674915974499,0.013121045623882367
156,speed_playback__mean_InWeek4,5.8355058302381104e-05,0.0,0.009136476778921475
157,speed_playback__std_InWeek4,0.0,0.0,0.00045198023072917464
158,speed_playback__std_InWeek4,0.0,0.0,0.013791071366887467
159,count_unique_elements_video_InWeek4,0.0029266455468449004,0.004611061768062142,0.0
160,competency_anticipation_InWeek4,0.0038171684175291242,0.00425197793311973,0.00014471931731554084
161,competency_anticipation_InWeek4,0.0038171684175291242,0.00425197793311973,0.013657484898156597
162,content_alignment_InWeek4,0.00397647939720709,0.0033497146254189863,0.0
163,content_anticipation_InWeek4,0.0027851951085827694,0.000507054288258788,0.0
164,student_speed_InWeek4,0.0021690962588280394,0.000554214478364706,0.0
165,frequency_action_relative_Video.Load_InWeek4,0.0012446447653199821,0.004857986429522558,0.0
166,number_submissions_distinct_InWeek4,0.0024433033822651436,0.0004830292500908322,0.0
167,number_submissions_InWeek4,0.0013764990217271726,0.0003396729512438163,0.0
168,number_submissions_distinct_correct_InWeek4,0.003743207537890492,0.007159607725835976,0.0
169,number_submissions_avg_InWeek4,0.0028149956794305676,0.005451115952544995,0.0
170,obs_duration_problem_InWeek4,0.0026528959458871765,0.0001810788551653575,0.0
171,number_submissions_perc_correct_InWeek4,0.0008427624428861839,0.00012009765677947279,0.0
172,time_solve_problem_InWeek4,0.00379237651687555,0.000742126192087239,0.0
173,obs_duration_problem_var_InWeek4,0.002289137825905024,0.00042655458171151657,0.01367461615709897
174,obs_duration_problem_amax_InWeek4,0.0010664591826071415,0.0006136171665371914,0.0
175,time_sessions_length_InWeek4,0.002878024117462536,0.005464961725684619,0.0
176,number_submissions_correct_InWeek4,0.0030442854337939477,0.00016121466961956975,0.0
177,total_clicks_InWeek5,0.0004456551099594376,0.0001369898860260636,0.0
178,number_sessions_InWeek5,0.0029237827477370027,0.0064396127882316535,0.0
179,time_in__video_sum_InWeek5,0.0013561808491541452,0.00043165235097933184,0.0
180,time_in__problem_sum_InWeek5,0.0010106863808699833,0.0005571247263371248,0.0
181,problem.check-problem.check-video.load_InWeek5,0.002887924586752892,0.0009037499765254042,0.0
182,problem.check-problem.check-problem.check_InWeek5,0.002432197491872715,0.0018613127724299422,0.0
183,regularity_peak_dayhour_InWeek5,0.0024757148289591526,0.005464069618403581,0.0
184,regularity_periodicity_m1_InWeek5,0.0016798908539226694,0.0003683857466437028,0.0
185,delay_lecture_InWeek5,0.0043924633923424624,0.00030301951431200175,0.0
186,time_sessions_sum_InWeek5,0.0043646577077488796,6.607304912923353e-05,0.0
187,time_sessions_mean_InWeek5,0.0028434847447511126,0.00037636109538177124,0.0
188,time_between_sessions_std_InWeek5,0.002128305287459056,0.0011233779885199057,0.0
189,time_sessions_std_InWeek5,0.0015672207290619849,0.004533561401921765,0.0
190,total_clicks_weekday_InWeek5,0.000908078185526952,0.004717087531887533,0.0
191,total_clicks_weekend_InWeek5,0.003063137084444258,0.0014475556824416478,0.0
192,ratio_clicks_weekend_day_InWeek5,0.003248448840925245,0.00910809380524477,0.0
193,total_clicks_video_InWeek5,0.002388336964641636,0.0025789344453363257,0.0
194,total_clicks_problem_InWeek5,0.0003821984894463595,5.8074976679782466e-05,0.0
195,attendance_rate_InWeek5,0.0029583971481043046,8.992533404404606e-05,0.0
196,total_clicks_Video.Load_InWeek5,0.0021300806973710983,0.00015331118423302185,0.0
197,weekly_prop_watched_mean_InWeek5,0.0024682327849579783,0.004026690467058722,0.0
198,weekly_prop_replayed_mean_InWeek5,0.0034453882368979936,0.0005865052529820377,0.0
199,total_clicks_Video_InWeek5,0.0008210337997392687,0.0025789344453363257,0.0
200,frequency_action_Video.Load_InWeek5,0.003257550089308246,0.005630860801938171,0.0
201,speed_playback__mean_InWeek5,0.004873993793058836,0.0,0.008944943046527059
202,speed_playback__std_InWeek5,0.0,0.0,0.005267715211094593
203,count_unique_elements_video_InWeek5,0.0007627610490985242,0.0038640609556266376,0.0
204,competency_anticipation_InWeek5,0.0,0.0,0.0006052267988671767
205,content_alignment_InWeek5,0.003942405428433509,0.004026690467058722,0.0
206,content_anticipation_InWeek5,0.0,0.0005573779041282015,0.0039013999073668378
207,student_speed_InWeek5,0.0035930116541937813,0.0007451643141893569,0.0
208,frequency_action_relative_Video.Load_InWeek5,0.0026865290488794994,0.004578599657251876,0.0
209,number_submissions_distinct_InWeek5,0.0028859923702943243,0.0007118732645224689,0.0
210,number_submissions_InWeek5,0.003855920252789171,0.0006418401061730415,0.0
211,number_submissions_distinct_correct_InWeek5,0.0020826226392050297,0.00016559893508380887,0.0
212,number_submissions_avg_InWeek5,0.0014597604300329247,0.004622243990791397,0.0
213,obs_duration_problem_InWeek5,0.0017341329901213324,0.0006780291704351239,0.0
214,number_submissions_perc_correct_InWeek5,0.0019386483598845278,0.0004180950101113936,0.0
215,time_solve_problem_InWeek5,0.0008525052207380344,0.0007886100432701807,0.0
216,obs_duration_problem_var_InWeek5,0.0027043263571087184,0.000440507582904088,0.0
217,obs_duration_problem_amax_InWeek5,0.00340388480247671,0.0012504328645284626,0.0
218,time_sessions_length_InWeek5,0.004294806016061218,0.0064396127882316535,0.0
219,number_submissions_correct_InWeek5,0.0011939443126598372,0.00040445847848768096,0.0
220,total_clicks_InWeek6,0.002685567990201124,0.00010807152695211924,0.0
221,number_sessions_InWeek6,0.0034050744968281256,0.007295329306226338,0.0
222,time_in__video_sum_InWeek6,0.0030653868627590177,0.0005574134507657527,0.0
223,time_in__problem_sum_InWeek6,0.003404547238680295,0.0005855589627276919,0.0
224,problem.check-problem.check-video.load_InWeek6,0.001395747261574084,0.00022763147896880828,0.0001410505931464744
225,problem.check-problem.check-problem.check_InWeek6,0.00404134848917083,0.0057777984587037345,0.0
226,regularity_peak_dayhour_InWeek6,0.0009886986750342426,0.007029604184612377,0.0
227,regularity_periodicity_m1_InWeek6,0.0024462695560902564,0.001118616010892606,0.0
228,delay_lecture_InWeek6,0.004189645253840298,0.0008124679419034026,0.0
229,time_sessions_sum_InWeek6,0.0036928593850877713,0.0004586589779626278,0.0
230,time_sessions_mean_InWeek6,0.0034932037572473905,0.0010534241760099025,0.0
231,time_between_sessions_std_InWeek6,0.0031146925712936097,0.0015415429311763844,0.0
232,time_sessions_std_InWeek6,0.002441410546767132,0.006684771873271761,0.0
233,total_clicks_weekday_InWeek6,0.0027461667650157734,0.005436238389180956,0.0
234,total_clicks_weekend_InWeek6,0.004011088762572189,0.002358818417085184,0.0
235,ratio_clicks_weekend_day_InWeek6,0.0034577523528803115,0.009306101976119526,0.00014381957610927774
236,ratio_clicks_weekend_day_InWeek6,0.0034577523528803115,0.009306101976119526,0.013677831151205916
237,total_clicks_video_InWeek6,0.0007838355027232864,0.0032825224421898585,0.0
238,total_clicks_problem_InWeek6,0.0008832322071070195,5.807636436778923e-05,0.0
239,attendance_rate_InWeek6,0.003226525041779294,0.0004053170810765811,0.0
240,total_clicks_Video.Load_InWeek6,0.004102884415756261,0.00038281084291957315,0.0
241,weekly_prop_watched_mean_InWeek6,0.0017038363960843433,0.005755580902342097,0.0
242,weekly_prop_replayed_mean_InWeek6,0.0034389753438772218,0.0009515634739446478,0.013650559854014328
243,total_clicks_Video_InWeek6,0.0013526969961631823,0.0032825224421898585,0.0
244,frequency_action_Video.Load_InWeek6,0.0014847969580275198,0.005654033925771382,0.0
245,speed_playback__mean_InWeek6,0.004873993793058836,0.0,0.010073142756220194
246,speed_playback__std_InWeek6,0.004873993793058836,0.0,0.013665478078490301
247,count_unique_elements_video_InWeek6,0.0023399409355251317,0.00355478394654455,0.0
248,competency_anticipation_InWeek6,0.004873993793058836,0.0,0.0037138874351154007
249,content_alignment_InWeek6,0.002986842462363383,0.005755580902342097,0.0
250,content_anticipation_InWeek6,5.8355058302381104e-05,0.0007766556820656192,0.008134092125818192
251,student_speed_InWeek6,0.0026546203377188758,0.0012297842149437915,0.0
252,frequency_action_relative_Video.Load_InWeek6,0.0030987580892561156,0.0035266999629517933,0.0
253,number_submissions_distinct_InWeek6,0.0012685794312908736,0.0008255722407757072,0.0
254,number_submissions_InWeek6,0.002909323620950487,0.0010230863310043052,0.0
255,number_submissions_distinct_correct_InWeek6,0.003687734915153445,0.0005420103180988062,0.0
256,number_submissions_avg_InWeek6,0.004104898915645273,0.007055624482531,0.0
257,obs_duration_problem_InWeek6,0.0038255610199044356,0.0021645577564200903,0.0
258,number_submissions_perc_correct_InWeek6,0.002786388995810723,0.0010600526071762927,0.0
259,time_solve_problem_InWeek6,0.002865464833528417,0.001431676184233178,0.0
260,obs_duration_problem_var_InWeek6,0.003535849339843243,0.00066151698943049,0.0
261,obs_duration_problem_amax_InWeek6,0.004265492171548146,0.0015530060917413268,0.0
262,time_sessions_length_InWeek6,0.000493606338205254,0.007295329306226338,0.0
263,number_submissions_correct_InWeek6,0.003422362045137053,0.0009235302075033689,0.0
264,total_clicks_InWeek7,0.0033670029291485042,0.00010617300277075757,0.0
265,number_sessions_InWeek7,0.0010163914494176049,0.0030584401467355273,0.0
266,time_in__video_sum_InWeek7,0.003235875191976133,0.0006943212659292851,0.0
267,time_in__problem_sum_InWeek7,0.0025025567640726974,0.0007871411987260834,0.0
268,problem.check-problem.check-video.load_InWeek7,0.0009385977808825538,0.0003455473510894381,0.00014613290051222877
269,problem.check-problem.check-video.load_InWeek7,0.0009385977808825538,0.0003455473510894381,0.013314059623831666
270,problem.check-problem.check-problem.check_InWeek7,0.0012441326643887313,0.0059942954458877705,0.0
271,regularity_peak_dayhour_InWeek7,0.0029682031957755785,0.003400105546219991,0.0
272,regularity_periodicity_m1_InWeek7,0.004289415426313017,0.0015034480504343515,0.0
273,delay_lecture_InWeek7,0.0010239678686854929,0.0016350987077650824,0.0002395947139685814
274,delay_lecture_InWeek7,0.0010239678686854929,0.0016350987077650824,0.01339560607967584
275,time_sessions_sum_InWeek7,0.004253027144167253,0.0011979723825167794,0.0
276,time_sessions_mean_InWeek7,0.0029676743196412254,0.0018346692812899862,0.0
277,time_between_sessions_std_InWeek7,0.002152226034078947,0.0020581230118172948,0.00014467641850098806
278,time_sessions_std_InWeek7,0.0037910472879358497,0.0030817433078790136,0.0
279,total_clicks_weekday_InWeek7,0.0020989586717157773,0.0032867219258150104,0.0
280,total_clicks_weekend_InWeek7,0.0011711195668677294,0.0030464198613047305,0.0
281,ratio_clicks_weekend_day_InWeek7,0.0007130184767691881,0.0032769948949480793,0.00014467641850098806
282,ratio_clicks_weekend_day_InWeek7,0.0007130184767691881,0.0032769948949480793,0.013333242501538748
283,total_clicks_video_InWeek7,0.0015415112633274575,0.0022620708408118266,0.0
284,total_clicks_problem_InWeek7,0.003007800705834114,5.8074666573763085e-05,0.0
285,attendance_rate_InWeek7,0.0012827364916030816,0.0010463696018594576,0.00032832023603300163
286,attendance_rate_InWeek7,0.0012827364916030816,0.0010463696018594576,0.013418155372680754
287,total_clicks_Video.Load_InWeek7,0.0037649618091966357,0.00027673498353286913,0.0
288,weekly_prop_watched_mean_InWeek7,0.0013864954179231897,0.001320931807705997,0.00021641158793414382
289,weekly_prop_watched_mean_InWeek7,0.0013864954179231897,0.001320931807705997,0.013503772993493436
290,weekly_prop_replayed_mean_InWeek7,0.004873993793058836,0.001395741773482063,0.0002968775687092434
291,total_clicks_Video_InWeek7,0.0017580988115876398,9.891487642962512e-05,0.0
292,frequency_action_Video.Load_InWeek7,0.001144568109527304,0.005420147978598132,0.0
293,speed_playback__mean_InWeek7,5.8355058302381104e-05,0.0,0.0032065640307277384
294,speed_playback__std_InWeek7,0.004873993793058836,0.0,0.010411533189237265
295,count_unique_elements_video_InWeek7,0.003851679153609947,8.38287679389815e-05,0.0
296,competency_anticipation_InWeek7,0.0,0.0,0.00403744034833404
297,content_alignment_InWeek7,0.004366977140302461,0.001320931807705997,0.013547199610440675
298,content_anticipation_InWeek7,0.0,0.0009939766149194937,0.007657476039501832
299,student_speed_InWeek7,0.0041132549593667425,0.00189100851621666,0.0
300,frequency_action_relative_Video.Load_InWeek7,0.0010744733612113844,0.0038008036058423005,0.0
301,number_submissions_distinct_InWeek7,0.0048010460657486025,0.0023140012983487376,0.0008580168959459899
302,number_submissions_distinct_InWeek7,0.0048010460657486025,0.0023140012983487376,0.01351285137398842
303,number_submissions_InWeek7,0.00478696786953142,0.0025809818933710486,0.00033699258063856174
304,number_submissions_InWeek7,0.00478696786953142,0.0025809818933710486,0.013578941370734489
305,number_submissions_distinct_correct_InWeek7,0.004784862059040305,0.0011618849792574767,0.00041985790475075477
306,number_submissions_distinct_correct_InWeek7,0.004784862059040305,0.0011618849792574767,0.013570451241461296
307,number_submissions_avg_InWeek7,0.003223188208180367,0.009864192254331085,0.013472607033014818
308,obs_duration_problem_InWeek7,0.00085650404168326,0.0026978302509961753,0.0002462233974931425
309,obs_duration_problem_InWeek7,0.00085650404168326,0.0026978302509961753,0.013508905362621773
310,number_submissions_perc_correct_InWeek7,0.0008176652900552101,0.002066184736288835,0.00029770518761854396
311,number_submissions_perc_correct_InWeek7,0.0008176652900552101,0.002066184736288835,0.013553450174741577
312,time_solve_problem_InWeek7,0.003694519802086859,0.0019481400492018701,0.0
313,obs_duration_problem_var_InWeek7,0.0022449448225257598,0.0007602701392899122,0.0
314,obs_duration_problem_amax_InWeek7,0.00304491359584965,0.0022545787524141376,0.0
315,time_sessions_length_InWeek7,0.0037389128116453924,0.0030584401467355273,0.0
316,number_submissions_correct_InWeek7,0.0020920361143489836,0.0016093444559240717,0.0007116820115147944
317,number_submissions_correct_InWeek7,0.0020920361143489836,0.0016093444559240717,0.013556702907836109
318,total_clicks_InWeek8,0.0027873319959767356,0.0003524546151101231,0.013800558168928044
319,number_sessions_InWeek8,0.003035054106810452,0.00571722452432875,0.0
320,time_in__video_sum_InWeek8,0.002181612312998788,0.0006686428810943238,0.0
321,time_in__problem_sum_InWeek8,0.0013960581649921833,0.001024124612993946,0.0
322,problem.check-problem.check-video.load_InWeek8,0.004175798026743581,0.0013387174030383647,0.0
323,problem.check-problem.check-problem.check_InWeek8,0.002630113478300813,0.00012987832473519874,0.0
324,regularity_peak_dayhour_InWeek8,0.0035791966274576377,0.00444178364536482,0.013800558168928044
325,regularity_periodicity_m1_InWeek8,0.0032601761500681654,0.002982878284733384,0.0
326,delay_lecture_InWeek8,0.004873993793058836,0.0026875144224588307,0.0008045426546490752
327,delay_lecture_InWeek8,0.004873993793058836,0.0026875144224588307,0.013791071366887467
328,time_sessions_sum_InWeek8,0.003540568651447107,0.0028138500060625234,0.0
329,time_sessions_mean_InWeek8,0.004189621764865478,0.0023549577126345325,0.0
330,time_between_sessions_std_InWeek8,0.004873993793058836,0.002161961962531471,0.0021433917320470204
331,time_sessions_std_InWeek8,0.004873993793058836,0.0,0.013105784352055566
332,total_clicks_weekday_InWeek8,0.003550542830481884,0.00012330452534803124,0.0
333,total_clicks_weekend_InWeek8,0.0035840185593396887,0.0038989001447678278,0.0
334,ratio_clicks_weekend_day_InWeek8,0.002171756794140579,0.003287221414822968,0.0
335,total_clicks_video_InWeek8,0.004036562348987355,0.006339572629624391,0.0
336,total_clicks_problem_InWeek8,0.0025201202656162176,0.007082211770840187,0.0
337,attendance_rate_InWeek8,5.8355058302381104e-05,0.0016740954987093158,0.0017491496449964364
338,total_clicks_Video.Load_InWeek8,0.0019022724007094374,0.0007530247998408071,0.0
339,weekly_prop_watched_mean_InWeek8,5.8355058302381104e-05,0.0,0.0002042200494415186
340,weekly_prop_replayed_mean_InWeek8,0.004873993793058836,0.0017490893797766722,0.009827382867143982
341,weekly_prop_replayed_mean_InWeek8,0.004873993793058836,0.0017490893797766722,0.013791071366887467
342,total_clicks_Video_InWeek8,0.0009694844154474791,0.00011590713780449792,0.0
343,frequency_action_Video.Load_InWeek8,0.0031041063608415404,0.00012330913299128684,0.0
344,speed_playback__mean_InWeek8,0.004873993793058836,0.0,0.013211696320834423
345,speed_playback__std_InWeek8,5.8355058302381104e-05,0.0,0.009490918495336119
346,count_unique_elements_video_InWeek8,0.002180593847759315,0.0038513537035630755,0.0
347,competency_anticipation_InWeek8,0.0,0.0,0.0018017947325612692
348,content_alignment_InWeek8,0.0,0.0,0.006051402864310622
349,content_anticipation_InWeek8,0.004873993793058836,0.001022411245715727,0.001407606279423576
350,student_speed_InWeek8,0.003530465149667743,0.0022629561797564896,0.0
351,frequency_action_relative_Video.Load_InWeek8,0.003600566630700466,0.0001233246094344005,0.0
352,number_submissions_distinct_InWeek8,0.004794166430568596,0.0023043620852622377,0.0006132244091672653
353,number_submissions_distinct_InWeek8,0.004794166430568596,0.0023043620852622377,0.013537680869360372
354,number_submissions_InWeek8,0.004741642034558294,0.002459516497488085,0.00041761850551750516
355,number_submissions_InWeek8,0.004741642034558294,0.002459516497488085,0.01344515019377529
356,number_submissions_distinct_correct_InWeek8,0.002590940294051946,0.0015425137156498897,0.0005592705310869816
357,number_submissions_distinct_correct_InWeek8,0.002590940294051946,0.0015425137156498897,0.01364731355028919
358,number_submissions_avg_InWeek8,0.004873993793058836,0.0,0.008923029274773543
359,obs_duration_problem_InWeek8,0.0006704429512105871,0.004492487172072025,0.00014381957610927774
360,obs_duration_problem_InWeek8,0.0006704429512105871,0.004492487172072025,0.013642922352166818
361,number_submissions_perc_correct_InWeek8,0.004812340280429858,0.0031210664013013043,0.00036729681081694963
362,number_submissions_perc_correct_InWeek8,0.004812340280429858,0.0031210664013013043,0.013635364759224989
363,time_solve_problem_InWeek8,0.0034284231477562364,0.0030722152596809747,0.0
364,obs_duration_problem_var_InWeek8,0.001545013051115897,0.001058875054130645,0.0
365,obs_duration_problem_amax_InWeek8,0.0012297563420003632,0.002927353550309716,0.0
366,time_sessions_length_InWeek8,0.003318002878100425,8.264466877032151e-05,0.0
367,number_submissions_correct_InWeek8,0.004792864964120102,0.002864324471220819,0.00042315447651797365
368,number_submissions_correct_InWeek8,0.004792864964120102,0.002864324471220819,0.01363322912409219
369,total_clicks_InWeek9,0.002076210606001579,0.0002839160568360614,0.0
370,number_sessions_InWeek9,0.0036155578008644886,0.002521669086743347,0.0001466031761959869
371,time_in__video_sum_InWeek9,0.002224725366289904,0.0002498306219124767,0.0
372,time_in__problem_sum_InWeek9,0.0007781976243263978,0.0009445249419939466,0.0
373,problem.check-problem.check-video.load_InWeek9,0.0012207404719064585,0.001640912445714149,0.013718436085454385
374,problem.check-problem.check-problem.check_InWeek9,0.004144129303751316,0.00028434283864355855,0.0
375,regularity_peak_dayhour_InWeek9,0.0032633726401273644,0.00012334982556683286,0.0
376,regularity_periodicity_m1_InWeek9,0.0011922162606972026,0.0029159666425805975,0.0
377,delay_lecture_InWeek9,0.0,0.002557008466715654,0.009782796321340536
378,delay_lecture_InWeek9,0.0,0.002557008466715654,0.013791071366887467
379,time_sessions_sum_InWeek9,0.003992378152854438,0.002631837044254408,0.0
380,time_sessions_mean_InWeek9,0.0005384208121623181,0.003940863805022931,0.0
381,time_between_sessions_std_InWeek9,0.004873993793058836,0.00293238440552165,0.009954617535541922
382,time_sessions_std_InWeek9,0.004873993793058836,0.0,0.006668605204692247
383,total_clicks_weekday_InWeek9,0.002626506568312196,0.0002054852080973754,0.0
384,total_clicks_weekend_InWeek9,0.0036337462356613847,0.004516768951086098,0.0003419405710027287
385,ratio_clicks_weekend_day_InWeek9,5.8355058302381104e-05,0.0,0.00017665789359006914
386,total_clicks_video_InWeek9,0.001131933619458085,0.008775902454471607,0.0
387,total_clicks_problem_InWeek9,0.0029212956262232616,0.003568394066983882,0.0
388,attendance_rate_InWeek9,0.004873993793058836,0.0022581759998714,0.011082403736831265
389,total_clicks_Video.Load_InWeek9,0.0009475806211272933,0.0004710643126456381,0.0
390,weekly_prop_watched_mean_InWeek9,0.004873993793058836,0.0,0.007459287937920574
391,weekly_prop_replayed_mean_InWeek9,0.0,0.001955287131913707,0.010267293211409557
392,total_clicks_Video_InWeek9,0.0026182684293380863,6.215107039590331e-05,0.0
393,frequency_action_Video.Load_InWeek9,0.0017941081835956727,0.0003112917003746765,0.0
394,speed_playback__mean_InWeek9,0.004873993793058836,0.0002039112529309477,0.00725650022225654
395,speed_playback__std_InWeek9,0.0,0.0,0.007384329683285022
396,speed_playback__std_InWeek9,0.0,0.0,0.013791071366887467
397,count_unique_elements_video_InWeek9,0.004278684875854308,0.00359844441303341,0.0
398,competency_anticipation_InWeek9,0.0,0.00012330044428948881,0.00031034097258551705
399,content_alignment_InWeek9,5.8355058302381104e-05,8.594586633680293e-05,0.01380248696454611
400,content_anticipation_InWeek9,0.0,0.0011556422109332148,0.009330259415185334
401,student_speed_InWeek9,0.0009136141468455675,0.004739849890188306,0.0002613756029145429
402,frequency_action_relative_Video.Load_InWeek9,0.0014383796892934442,0.0001639919079081226,0.0
403,number_submissions_distinct_InWeek9,5.8355058302381104e-05,0.004598952228592343,0.0017176428458838362
404,number_submissions_InWeek9,5.8355058302381104e-05,0.004658181607634607,0.008994366919864815
405,number_submissions_distinct_correct_InWeek9,0.004873993793058836,0.0018907064878705528,0.004961138671106385
406,number_submissions_avg_InWeek9,5.8355058302381104e-05,7.549257221645e-05,0.013038647040021667
407,obs_duration_problem_InWeek9,0.004873993793058836,0.005295786454439232,0.006642611267883823
408,number_submissions_perc_correct_InWeek9,5.8355058302381104e-05,0.003991586466090571,0.002139494575081244
409,number_submissions_perc_correct_InWeek9,5.8355058302381104e-05,0.003991586466090571,0.013791071366887467
410,time_solve_problem_InWeek9,0.003259451130236186,0.0043494685123400025,0.0
411,obs_duration_problem_var_InWeek9,0.0027457183948736354,0.0005996465205663432,0.0
412,obs_duration_problem_amax_InWeek9,0.0014071695223589265,0.0019079222272639258,0.0
413,time_sessions_length_InWeek9,0.0032237439026576702,0.002521669086743347,0.0
414,number_submissions_correct_InWeek9,0.004873993793058836,0.0029799090640257706,0.0006461588871911209
