,feature,importance,pn,perc_importance
0,time_in__video_sum,-1.6705796999767852e-12,-1.0,-1.0
1,watching_index,-5.621942016214229e-13,-1.0,-0.33652641752395007
2,total_clicks,3.125912873639181e-12,1.0,5.148917431457179e-10
3,delay_lecture,3.317318038476563e-11,1.0,5.464194737492513e-09
4,frequency_action_Video.Play,1.3436858113744335e-10,1.0,2.2132821918779106e-08
5,total_clicks_video,1.7416847209413266e-06,1.0,0.0002868855013645069
6,regularity_peak_dayhour,2.1598450905410943e-06,1.0,0.0003557637236058779
7,speed_playback__std,2.2675863163801213e-06,1.0,0.0003735105610333488
8,total_clicks_Video,2.3122427709879136e-06,1.0,0.00038086624901480725
9,time_speeding_up_mean,3.682493983089819e-06,1.0,0.0006065702477079331
10,weekly_prop_watched_mean,4.713050542327059e-06,1.0,0.0007763206805081165
11,number_submissions_avg,5.305024401386594e-06,1.0,0.0008738289811259168
12,weekly_prop_replayed_mean,8.540804494472502e-06,1.0,0.0014068177494998653
13,time_between_sessions_std,9.345759497456005e-06,1.0,0.001539407716461268
14,frequency_action_total_Video.Pause,9.910523143059684e-06,1.0,0.00163243402580036
15,video.pause-video.speedchange-video.play,1.0843145828069456e-05,1.0,0.0017860530610688875
16,frequency_action_Video.Pause,1.2591678078256684e-05,1.0,0.0020740664685562414
17,watching_ratio,1.3644528705200036e-05,1.0,0.002247489118672464
18,pause_duration_mean,2.627093390885511e-05,1.0,0.0043272757435010075
19,utilization_rate,2.8118715562620907e-05,1.0,0.004631637238884761
20,attendance_rate,2.828585245050053e-05,1.0,0.004659167565871803
21,count_unique_elements_video,3.0832066054448694e-05,1.0,0.005078572844890958
22,fraction_spent_completed_Video.Play,3.1840611987056965e-05,1.0,0.005244697748007224
23,fraction_spent_entirety_Video.Play,5.321488449342648e-05,1.0,0.008765408936756284
24,competency_anticipation,5.711469835097466e-05,1.0,0.00940777551452949
25,total_clicks_weekend,5.822454700457892e-05,1.0,0.00959058672232139
26,total_clicks_weekday,6.3628137722657e-05,1.0,0.010480651275156525
27,frequency_action_relative_Video.Pause,7.382277044372767e-05,1.0,0.012159883046697047
28,video.play-video.pause-video.load,7.531404685261053e-05,1.0,0.012405521981856444
29,speed_playback__mean,7.671150560509199e-05,1.0,0.012635707531526527
30,time_sessions_sum,9.693861597200256e-05,1.0,0.015967461338053626
31,frequency_action_relative_Video.Play,0.00010773898686384575,1.0,0.017746468629657144
32,time_sessions_mean,0.00011364029093904787,1.0,0.01871851515332634
33,content_alignment,0.00012109902200788401,1.0,0.01994709675394438
34,pause_duration_std,0.00015018532434566312,1.0,0.024738112216549736
35,obs_duration_problem_var,0.00015825531325758393,1.0,0.026067378522423478
36,fraction_spent_spent_Video.Play,0.00016626725132743152,1.0,0.02738708285377188
37,student_speed,0.0001770586925533117,1.0,0.029164619275437797
38,frequency_action_Video.Load,0.00020362432870768156,1.0,0.03354043755964161
39,weekly_prop_interrupted_mean,0.000215297087418785,1.0,0.03546314216563478
40,problem.check-problem.check-video.load,0.00026988289298729814,1.0,0.044454365439066675
41,frequency_action_Video,0.00027844646534169834,1.0,0.04586493344762997
42,total_clicks_Video.Load,0.00028012628958662357,1.0,0.04614162946207808
43,time_sessions_length,0.0002982492260609323,1.0,0.04912678955110909
44,number_submissions_distinct_correct,0.00030603284145136207,1.0,0.05040888520071959
45,number_sessions,0.0003124278382293735,1.0,0.0514622514241384
46,fraction_spent_ratio_duration_Video.Play,0.00032488648282810284,1.0,0.0535144049850291
47,problem.check-problem.check-problem.check,0.0003360097268824718,1.0,0.05534659505305285
48,content_anticipation,0.00035404836041853354,1.0,0.05831786899471477
49,time_sessions_std,0.00035816300443810585,1.0,0.058995621803991004
50,ratio_clicks_weekend_day,0.0003890498795791666,1.0,0.06408322265039278
51,time_in__problem_sum,0.0004065781055960438,1.0,0.06697042367387332
52,frequency_action_relative_Video.Load,0.00043076479249892156,1.0,0.07095438800165833
53,number_submissions_perc_correct,0.00047268500680330985,1.0,0.07785937003050805
54,number_submissions,0.0005499425330957161,1.0,0.0905850165830021
55,obs_duration_problem,0.0005852921964690939,1.0,0.09640771559276143
56,number_submissions_correct,0.0006820489172600802,1.0,0.11234521565850543
57,regularity_periodicity_m1,0.0007050801849794562,1.0,0.1161388625265576
58,time_solve_problem,0.0007492574160215576,1.0,0.12341561412460751
59,time_speeding_up_std,0.0008647903187652784,1.0,0.1424458750720742
60,obs_duration_problem_amax,0.0011435345222587064,1.0,0.18835985112650167
61,video.play-problem.check-problem.check,0.0014625328750105687,1.0,0.2409043795726192
62,fraction_spent_ratio_played_Video.Pause,0.0016166269396409643,1.0,0.2662863287033971
63,total_clicks_problem,0.0025380859139735217,1.0,0.4180665083534461
64,video.play-video.play-video.play,0.002557396993592419,1.0,0.4212473761027842
65,number_submissions_distinct,0.0060710099069398475,1.0,1.0
