,feature,importance,pn,perc_importance
0,problem.check-problem.check-problem.check,-0.00028354484800358065,-1.0,-1.0
1,video.play-problem.check-problem.check,-0.00014593462364031,-1.0,-0.5146791580514527
2,video.play-video.play-video.play,-2.7758986074681755e-05,-1.0,-0.09789980763230517
3,video.pause-video.speedchange-video.play,-1.8625266514445663e-05,-1.0,-0.0656871977945812
4,number_submissions_avg,3.163284696227099e-06,1.0,0.0009131257981048669
5,content_anticipation,0.00015190686858917248,1.0,0.0438500147595128
6,problem.check-problem.check-video.load,0.00016862122109203944,1.0,0.048674843358465676
7,weekly_prop_interrupted_mean,0.00021312452877869707,1.0,0.06152133750998933
8,time_sessions_std,0.000225502135739645,1.0,0.0650943046375844
9,video.play-video.pause-video.load,0.00026564321184948623,1.0,0.07668158042193116
10,time_between_sessions_std,0.00030615285387586993,1.0,0.08837524784630277
11,time_in__problem_sum,0.00031670362788224803,1.0,0.09142087442132743
12,total_clicks_weekend,0.0004939727902645087,1.0,0.14259206542185512
13,watching_ratio,0.0005577552331650745,1.0,0.161003748109829
14,weekly_prop_replayed_mean,0.000577189558561027,1.0,0.16661373443479519
15,utilization_rate,0.0006048613067571938,1.0,0.17460156657229423
16,attendance_rate,0.0006082332349388922,1.0,0.17557492019289564
17,student_speed,0.0006362430515511887,1.0,0.1836603404458939
18,total_clicks_problem,0.0006671523579567158,1.0,0.1925827384564423
19,content_alignment,0.0007071069701587411,1.0,0.2041161888595816
20,fraction_spent_ratio_played_Video.Pause,0.0007310592287526334,1.0,0.21103033897419143
21,fraction_spent_entirety_Video.Play,0.0007752310267795631,1.0,0.22378113828579768
22,number_submissions_correct,0.0008362919303660356,1.0,0.24140721107870927
23,fraction_spent_completed_Video.Play,0.0008468976731108357,1.0,0.2444687051389471
24,weekly_prop_watched_mean,0.0009551795014491653,1.0,0.2757257497671531
25,competency_anticipation,0.0009635840779739173,1.0,0.27815184680990457
26,delay_lecture,0.0010779551052639833,1.0,0.31116662277960355
27,fraction_spent_ratio_duration_Video.Play,0.001192713194151521,1.0,0.34429312942296864
28,number_submissions,0.0015407178013056204,1.0,0.44474946363492546
29,watching_index,0.0016521079585937433,1.0,0.4769037703263399
30,number_submissions_distinct_correct,0.0018563279243979075,1.0,0.5358546828023153
31,number_submissions_perc_correct,0.0022807550112638793,1.0,0.6583714208291067
32,obs_duration_problem,0.0023485141882423734,1.0,0.6779310427092406
33,fraction_spent_spent_Video.Play,0.0026040229869099766,1.0,0.7516871848561822
34,ratio_clicks_weekend_day,0.0028719415914060017,1.0,0.8290255887783349
35,number_submissions_distinct,0.003464237570324144,1.0,1.0
