,feature,mean_score_shap,mean_score_cem,mean_score_lime
0,total_clicks_InWeek1,0.0014085004737720052,0.001264495096925389,0.0
1,number_sessions_InWeek1,0.0016280641379090416,6.849744291317896e-05,0.0
2,time_in__video_sum_InWeek1,0.0013937479767673494,0.002255123974443525,0.0
3,time_in__problem_sum_InWeek1,0.0015444291156711395,0.00020208161343480272,0.0
4,video.pause-video.speedchange-video.play_InWeek1,0.0014318434984075575,0.005678027460350248,0.0
5,video.play-video.pause-video.load_InWeek1,0.001334571084790102,0.00012512372335295364,0.0
6,video.play-video.play-video.play_InWeek1,0.0,0.0004995977476336591,0.0002833602215357044
7,video.play-problem.check-problem.check_InWeek1,0.0,0.0001759052650418414,0.016386994246970498
8,problem.check-problem.check-video.load_InWeek1,0.0025460224152105888,0.00046065028992960854,0.00024755643006601493
9,problem.check-problem.check-video.load_InWeek1,0.0025460224152105888,0.00046065028992960854,0.016457564145381427
10,problem.check-problem.check-problem.check_InWeek1,0.0013602432674574656,0.00033081747420625246,0.0
11,regularity_peak_dayhour_InWeek1,0.0014489660144281617,7.871745676063952e-05,0.0
12,regularity_periodicity_m1_InWeek1,0.001265496706885893,0.00022236080606320203,0.0
13,delay_lecture_InWeek1,0.0013628707518695204,0.002972930937992512,0.0
14,time_sessions_sum_InWeek1,0.0014246693749698134,0.0032721524125498614,0.0
15,time_sessions_mean_InWeek1,0.0012750063393264647,0.0026436834890122773,0.0
16,time_between_sessions_std_InWeek1,0.001409072774978985,0.0005774650199694747,0.0
17,time_sessions_std_InWeek1,0.0013892492070234597,0.00043070275596989685,0.0
18,total_clicks_weekday_InWeek1,0.0014803597948449554,0.00027210014507050986,0.0
19,total_clicks_weekend_InWeek1,0.0013020497378688786,0.00010177293623939413,0.0
20,ratio_clicks_weekend_day_InWeek1,0.0008325743062307857,0.00022242774011258342,0.0
21,total_clicks_video_InWeek1,0.0011412990069449543,0.001637401236865883,0.0
22,total_clicks_problem_InWeek1,0.0011988216978707012,0.0010091064588778028,0.0
23,attendance_rate_InWeek1,0.001134612210398847,2.8844363205387438e-05,0.0
24,utilization_rate_InWeek1,0.0,9.841836150572922e-05,0.0010528125467930693
25,watching_ratio_InWeek1,0.0,8.461609486801667e-05,0.0011953188637111821
26,total_clicks_Video.Load_InWeek1,0.001343757324757426,2.884634453102719e-05,0.0
27,weekly_prop_watched_mean_InWeek1,0.0012659500683495067,5.363030776335989e-05,0.0
28,weekly_prop_replayed_mean_InWeek1,0.0016743405616018556,9.9686243287433e-05,0.0
29,weekly_prop_interrupted_mean_InWeek1,0.0012077454058263893,0.0002001762613056569,0.0
30,total_clicks_Video_InWeek1,0.0010181126696460084,6.309328156306597e-05,0.0
31,frequency_action_Video_InWeek1,0.0013277694332184508,0.0005330338893785205,0.0
32,frequency_action_Video.Load_InWeek1,0.0012928617927556588,8.844172529263268e-05,0.0
33,frequency_action_Video.Play_InWeek1,0.0015451364001454935,0.003085419888877407,0.0
34,frequency_action_Video.Pause_InWeek1,0.001264522112335509,0.0035350369585959527,0.0
35,pause_duration_mean_InWeek1,0.0016128882798306984,2.8844715924282e-05,0.0
36,pause_duration_std_InWeek1,0.0013979421133346107,0.00025098716458550016,0.0
37,time_speeding_up_mean_InWeek1,0.0013868247442880982,0.003361424599761017,0.0
38,time_speeding_up_std_InWeek1,0.0014468930089673864,0.002228613040101436,0.0
39,fraction_spent_ratio_duration_Video.Play_InWeek1,0.001459642760858098,0.0008956678289488527,0.0
40,fraction_spent_ratio_played_Video.Pause_InWeek1,0.0014211562226067315,0.0010880331177111533,0.0
41,fraction_spent_completed_Video.Play_InWeek1,0.0009846143177662115,6.99613866196932e-05,0.0
42,fraction_spent_spent_Video.Play_InWeek1,0.0013228272078601715,0.00013641858485173073,0.0
43,frequency_action_total_Video.Pause_InWeek1,0.001518139449837188,0.0007242346789242658,0.0
44,speed_playback__mean_InWeek1,0.001377245570801633,0.00010120247422673534,0.0
45,speed_playback__std_InWeek1,0.0009721767046625683,0.0024903067226509355,0.0
46,count_unique_elements_video_InWeek1,0.0011651776183197106,0.00013672661051557212,0.0
47,competency_anticipation_InWeek1,0.0015201215819965206,0.00012872412690750066,0.0
48,content_alignment_InWeek1,0.0010847088933203482,0.00020156122303377724,0.0
49,content_anticipation_InWeek1,0.0,0.000302024355191244,0.0
50,student_speed_InWeek1,0.0014401751984593342,0.00014124037800365715,0.0
51,watching_index_InWeek1,0.0,0.0,0.0002763801950549408
52,fraction_spent_entirety_Video.Play_InWeek1,0.0012768856008853664,0.0008910877464009671,0.0
53,frequency_action_relative_Video.Play_InWeek1,0.0018432573717168067,8.549552671567876e-05,0.0
54,frequency_action_relative_Video.Pause_InWeek1,0.0014083889582352951,0.00029133816943624263,0.0
55,frequency_action_relative_Video.Load_InWeek1,0.0015856341589290848,0.00034109707890102667,0.0
56,number_submissions_distinct_InWeek1,0.0020077059731333138,0.0008012278647353008,0.0
57,number_submissions_InWeek1,0.0013472710055900234,0.0008736055319980394,0.0
58,number_submissions_distinct_correct_InWeek1,0.001279116420697204,0.00022697414930877293,0.0
59,number_submissions_avg_InWeek1,0.001455977412658621,0.00444340749581188,0.0
60,obs_duration_problem_InWeek1,0.001225256484104546,0.0008764474658365717,0.0
61,number_submissions_perc_correct_InWeek1,0.0016751948643058576,0.0002391701163030188,0.0
62,time_solve_problem_InWeek1,0.0015585988286352102,0.0004724317648975167,0.0
63,obs_duration_problem_var_InWeek1,0.0011880129452165047,0.0001653228237334261,0.0
64,obs_duration_problem_amax_InWeek1,0.0012764370327145726,0.00045686925574547356,0.0
65,time_sessions_length_InWeek1,0.0011839743137635169,0.002295795476574349,0.0
66,number_submissions_correct_InWeek1,0.001465911943804965,0.0005650363698241308,0.0
67,total_clicks_InWeek2,0.0010942707406322162,0.0025355562539721775,0.0
68,number_sessions_InWeek2,0.0012307979921500263,0.00020083539027501392,0.0
69,time_in__video_sum_InWeek2,0.0012113545263619076,0.0037712934396693294,0.0
70,time_in__problem_sum_InWeek2,0.0011751874113256238,0.0004179107339634254,0.0
71,video.pause-video.speedchange-video.play_InWeek2,0.0010156140958222386,0.005721192732795024,0.0
72,video.play-video.pause-video.load_InWeek2,0.0015106858729091346,0.0001214499344962425,0.0
73,video.play-video.play-video.play_InWeek2,0.0,0.0005814660683549609,0.01646286284324656
74,video.play-problem.check-problem.check_InWeek2,0.0,0.0001826837788784583,0.016464102804504617
75,problem.check-problem.check-video.load_InWeek2,0.0010508124669600949,0.0004676015236555862,0.0003908136604979134
76,problem.check-problem.check-video.load_InWeek2,0.0010508124669600949,0.0004676015236555862,0.01646483141040227
77,problem.check-problem.check-problem.check_InWeek2,0.0010658642690888403,0.00024277955047870726,0.0
78,regularity_peak_dayhour_InWeek2,0.001621409282605184,0.004086655144183696,0.0
79,regularity_periodicity_m1_InWeek2,0.0015103376288790407,0.0008262488340661368,0.0
80,delay_lecture_InWeek2,0.001158619341098791,0.003192818499389294,0.0
81,time_sessions_sum_InWeek2,0.0012687216640808888,0.003529549817805548,0.0
82,time_sessions_mean_InWeek2,0.0008633922292695147,0.0021220615318830855,0.0
83,time_between_sessions_std_InWeek2,0.0015418592070492343,0.004924230099705857,0.0
84,time_sessions_std_InWeek2,0.0010466503837651886,0.0004716476989407046,0.0
85,total_clicks_weekday_InWeek2,0.001264118100988676,0.00017045769199707658,0.0
86,total_clicks_weekend_InWeek2,0.0011458245123922995,0.00015043411132800125,0.0
87,ratio_clicks_weekend_day_InWeek2,0.0009241939250228729,0.0003218946441265974,0.0
88,total_clicks_video_InWeek2,0.000879606111135027,0.0015389187109550156,0.0
89,total_clicks_problem_InWeek2,0.0015618456261620914,0.0010952388644887394,0.0
90,attendance_rate_InWeek2,0.0012026625705427627,2.884548050117078e-05,0.0
91,utilization_rate_InWeek2,0.0011607076829771345,8.609721266858153e-05,0.0
92,watching_ratio_InWeek2,0.0018661766583084496,8.461609831369686e-05,0.0
93,total_clicks_Video.Load_InWeek2,0.00119587519877752,2.8846122081023277e-05,0.0
94,weekly_prop_watched_mean_InWeek2,0.0015831841693065357,0.0015968709593373502,0.0
95,weekly_prop_replayed_mean_InWeek2,0.0013209963864142982,0.005662268328848086,0.0
96,weekly_prop_interrupted_mean_InWeek2,0.0008847082333170724,0.0003205060680507887,0.0
97,total_clicks_Video_InWeek2,0.0014076507991569143,0.0015389187109550156,0.0
98,frequency_action_Video_InWeek2,0.001370942648205036,0.0005820838863363408,0.0
99,frequency_action_Video.Load_InWeek2,0.0013470533715382582,0.00011376594356066244,0.0
100,frequency_action_Video.Play_InWeek2,0.0011078271291362369,0.0030145384520693062,0.0
101,frequency_action_Video.Pause_InWeek2,0.0014892067484946333,0.00288737882489692,0.0
102,pause_duration_mean_InWeek2,0.001184586988330098,2.8845985288173304e-05,0.0
103,pause_duration_std_InWeek2,0.00131916220387855,0.0002198017375139253,0.0
104,time_speeding_up_mean_InWeek2,0.001631172781527994,0.004808905600824909,0.0
105,time_speeding_up_std_InWeek2,0.0009363493658102993,0.003713952429119758,0.0
106,fraction_spent_ratio_duration_Video.Play_InWeek2,0.0014147343061122375,0.0006945165465574926,0.0
107,fraction_spent_ratio_played_Video.Pause_InWeek2,0.001296146710949489,0.001121996616338586,0.0
108,fraction_spent_completed_Video.Play_InWeek2,0.001261860276899839,0.0028508559460890663,0.0
109,fraction_spent_spent_Video.Play_InWeek2,0.0012156937896814792,0.00017955989833647433,0.0
110,frequency_action_total_Video.Pause_InWeek2,0.0013171364843832202,0.0031909111936235623,0.0
111,speed_playback__mean_InWeek2,0.0014911214309437442,3.687332325447122e-05,0.0
112,speed_playback__std_InWeek2,0.0015583255457663698,0.0007636383185111068,0.0
113,count_unique_elements_video_InWeek2,0.0017017453314372897,6.053139519171521e-05,0.0
114,competency_anticipation_InWeek2,0.0,0.0,0.0046085111693539215
115,content_alignment_InWeek2,0.0010434378796823462,0.00015807395463129418,0.0
116,content_anticipation_InWeek2,0.001136506919204266,0.00036985607354893116,0.0
117,student_speed_InWeek2,0.0015596670647463557,0.00015052149663889112,0.0
118,watching_index_InWeek2,0.0010447553445673628,0.002724930324425308,0.0
119,fraction_spent_entirety_Video.Play_InWeek2,0.0015585624869371103,2.8844897040780277e-05,0.0
120,frequency_action_relative_Video.Play_InWeek2,0.0014302031427469166,4.100117774870098e-05,0.0
121,frequency_action_relative_Video.Pause_InWeek2,0.0014794662409607646,0.00019379250783305282,0.0
122,frequency_action_relative_Video.Load_InWeek2,0.0016972587610440877,0.0004382513911665687,0.0
123,number_submissions_distinct_InWeek2,0.0015267297053791382,0.0008729080807743066,0.0
124,number_submissions_InWeek2,0.001597899743794753,0.0010545182066698364,0.0
125,number_submissions_distinct_correct_InWeek2,0.0011954222793116966,0.000513415299720644,0.0
126,number_submissions_avg_InWeek2,0.0014209975050776414,0.005582728005545596,0.0
127,obs_duration_problem_InWeek2,0.0014352681933895363,0.0009248329511565785,0.0
128,number_submissions_perc_correct_InWeek2,0.0011076838230734186,0.00037473574504688823,0.0
129,time_solve_problem_InWeek2,0.0015864053911544553,0.0005502174589442742,0.0
130,obs_duration_problem_var_InWeek2,0.001603218406909334,0.00035859504244354246,0.0
131,obs_duration_problem_amax_InWeek2,0.001604701356431801,0.0004949119051729946,0.0
132,time_sessions_length_InWeek2,0.0011465279658851326,0.0025422213157848617,0.0
133,number_submissions_correct_InWeek2,0.0015212335316607411,0.0007303200875497676,0.0
134,total_clicks_InWeek3,0.0014254468432527876,0.0020412671224928126,0.0
135,number_sessions_InWeek3,0.001092853190417179,0.0001999204483914382,0.0
136,time_in__video_sum_InWeek3,0.0012848810568537744,0.0029492555155281714,0.0
137,time_in__problem_sum_InWeek3,0.001522608774315534,0.00038172507240022294,0.0
138,video.pause-video.speedchange-video.play_InWeek3,0.0016892912119903655,0.005616712139495519,0.0
139,video.play-video.pause-video.load_InWeek3,0.0015736168328830203,0.00012145062442050215,0.0
140,video.play-video.play-video.play_InWeek3,0.0,0.0006047266561233421,0.0
141,video.play-problem.check-problem.check_InWeek3,0.0,0.00019573021939639122,0.0
142,problem.check-problem.check-video.load_InWeek3,0.0013737220470056266,0.00040717521325001266,0.0003086318778600114
143,problem.check-problem.check-video.load_InWeek3,0.0013737220470056266,0.00040717521325001266,0.016460329569565356
144,problem.check-problem.check-problem.check_InWeek3,0.0018127477139583833,0.00029316169143556273,0.0
145,regularity_peak_dayhour_InWeek3,0.0012715990609283264,0.0028417395251363058,0.0
146,regularity_periodicity_m1_InWeek3,0.0015082015519408095,0.00039903892011030034,0.0
147,delay_lecture_InWeek3,0.001270503374372658,0.0033363617369058496,0.0
148,time_sessions_sum_InWeek3,0.0013520001443856956,0.0035713988468909913,0.0
149,time_sessions_mean_InWeek3,0.001053321645810618,0.0017684975571138437,0.0
150,time_between_sessions_std_InWeek3,0.0012904401196869805,0.002765555607232626,0.0
151,time_sessions_std_InWeek3,0.0014879524227355153,0.00028899642448554537,0.0
152,total_clicks_weekday_InWeek3,0.0015001758766922688,0.00020598327579063978,0.0
153,total_clicks_weekend_InWeek3,0.0013602685917589409,0.00012144974917826377,0.0
154,ratio_clicks_weekend_day_InWeek3,0.0016120642860241307,0.00034786591466155113,0.0
155,total_clicks_video_InWeek3,0.0015559083866320928,0.0029531496719078826,0.0
156,total_clicks_problem_InWeek3,0.0014077504498397437,0.0012154984389676654,0.0
157,attendance_rate_InWeek3,0.0012736939548647617,2.8844969367801775e-05,0.0
158,utilization_rate_InWeek3,0.0016888691391276289,8.461710975383733e-05,0.0
159,watching_ratio_InWeek3,0.00121410034718738,8.461616325964965e-05,0.0
160,total_clicks_Video.Load_InWeek3,0.0013686478526677105,0.004224173756306484,0.0
161,weekly_prop_watched_mean_InWeek3,0.0012272874939536027,0.00100711836729368,0.0
162,weekly_prop_replayed_mean_InWeek3,0.0015379481384540927,0.00015131672048253873,0.0
163,weekly_prop_interrupted_mean_InWeek3,0.001293357587742657,0.00018760893336715345,0.0
164,total_clicks_Video_InWeek3,0.0010758762764431485,0.0029531496719078826,0.0
165,frequency_action_Video_InWeek3,0.001426935069456874,0.0005565489023275843,0.0
166,frequency_action_Video.Load_InWeek3,0.0014501885042936232,0.00017640411735261524,0.0
167,frequency_action_Video.Play_InWeek3,0.001120048181393535,0.002956509550891797,0.0
168,frequency_action_Video.Pause_InWeek3,0.001439041722601985,0.0029014241787219497,0.0
169,pause_duration_mean_InWeek3,0.0014511158609709757,2.884443366526592e-05,0.0
170,pause_duration_std_InWeek3,0.0017857863819094875,0.0002717490674993236,0.0
171,time_speeding_up_mean_InWeek3,0.0012899805932681631,0.0049842843143888226,0.0
172,time_speeding_up_std_InWeek3,0.0016615907847492405,0.0010646058137268033,0.0
173,fraction_spent_ratio_duration_Video.Play_InWeek3,0.0011888029654125506,0.0006409422601564623,0.0
174,fraction_spent_ratio_played_Video.Pause_InWeek3,0.0013411661133182898,0.0013183361214297983,0.0
175,fraction_spent_completed_Video.Play_InWeek3,0.0013194417250764966,0.0026577393386231136,0.0
176,fraction_spent_spent_Video.Play_InWeek3,0.0018076854786480264,0.00018678236812194208,0.0
177,frequency_action_total_Video.Pause_InWeek3,0.0008713111505774334,0.003095208540562588,0.0
178,speed_playback__mean_InWeek3,0.0013432851739067317,5.4134876045838296e-05,0.0
179,speed_playback__std_InWeek3,0.0012916671011995145,0.001500725002399271,0.0
180,count_unique_elements_video_InWeek3,0.0011515798231672687,0.0015599645521848654,0.0
181,competency_anticipation_InWeek3,0.0,0.0,0.0009351837125913843
182,content_alignment_InWeek3,0.001634800982793331,3.689786766496281e-05,0.0
183,content_anticipation_InWeek3,0.0,0.0002704875125565168,0.01646064291260854
184,student_speed_InWeek3,0.0011604232704345923,0.00012145075835456455,0.0
185,watching_index_InWeek3,0.0013416403649260677,0.0038996484456085205,0.0
186,fraction_spent_entirety_Video.Play_InWeek3,0.0011173883071014807,2.8844532923430022e-05,0.0
187,frequency_action_relative_Video.Play_InWeek3,0.0013907441819513131,9.434402253601487e-05,0.0
188,frequency_action_relative_Video.Pause_InWeek3,0.0011814804862183867,8.596125450790309e-05,0.0
189,frequency_action_relative_Video.Load_InWeek3,0.0015755798041884228,0.00014218545405680447,0.0
190,number_submissions_distinct_InWeek3,0.002035917408696345,0.0011203662010920016,0.0
191,number_submissions_InWeek3,0.001713749417038325,0.0010976811671892404,0.0
192,number_submissions_distinct_correct_InWeek3,0.0010805316637533498,0.0003477615797883017,0.0
193,number_submissions_avg_InWeek3,0.00113482599277885,0.0006514581750520817,0.0
194,obs_duration_problem_InWeek3,0.0012725758558407765,0.0008815436104785348,0.0
195,number_submissions_perc_correct_InWeek3,0.0012734676864162172,0.00042528780210905896,0.0
196,time_solve_problem_InWeek3,0.00137880027414079,0.0005416086658249018,0.0
197,obs_duration_problem_var_InWeek3,0.001401868563265729,0.0002783228690757099,0.0
198,obs_duration_problem_amax_InWeek3,0.0015367656936778216,0.0004372661176983418,0.0
199,time_sessions_length_InWeek3,0.0013886157911977299,0.003266921723697723,0.0
200,number_submissions_correct_InWeek3,0.001374966846545621,0.0007675888629530504,0.0
201,total_clicks_InWeek4,0.0014030521758036213,0.004877030422182325,0.0
202,number_sessions_InWeek4,0.001488023742176236,0.00018429156499062945,0.0
203,time_in__video_sum_InWeek4,0.0016009229563353927,0.0018653854350580137,0.0
204,time_in__problem_sum_InWeek4,0.001420326335934349,0.00033210370902859776,0.0
205,video.pause-video.speedchange-video.play_InWeek4,0.0010099621775469627,0.005658642945126076,0.0
206,video.play-video.pause-video.load_InWeek4,0.0015577451174818666,0.00012144989166477428,0.0
207,video.play-video.play-video.play_InWeek4,0.0,0.0008629255018081967,0.0
208,video.play-problem.check-problem.check_InWeek4,0.0,0.00022620669674018514,0.0
209,problem.check-problem.check-video.load_InWeek4,0.002546065031518964,0.00031605629559737025,0.0164511001745022
210,problem.check-problem.check-problem.check_InWeek4,0.0017376609038564543,0.00013782546287248123,0.0
211,regularity_peak_dayhour_InWeek4,0.0013932631960304072,0.0027364381259509483,0.0
212,regularity_periodicity_m1_InWeek4,0.0012950114841799153,0.00038527048852318003,0.0
213,delay_lecture_InWeek4,0.0012430918666674522,0.002822798060665893,0.0
214,time_sessions_sum_InWeek4,0.0013111572290569347,0.004772099724027032,0.0
215,time_sessions_mean_InWeek4,0.0014255055999456373,0.0020624772085479377,0.0
216,time_between_sessions_std_InWeek4,0.0013174538897166518,0.0015936332257226466,0.0
217,time_sessions_std_InWeek4,0.0013014346719613884,0.0002872882672282241,0.0
218,total_clicks_weekday_InWeek4,0.00143494801190113,0.00012955649595716243,0.0
219,total_clicks_weekend_InWeek4,0.0012447797146427162,0.0001214497939781257,0.0
220,ratio_clicks_weekend_day_InWeek4,0.0012783504280618615,0.0003685952298422721,0.0
221,total_clicks_video_InWeek4,0.001400422936891093,0.0044202012379251174,0.0
222,total_clicks_problem_InWeek4,0.0016282622726626614,0.0012612986843063404,0.0
223,attendance_rate_InWeek4,0.0012139002538290487,2.8844991013716727e-05,0.0
224,utilization_rate_InWeek4,0.0011736004684622695,5.510472358381539e-05,0.0
225,watching_ratio_InWeek4,0.0010860967478859024,5.5105512238525985e-05,0.0
226,total_clicks_Video.Load_InWeek4,0.0008931906211377834,0.0024837853395934376,0.0
227,weekly_prop_watched_mean_InWeek4,0.0011648407880977755,0.0010364138660133592,0.0
228,weekly_prop_replayed_mean_InWeek4,0.0008433048407071225,5.461591308247536e-05,0.0
229,weekly_prop_interrupted_mean_InWeek4,0.0012055276544168804,0.0002910769725355777,0.0
230,total_clicks_Video_InWeek4,0.0017831466085977618,0.0044202012379251174,0.0
231,frequency_action_Video_InWeek4,0.0016684658700673368,0.0004765289433291691,0.0
232,frequency_action_Video.Load_InWeek4,0.0011576830575281275,0.00014673881146028307,0.0
233,frequency_action_Video.Play_InWeek4,0.0015948633570683005,0.002893343750369232,0.0
234,frequency_action_Video.Pause_InWeek4,0.0012233652522721553,0.0027679811885742934,0.0
235,pause_duration_mean_InWeek4,0.0012983277248326123,2.8844515839063088e-05,0.0
236,pause_duration_std_InWeek4,0.0010088667584247995,0.0004221869637174994,0.0
237,time_speeding_up_mean_InWeek4,0.0016260858531438249,0.004203994438167294,0.0
238,time_speeding_up_std_InWeek4,0.0011215038041799416,0.001972482280024836,0.0
239,fraction_spent_ratio_duration_Video.Play_InWeek4,0.0015182707693291808,0.0006055515645889079,0.0
240,fraction_spent_ratio_played_Video.Pause_InWeek4,0.0012505450675785866,0.0012406047804116149,0.0
241,fraction_spent_completed_Video.Play_InWeek4,0.0015176173821760902,0.0028236107289748517,0.0
242,fraction_spent_spent_Video.Play_InWeek4,0.0013708543936045681,0.00024663890268766304,0.0
243,frequency_action_total_Video.Pause_InWeek4,0.0014809566094354666,0.0010187467172026148,0.0
244,speed_playback__mean_InWeek4,0.001840815783186651,0.0027871714334577196,0.0
245,speed_playback__std_InWeek4,0.0011330795750266955,0.001201769573199275,0.0
246,count_unique_elements_video_InWeek4,0.001400853027703306,0.003401909328950496,0.0
247,competency_anticipation_InWeek4,0.0,0.0,0.00028450154513887083
248,content_alignment_InWeek4,0.0012202937115379162,0.0010364138660133592,0.0
249,content_anticipation_InWeek4,0.0,0.0002707539318926776,0.016460979203658136
250,student_speed_InWeek4,0.0019920422490244147,0.00012145210158976934,0.0
251,watching_index_InWeek4,0.001408339317317503,0.002377553804210387,0.0
252,fraction_spent_entirety_Video.Play_InWeek4,0.0010530434270902978,5.5103753238180803e-05,0.0
253,frequency_action_relative_Video.Play_InWeek4,0.0013583936995915328,7.191344038644781e-05,0.0
254,frequency_action_relative_Video.Pause_InWeek4,0.001418699417515008,5.714512465724935e-05,0.0
255,frequency_action_relative_Video.Load_InWeek4,0.0012427534803612008,0.00013455469175009888,0.0
256,number_submissions_distinct_InWeek4,0.00186211573303843,0.0013542818396441113,0.0
257,number_submissions_InWeek4,0.001250300021640454,0.0007637724889699679,0.0
258,number_submissions_distinct_correct_InWeek4,0.0025327534821730914,0.0003236492071895585,0.016450125519148782
259,number_submissions_avg_InWeek4,0.0015151467585682963,0.005326128681112836,0.0
260,obs_duration_problem_InWeek4,2.6277257686681217e-05,0.0009284669964867105,0.00016305144680790079
261,number_submissions_perc_correct_InWeek4,0.0025326980598704887,0.0004744963324079804,0.0
262,time_solve_problem_InWeek4,0.0010830140962765217,0.0005123291528452361,0.0
263,obs_duration_problem_var_InWeek4,0.0016563106389335864,0.00022290977949461946,0.0
264,obs_duration_problem_amax_InWeek4,0.0015262249871176709,0.0003903332448350375,0.0
265,time_sessions_length_InWeek4,0.0013216685900424336,0.0023019390719968068,0.0
266,number_submissions_correct_InWeek4,0.0025374646400160615,0.0007512990870636078,0.0
267,total_clicks_InWeek5,0.0018288479916230478,0.003339334596966581,0.0
268,number_sessions_InWeek5,0.0011505585914240218,0.0001778168744491709,0.0
269,time_in__video_sum_InWeek5,0.0012530756250563645,0.004558696504377745,0.0
270,time_in__problem_sum_InWeek5,0.001457337418788794,0.00027453842059304114,0.0
271,video.pause-video.speedchange-video.play_InWeek5,0.0011059911669245956,0.005725604261605295,0.0
272,video.play-video.pause-video.load_InWeek5,0.0009184136126180579,0.00010670504235900217,0.0
273,video.play-video.play-video.play_InWeek5,0.0,0.0008545780304957694,0.00016064797846058565
274,video.play-problem.check-problem.check_InWeek5,0.0015740007314151206,0.000376407581758413,0.0
275,problem.check-problem.check-video.load_InWeek5,0.0011915616624096073,0.00022088256491518417,0.0
276,problem.check-problem.check-problem.check_InWeek5,0.00131653823987673,0.00019739603616863356,0.0
277,regularity_peak_dayhour_InWeek5,0.0014838695409900482,0.0032418976788720017,0.0
278,regularity_periodicity_m1_InWeek5,0.0015155612388996018,0.00036868922004458494,0.0
279,delay_lecture_InWeek5,0.0,0.0,0.0002691909543900429
280,time_sessions_sum_InWeek5,0.0012565472901609424,0.002870977772202374,0.0
281,time_sessions_mean_InWeek5,0.0013360536013618171,0.0030265599842427154,0.0
282,time_between_sessions_std_InWeek5,0.0015945661436212644,0.0025147628917114406,0.0
283,time_sessions_std_InWeek5,0.0012898351144094813,0.00011556392724942911,0.0
284,total_clicks_weekday_InWeek5,0.0011727346103547571,0.0017228193415687557,0.0
285,total_clicks_weekend_InWeek5,0.001396940346137399,0.00012144980214462985,0.0
286,ratio_clicks_weekend_day_InWeek5,0.0012319519793143991,0.00040399681727023434,0.0
287,total_clicks_video_InWeek5,0.0013992417369778393,0.0013165112648795612,0.0
288,total_clicks_problem_InWeek5,0.0017175308481722337,0.0012557279992686076,0.0
289,attendance_rate_InWeek5,0.0,2.884422522622789e-05,0.006212551098644568
290,utilization_rate_InWeek5,0.0011990762182214028,5.510406465970679e-05,0.0
291,watching_ratio_InWeek5,0.0,5.867517474337943e-05,0.0010931200887763553
292,total_clicks_Video.Load_InWeek5,0.0012552574054888487,0.0037006238041707275,0.0
293,weekly_prop_watched_mean_InWeek5,0.0,0.0,0.0007446510014517529
294,weekly_prop_replayed_mean_InWeek5,0.0,0.0,0.00015672409945991113
295,weekly_prop_interrupted_mean_InWeek5,0.0,0.0003217107112250546,0.016459886396195448
296,total_clicks_Video_InWeek5,0.0014790422913743262,0.0013165112648795612,0.0
297,frequency_action_Video_InWeek5,0.0012436785640691595,0.00039585710590469224,0.0
298,frequency_action_Video.Load_InWeek5,0.001265128576139124,5.5105162887172305e-05,0.0
299,frequency_action_Video.Play_InWeek5,0.0017227224434796828,0.0025889059416898787,0.0
300,frequency_action_Video.Pause_InWeek5,0.0013435936393691183,0.002756233955678504,0.0
301,pause_duration_mean_InWeek5,0.001449310523625097,2.8844678831539137e-05,0.0
302,pause_duration_std_InWeek5,0.0012906673409435812,0.00016716093601641007,0.0
303,time_speeding_up_mean_InWeek5,0.001376487545146661,0.004149041497210577,0.0
304,time_speeding_up_std_InWeek5,0.001308157987091427,0.0033631798363671084,0.0
305,fraction_spent_ratio_duration_Video.Play_InWeek5,0.0,0.0004617891821857683,0.00023946254297179753
306,fraction_spent_ratio_played_Video.Pause_InWeek5,0.0017382938313675728,0.001359519996237383,0.0
307,fraction_spent_completed_Video.Play_InWeek5,0.0,0.0,0.0036373315122005872
308,fraction_spent_spent_Video.Play_InWeek5,0.0,0.000371084422344142,0.00035253016148662744
309,frequency_action_total_Video.Pause_InWeek5,0.001460650802508735,0.0031544679081586735,0.0
310,speed_playback__mean_InWeek5,0.0010895706480784377,0.0029871660249190723,0.0
311,speed_playback__std_InWeek5,0.0011689764759796166,0.0008380401246803826,0.0
312,count_unique_elements_video_InWeek5,0.0011680994817807615,0.002470096291248591,0.0
313,competency_anticipation_InWeek5,0.0,0.0,0.0009496647522813472
314,content_alignment_InWeek5,0.0,0.0,0.00016702284327734196
315,content_anticipation_InWeek5,0.0,0.0002405290871664106,0.0003308431444152873
316,student_speed_InWeek5,0.0012340196827951054,7.408293645722383e-05,0.0
317,watching_index_InWeek5,0.0,0.0,0.0010709707434191419
318,fraction_spent_entirety_Video.Play_InWeek5,0.0,8.615690702041207e-05,0.002365423911631291
319,frequency_action_relative_Video.Play_InWeek5,0.0009720007245490826,7.478169757532643e-05,0.0
320,frequency_action_relative_Video.Pause_InWeek5,0.001425813788332125,0.0027382314236847516,0.0
321,frequency_action_relative_Video.Load_InWeek5,0.001388975858518726,0.00011153552780128149,0.0
322,number_submissions_distinct_InWeek5,0.0019501846848348039,0.0015511529436468701,0.0
323,number_submissions_InWeek5,0.0016502230221656319,0.0006587209041961756,0.0
324,number_submissions_distinct_correct_InWeek5,0.0,0.00027721364783200067,0.0003860836561459108
325,number_submissions_avg_InWeek5,0.0016696384048127439,0.004583090580563691,0.0
326,obs_duration_problem_InWeek5,0.0,0.0007465304317317356,0.0008174217516566614
327,number_submissions_perc_correct_InWeek5,0.0,0.0004985509553973818,0.0010361897476690316
328,time_solve_problem_InWeek5,0.0014682249289763572,0.0004802809649443311,0.0
329,obs_duration_problem_var_InWeek5,0.0015080557392097539,0.0001901789884237835,0.0
330,obs_duration_problem_amax_InWeek5,0.0016740421111150832,0.0003216405611648139,0.0
331,time_sessions_length_InWeek5,0.001545359626920508,0.000810362106346848,0.0
332,number_submissions_correct_InWeek5,0.0,0.0006987264569793612,0.00046080756047079215
333,total_clicks_InWeek6,0.0013094170923426635,0.0024015225708663994,0.0
334,number_sessions_InWeek6,0.0012721621683978346,0.00015661381737950428,0.0
335,time_in__video_sum_InWeek6,0.0015171091001446215,0.0019461023366806735,0.0
336,time_in__problem_sum_InWeek6,0.0014378256451874725,0.00024152160837871288,0.0
337,video.pause-video.speedchange-video.play_InWeek6,0.0010242795007743839,0.00543322844867113,0.0
338,video.play-video.pause-video.load_InWeek6,0.0014529038932526953,8.461636891228258e-05,0.0
339,video.play-video.play-video.play_InWeek6,2.619683499648038e-05,0.0012172283522618318,0.016455933483304375
340,video.play-problem.check-problem.check_InWeek6,0.0,0.00044509157216824003,0.0
341,problem.check-problem.check-video.load_InWeek6,0.0014234381066973128,0.00017468456467523334,0.0
342,problem.check-problem.check-problem.check_InWeek6,0.0013867108562221652,0.00014326760887953103,0.0
343,regularity_peak_dayhour_InWeek6,0.001403547727257534,0.0020470094110814794,0.0
344,regularity_periodicity_m1_InWeek6,0.0013742533071470055,0.00029206359327300766,0.0
345,delay_lecture_InWeek6,0.0015295028216269987,0.0028237604113499916,0.0
346,time_sessions_sum_InWeek6,0.0014923705311794828,0.003012749683514981,0.0
347,time_sessions_mean_InWeek6,0.0012912723120937282,0.002813109441870536,0.0
348,time_between_sessions_std_InWeek6,0.000743119261985217,0.002370449328987864,0.0
349,time_sessions_std_InWeek6,0.0010232767204521635,7.297401020633241e-05,0.0
350,total_clicks_weekday_InWeek6,0.0015834861461395402,0.0017043797501786237,0.0
351,total_clicks_weekend_InWeek6,0.0013590037737249436,0.00012145195823592419,0.0
352,ratio_clicks_weekend_day_InWeek6,0.001042871024840271,0.0004173342395747957,0.0
353,total_clicks_video_InWeek6,0.0014576743194231986,0.0015148585284880693,0.0
354,total_clicks_problem_InWeek6,0.0014531911425057456,0.0013277601856886902,0.0
355,attendance_rate_InWeek6,0.001259424243668385,0.0031366359130187804,0.0
356,utilization_rate_InWeek6,0.0012703026810391132,3.8422668909387006e-05,0.0
357,watching_ratio_InWeek6,0.0013121299441377155,3.03736051804017e-05,0.0
358,total_clicks_Video.Load_InWeek6,0.0011703465171389459,0.0015256000342614368,0.0
359,weekly_prop_watched_mean_InWeek6,0.0014459497838717683,0.0031366359130187804,0.0
360,weekly_prop_replayed_mean_InWeek6,0.001216199373945485,9.545449502761555e-05,0.0
361,weekly_prop_interrupted_mean_InWeek6,0.0011373810455627077,0.00012515081722590514,0.0
362,total_clicks_Video_InWeek6,0.0013022140611060678,0.0015148585284880693,0.0
363,frequency_action_Video_InWeek6,0.0015612793565959503,0.00028523514444569786,0.0
364,frequency_action_Video.Load_InWeek6,0.00169005411932601,6.091849824354509e-05,0.0
365,frequency_action_Video.Play_InWeek6,0.00162094297889587,0.002845950042453429,0.0
366,frequency_action_Video.Pause_InWeek6,0.0013715998773947476,0.002794521923046634,0.0
367,pause_duration_mean_InWeek6,0.001385223871896784,2.8844758862208373e-05,0.0
368,pause_duration_std_InWeek6,0.0016332992360895992,0.00023102392456499096,0.0
369,time_speeding_up_mean_InWeek6,0.0011761095190513046,0.0038225276034009907,0.0
370,time_speeding_up_std_InWeek6,0.0015358224843538357,6.191595148565087e-05,0.0
371,fraction_spent_ratio_duration_Video.Play_InWeek6,0.0014167142176354048,0.0003342707236763742,0.0
372,fraction_spent_ratio_played_Video.Pause_InWeek6,0.002151849536466589,0.001099277537427798,0.0
373,fraction_spent_completed_Video.Play_InWeek6,0.001255504650892275,0.0029144546969613215,0.0
374,fraction_spent_spent_Video.Play_InWeek6,0.0015854710267699341,0.0005037885178885593,0.0
375,frequency_action_total_Video.Pause_InWeek6,0.001161741723235461,0.00167718948723231,0.0
376,speed_playback__mean_InWeek6,0.0010032404195993922,0.0027582454184405486,0.0
377,speed_playback__std_InWeek6,0.0015918053717300347,0.0020548454344263612,0.0
378,count_unique_elements_video_InWeek6,0.0010649369142588644,0.0032156374249049657,0.0
379,competency_anticipation_InWeek6,0.0013615526301099085,0.000750895324558166,0.0
380,content_alignment_InWeek6,0.0013905892308006453,0.0031366359130187804,0.0
381,content_anticipation_InWeek6,0.0,0.00024701877332541797,0.0015221328620513308
382,student_speed_InWeek6,0.0013593572581224642,5.413546367619772e-05,0.0
383,watching_index_InWeek6,0.001627752949214159,0.003708793479848585,0.0
384,fraction_spent_entirety_Video.Play_InWeek6,0.0011833742393704775,8.615739442875829e-05,0.0
385,frequency_action_relative_Video.Play_InWeek6,0.0010775242723030883,8.404618041415348e-05,0.0
386,frequency_action_relative_Video.Pause_InWeek6,0.0012905576740331593,0.0027820799921612965,0.0
387,frequency_action_relative_Video.Load_InWeek6,0.0015081279652255912,0.0001566148341816055,0.0
388,number_submissions_distinct_InWeek6,0.0018537730713627887,0.0015151278462955235,0.0
389,number_submissions_InWeek6,0.0015813613987061353,0.000533014384020932,0.0
390,number_submissions_distinct_correct_InWeek6,0.0015454585488088994,0.00023376320543161264,0.0
391,number_submissions_avg_InWeek6,0.0009634189683513168,0.0018722265836212256,0.0
392,obs_duration_problem_InWeek6,0.0016146743645391096,0.0008679151216944285,0.0
393,number_submissions_perc_correct_InWeek6,0.0018984031003723841,0.0005121737029330661,0.0
394,time_solve_problem_InWeek6,0.0013636506048587962,0.00042297173101777107,0.0
395,obs_duration_problem_var_InWeek6,0.0010618075538952635,0.00017587516268648555,0.0
396,obs_duration_problem_amax_InWeek6,0.0016952287945560865,0.00022213705202588392,0.0
397,time_sessions_length_InWeek6,0.0017770510452132548,0.0022982684654032207,0.0
398,number_submissions_correct_InWeek6,0.0012243021404805437,0.0006241587512756423,0.0
399,total_clicks_InWeek7,0.001563450459231957,0.0018350597261324664,0.0
400,number_sessions_InWeek7,0.001186955243124335,0.00015807069132272363,0.0
401,time_in__video_sum_InWeek7,0.0012591501819493255,0.004322004127372752,0.0
402,time_in__problem_sum_InWeek7,0.0012442750922264415,0.0001794632506963761,0.0
403,video.pause-video.speedchange-video.play_InWeek7,0.0,0.005646286297727898,0.0001664903123537186
404,video.pause-video.speedchange-video.play_InWeek7,0.0,0.005646286297727898,0.01630589194441735
405,video.play-video.pause-video.load_InWeek7,0.0008989010851946982,2.8845223835960867e-05,0.0
406,video.play-video.play-video.play_InWeek7,0.0,0.0009464372225836326,0.00016823232259147066
407,video.play-problem.check-problem.check_InWeek7,0.0,0.0004940318793039922,0.016394814757295005
408,problem.check-problem.check-video.load_InWeek7,0.0,0.00025866291425149433,0.0003127574222100396
409,problem.check-problem.check-problem.check_InWeek7,0.0023600670485651367,0.00019103731248127555,0.0163426180646574
410,regularity_peak_dayhour_InWeek7,0.0010375935160773333,0.0015509704063390035,0.0
411,regularity_periodicity_m1_InWeek7,0.0015387796971902403,0.00024270729506104468,0.0
412,delay_lecture_InWeek7,0.0,0.0,0.01630724711156041
413,time_sessions_sum_InWeek7,0.0015308459536552388,0.004877439724020257,0.0
414,time_sessions_mean_InWeek7,0.0015167450845596816,2.884583345676521e-05,0.0
415,time_between_sessions_std_InWeek7,0.0010689676706256777,0.005708458874034064,0.0
416,time_sessions_std_InWeek7,0.0012703711490461857,5.794333836742186e-05,0.0
417,total_clicks_weekday_InWeek7,0.001376431252219603,0.0013280221908863786,0.0
418,total_clicks_weekend_InWeek7,0.001457075070885953,0.00014526130701228863,0.0
419,ratio_clicks_weekend_day_InWeek7,0.001740030027193798,0.00043210220940846574,0.0
420,total_clicks_video_InWeek7,0.0013852826121249645,0.0016990450925441721,0.0
421,total_clicks_problem_InWeek7,0.0011878822664178684,0.0009820960983080496,0.0
422,attendance_rate_InWeek7,0.0,0.0,0.0012892857166784963
423,utilization_rate_InWeek7,0.001609966563535048,2.8845206439330192e-05,0.0
424,watching_ratio_InWeek7,0.0,3.037351090748185e-05,0.0007333924704264491
425,total_clicks_Video.Load_InWeek7,0.0016602508909004604,0.0018256771734297148,0.0
426,weekly_prop_watched_mean_InWeek7,0.0,0.0,0.005888256360098651
427,weekly_prop_replayed_mean_InWeek7,0.0,0.0,0.0011475562339367763
428,weekly_prop_interrupted_mean_InWeek7,0.0,7.124199007306398e-05,0.002082841892367484
429,total_clicks_Video_InWeek7,0.001892856940212628,0.0016990450925441721,0.0
430,frequency_action_Video_InWeek7,0.0012032818696282115,0.00019321235633688,0.0
431,frequency_action_Video.Load_InWeek7,0.0011829425234886589,3.6885975756622755e-05,0.0
432,frequency_action_Video.Play_InWeek7,0.0014036297572367917,0.002019142575450231,0.0
433,frequency_action_Video.Pause_InWeek7,0.0009898403113238461,0.0027957697651205538,0.0
434,pause_duration_mean_InWeek7,0.001231076097686735,2.884477003984547e-05,0.0
435,pause_duration_std_InWeek7,0.0011426380151351582,8.520296357148058e-05,0.0
436,time_speeding_up_mean_InWeek7,0.0010524054960903975,0.0003767035858031694,0.0
437,time_speeding_up_std_InWeek7,0.0014535774113777899,0.00023274574240275908,0.0
438,fraction_spent_ratio_duration_Video.Play_InWeek7,0.0,0.00022704693625661315,0.0006909339595625511
439,fraction_spent_ratio_played_Video.Pause_InWeek7,0.0012340712563046513,0.0012630187670534384,0.0
440,fraction_spent_completed_Video.Play_InWeek7,0.0,0.0,0.00016623067197465952
441,fraction_spent_spent_Video.Play_InWeek7,0.0,0.00024111584140540192,0.000651814965141044
442,frequency_action_total_Video.Pause_InWeek7,0.0009656687428442953,0.005492924934440678,0.0
443,speed_playback__mean_InWeek7,0.0014874980505833997,0.003936642421604782,0.0
444,speed_playback__std_InWeek7,0.0014427171190567042,0.0010853797568674982,0.0
445,count_unique_elements_video_InWeek7,0.00133704121951321,0.0028660898236181087,0.0
446,competency_anticipation_InWeek7,0.0,0.0,0.0030070601976604303
447,content_alignment_InWeek7,0.0,0.0,0.004094445347847192
448,content_anticipation_InWeek7,0.0,0.0002579256840105856,0.0
449,student_speed_InWeek7,0.0012543408885882495,4.4855676161235906e-05,0.0
450,watching_index_InWeek7,0.0,0.0,0.0022522269103170587
451,fraction_spent_entirety_Video.Play_InWeek7,0.0,0.0001221734467795959,0.00025425512990072884
452,frequency_action_relative_Video.Play_InWeek7,0.0013613297736715143,5.627285708568671e-05,0.0
453,frequency_action_relative_Video.Pause_InWeek7,0.0012368104027753726,0.002896262013655469,0.0
454,frequency_action_relative_Video.Load_InWeek7,0.0009784522130402923,0.00013093009602987927,0.0
455,number_submissions_distinct_InWeek7,0.002099608371712473,0.0014559480128719911,0.0
456,number_submissions_InWeek7,0.0015491992023523348,0.00041715414736353466,0.0
457,number_submissions_distinct_correct_InWeek7,0.001093735413742378,0.0003401467223810204,0.0
458,number_submissions_avg_InWeek7,0.0011620407681477993,5.530701488765971e-05,0.0
459,obs_duration_problem_InWeek7,0.0014357262876419311,0.0006909646968093361,0.0
460,number_submissions_perc_correct_InWeek7,0.0014676699259717155,0.0004291580629483024,0.0
461,time_solve_problem_InWeek7,0.0015023618302597893,0.0003228648293991206,0.0
462,obs_duration_problem_var_InWeek7,0.0015799607227271525,0.00014142936479034747,0.0
463,obs_duration_problem_amax_InWeek7,0.001298633308246396,0.0001733966405935649,0.0
464,time_sessions_length_InWeek7,0.0009683047842333056,3.037451033046115e-05,0.0
465,number_submissions_correct_InWeek7,0.0011547296602700003,0.0005075630947515567,0.00015934496505075606
466,total_clicks_InWeek8,0.0010911679437218156,0.0018980492846226865,0.0
467,number_sessions_InWeek8,0.0011710550586746039,0.0001781486342801733,0.0
468,time_in__video_sum_InWeek8,0.001023046997710892,0.0036872149628468976,0.0
469,time_in__problem_sum_InWeek8,0.0014414373464185326,0.0002868218940398324,0.0
470,video.pause-video.speedchange-video.play_InWeek8,0.0012559247590169344,0.0057378668630840655,0.00015737194119626986
471,video.play-video.pause-video.load_InWeek8,0.001408995144277535,2.8845612607931555e-05,0.0
472,video.play-video.play-video.play_InWeek8,0.0,0.0009363510674977532,0.0
473,video.play-problem.check-problem.check_InWeek8,0.0,0.0006117197628638295,0.0
474,problem.check-problem.check-video.load_InWeek8,0.002545803687736001,0.00027398980009162466,0.016448965496955303
475,problem.check-problem.check-problem.check_InWeek8,2.5932022950084858e-05,0.0002704018907250474,0.0
476,regularity_peak_dayhour_InWeek8,0.0014776444286499163,0.0029354065052281998,0.0
477,regularity_periodicity_m1_InWeek8,0.001191323983189889,0.00021303949296169977,0.0
478,delay_lecture_InWeek8,0.0013579382204014776,0.0025219005346481336,0.0
479,time_sessions_sum_InWeek8,0.0012541508484805116,0.0033235869391704197,0.0
480,time_sessions_mean_InWeek8,0.0014332288925405945,5.2190728225803817e-05,0.0
481,time_between_sessions_std_InWeek8,0.0012991467113681434,0.0014446071122719768,0.0
482,time_sessions_std_InWeek8,0.0016613544036882194,5.7208549645993825e-05,0.0
483,total_clicks_weekday_InWeek8,0.0013805998162976405,5.52992096133448e-05,0.0
484,total_clicks_weekend_InWeek8,0.0016193110180917447,0.00014526272146694956,0.0
485,ratio_clicks_weekend_day_InWeek8,0.001515596310105105,0.00043494108945178354,0.0
486,total_clicks_video_InWeek8,0.0010366289335079675,0.002465182141040309,0.0
487,total_clicks_problem_InWeek8,0.0014326661081153092,0.0009407393470662556,0.0
488,attendance_rate_InWeek8,0.0013318424447173874,0.00043788385223854977,0.0
489,utilization_rate_InWeek8,0.0012475565458038224,0.002258340037887603,0.0
490,watching_ratio_InWeek8,0.0013179106114256497,3.037352854229167e-05,0.0
491,total_clicks_Video.Load_InWeek8,0.0015324892659282577,0.002922068573380087,0.0
492,weekly_prop_watched_mean_InWeek8,0.001139372838429699,0.00043788385223854977,0.0
493,weekly_prop_replayed_mean_InWeek8,0.0,0.0,0.00023264351064076005
494,weekly_prop_interrupted_mean_InWeek8,0.0011924933408762777,7.345489864009333e-05,0.0
495,total_clicks_Video_InWeek8,0.0011412647821656629,0.002465182141040309,0.0
496,frequency_action_Video_InWeek8,0.0012409079965213666,0.00034345111548900105,0.0
497,frequency_action_Video.Load_InWeek8,0.0009144117084796125,3.6877051665883864e-05,0.0
498,frequency_action_Video.Play_InWeek8,0.0014005622368224993,0.003050890081842315,0.0
499,frequency_action_Video.Pause_InWeek8,0.0013811630744295373,0.0029780336606352563,0.0
500,pause_duration_mean_InWeek8,0.001494650710477916,2.884543223743125e-05,0.0
501,pause_duration_std_InWeek8,0.0012679421188987745,0.00010175745563144943,0.0
502,time_speeding_up_mean_InWeek8,0.0016693774731023317,0.004931648660299309,0.0
503,time_speeding_up_std_InWeek8,0.0010330877906886537,0.00015258226182003577,0.0
504,fraction_spent_ratio_duration_Video.Play_InWeek8,0.0013075598170323268,0.00019345320484220478,0.0
505,fraction_spent_ratio_played_Video.Pause_InWeek8,0.0015640261374487302,0.00136573174511116,0.0
506,fraction_spent_completed_Video.Play_InWeek8,0.0013983295514464033,0.0020783621768630804,0.0
507,fraction_spent_spent_Video.Play_InWeek8,0.0015930795842358822,0.0005772501477500939,0.0
508,frequency_action_total_Video.Pause_InWeek8,0.0017921448136055055,0.003588007221004735,0.0
509,speed_playback__mean_InWeek8,0.0016356287472296545,0.002783636996293835,0.0
510,speed_playback__std_InWeek8,0.0009018536570433994,0.0008075356984610011,0.0
511,count_unique_elements_video_InWeek8,0.0012700207113417153,0.0024076712222573823,0.0
512,competency_anticipation_InWeek8,0.0,0.0,0.000274681923109828
513,content_alignment_InWeek8,0.0016181853103873422,0.00043788385223854977,0.0
514,content_anticipation_InWeek8,0.0,0.00029758456643996567,0.0
515,student_speed_InWeek8,0.0009695141495001951,5.164854604409922e-05,0.0
516,watching_index_InWeek8,0.0016562194235575673,0.0027020303856651086,0.0
517,fraction_spent_entirety_Video.Play_InWeek8,0.002545933526043013,0.00014895238751711626,0.0
518,frequency_action_relative_Video.Play_InWeek8,0.001315968360590259,3.488979063160959e-05,0.0
519,frequency_action_relative_Video.Pause_InWeek8,0.0014289600978128866,0.0028156795787112753,0.0
520,frequency_action_relative_Video.Load_InWeek8,0.0019156960822623722,8.461757431976773e-05,0.0
521,number_submissions_distinct_InWeek8,0.0016237324167450867,0.0013567531640623703,0.0009907861945558016
522,number_submissions_distinct_InWeek8,0.0016237324167450867,0.0013567531640623703,0.016314751206942108
523,number_submissions_InWeek8,0.0011758597877477362,0.0002659504509914863,0.0
524,number_submissions_distinct_correct_InWeek8,0.0,0.0002988602085838867,0.00018994341487689747
525,number_submissions_avg_InWeek8,0.0012650156304314236,3.688809489547588e-05,0.016298904148186723
526,obs_duration_problem_InWeek8,0.0,0.0008181441168721292,0.0009666546971153722
527,number_submissions_perc_correct_InWeek8,0.0,0.0004887695041148395,0.0002838929171943223
528,time_solve_problem_InWeek8,0.0011867993895306342,0.0005495449540430565,0.0
529,obs_duration_problem_var_InWeek8,0.0014001876908427931,0.00014124085874625043,0.0
530,obs_duration_problem_amax_InWeek8,0.001449333556338264,0.0001863921324608656,0.0
531,time_sessions_length_InWeek8,0.0011679205172412618,6.106970086649624e-05,0.0
532,number_submissions_correct_InWeek8,0.0,0.0004869066531334738,0.0006697076910986752
533,total_clicks_InWeek9,0.0011527412726986994,0.002181372919546693,0.0
534,number_sessions_InWeek9,0.001265214102690205,0.00018528615715056524,0.0
535,time_in__video_sum_InWeek9,0.0014488912529613388,0.0028615438667869294,0.0
536,time_in__problem_sum_InWeek9,0.0016941727122014155,0.00026998986943103595,0.0
537,video.pause-video.speedchange-video.play_InWeek9,0.0014369030855109735,0.0,0.0
538,video.play-video.pause-video.load_InWeek9,0.0011561150877234842,0.0027012672171133918,0.0
539,video.play-video.play-video.play_InWeek9,0.0,0.0009184094047772499,0.016462739418063956
540,video.play-problem.check-problem.check_InWeek9,0.0,0.0005827720757171978,0.016462146202665843
541,problem.check-problem.check-video.load_InWeek9,0.002522250351705777,0.0002875791645606386,0.0001682852364469575
542,problem.check-problem.check-video.load_InWeek9,0.002522250351705777,0.0002875791645606386,0.016354200304729515
543,problem.check-problem.check-problem.check_InWeek9,0.0010768329715619062,0.000339647972612147,0.0
544,regularity_peak_dayhour_InWeek9,0.0014617833590040807,0.003017023695958949,0.0
545,regularity_periodicity_m1_InWeek9,0.0015911414259102779,0.00026653040252701856,0.0
546,delay_lecture_InWeek9,0.0,0.0,0.0017239213115934479
547,time_sessions_sum_InWeek9,0.0011900570927412424,3.0375790780940058e-05,0.0
548,time_sessions_mean_InWeek9,0.0013054078486203738,8.615866801153155e-05,0.0
549,time_between_sessions_std_InWeek9,0.0018131562222382595,3.689057130250172e-05,0.0
550,time_sessions_std_InWeek9,0.0012376630099651675,0.003102661579362069,0.0
551,total_clicks_weekday_InWeek9,0.00153720164147307,5.529629058966199e-05,0.0
552,total_clicks_weekend_InWeek9,0.0010817757490234395,0.000145261803157657,0.0
553,ratio_clicks_weekend_day_InWeek9,0.0009524030820346388,0.00045110109574373914,0.0
554,total_clicks_video_InWeek9,0.0014597345714631121,0.0029727077541021802,0.0
555,total_clicks_problem_InWeek9,0.001658510426844076,0.0009600017372127008,0.0
556,attendance_rate_InWeek9,0.0,0.0,0.0036784525493240355
557,utilization_rate_InWeek9,0.0012255569626964155,0.001986425227261252,0.0
558,watching_ratio_InWeek9,0.0,0.0,0.0007138005624853952
559,total_clicks_Video.Load_InWeek9,0.0016867672606195494,5.706457777659544e-05,0.0
560,weekly_prop_watched_mean_InWeek9,0.0,0.0,0.000571425859876609
561,weekly_prop_replayed_mean_InWeek9,0.0,0.0,0.0003536905063661762
562,weekly_prop_interrupted_mean_InWeek9,0.0,3.687149662875137e-05,0.00021196755382744793
563,total_clicks_Video_InWeek9,0.0012427218207966744,0.0029727077541021802,0.0
564,frequency_action_Video_InWeek9,0.0012180361953580254,0.0003063867781927583,0.0
565,frequency_action_Video.Load_InWeek9,0.0012414301265444385,3.6872456480019015e-05,0.0
566,frequency_action_Video.Play_InWeek9,0.0012526120366120892,0.0024630110237734296,0.0
567,frequency_action_Video.Pause_InWeek9,0.0009983732417208336,0.002490636291082739,0.0
568,pause_duration_mean_InWeek9,0.00193087061216321,4.549229789125754e-05,0.0
569,pause_duration_std_InWeek9,0.001348621509926478,6.31606050936808e-05,0.0
570,time_speeding_up_mean_InWeek9,0.0014083844642660656,0.0035395995544973717,0.0
571,time_speeding_up_std_InWeek9,0.0013178849292631953,0.0002441369874730065,0.0
572,fraction_spent_ratio_duration_Video.Play_InWeek9,0.0,0.00032111705900868807,0.0018413788063124839
573,fraction_spent_ratio_played_Video.Pause_InWeek9,0.0010780661221637844,0.0010226341852331317,0.0
574,fraction_spent_completed_Video.Play_InWeek9,0.0,0.0,0.0014877050984381823
575,fraction_spent_spent_Video.Play_InWeek9,0.0,0.0005977719907382736,0.0012301912396729155
576,frequency_action_total_Video.Pause_InWeek9,0.001314831869286086,0.003894764956449167,0.0
577,speed_playback__mean_InWeek9,0.0015581806219283436,0.0030601516677196228,0.0
578,speed_playback__std_InWeek9,0.001088773614766306,0.001353538669554242,0.0
579,count_unique_elements_video_InWeek9,0.001207033439593159,0.0025128261587515706,0.0
580,competency_anticipation_InWeek9,0.0,0.0,0.0038543977149900705
581,content_alignment_InWeek9,0.0,0.0,0.00038254684186432456
582,content_anticipation_InWeek9,0.0,0.0003047519133312001,0.016458327937354182
583,student_speed_InWeek9,0.0011349876090011007,5.576658681374816e-05,0.0
584,watching_index_InWeek9,0.0,0.0,0.00022437318597516998
585,fraction_spent_entirety_Video.Play_InWeek9,0.0,0.0001826824892245009,0.00017346050912948646
586,frequency_action_relative_Video.Play_InWeek9,0.0007985587320763203,0.002634303380263534,0.0
587,frequency_action_relative_Video.Pause_InWeek9,0.001004832850707662,0.0024306139391091653,0.0
588,frequency_action_relative_Video.Load_InWeek9,0.0014469931058964797,3.488417326428621e-05,0.0
589,number_submissions_distinct_InWeek9,0.0,0.0012426021146464557,0.0012954838750408274
590,number_submissions_InWeek9,0.0,0.00019534255172610527,0.0005093014990669171
591,number_submissions_distinct_correct_InWeek9,0.0,0.00027695060576069815,0.00042582050677520897
592,number_submissions_avg_InWeek9,0.0,3.687149662875137e-05,0.0004976864684502347
593,obs_duration_problem_InWeek9,0.0,0.0008343100525143138,0.001353183044982775
594,number_submissions_perc_correct_InWeek9,0.0,0.0004705469666077858,0.01646433689159238
595,time_solve_problem_InWeek9,0.0015858183182467104,0.000390660490743976,0.0
596,obs_duration_problem_var_InWeek9,0.00122625764470814,0.0001631609216049254,0.0
597,obs_duration_problem_amax_InWeek9,0.0015359563354272058,0.00026999119725772163,0.0
598,time_sessions_length_InWeek9,0.0014100230205272794,0.0001704058450738705,0.0
599,number_submissions_correct_InWeek9,0.0,0.0003442571474355479,0.0009620076593127063
600,total_clicks_InWeek10,0.0013943155276461327,0.0038562829296781083,0.0
601,number_sessions_InWeek10,0.0014414113332587007,0.0001584486064175557,0.0
602,time_in__video_sum_InWeek10,0.0013882019716217496,0.0015915637070801573,0.0
603,time_in__problem_sum_InWeek10,0.0012453837387955784,0.00024107636056561134,0.0
604,video.pause-video.speedchange-video.play_InWeek10,0.0,0.005687854690991876,0.0
605,video.play-video.pause-video.load_InWeek10,0.0009946887042758402,0.003159927759727424,0.0
606,video.play-video.play-video.play_InWeek10,0.0018713724366889012,0.0008821052401647428,0.0
607,video.play-problem.check-problem.check_InWeek10,2.6351997207810385e-05,0.000780431445144932,0.0
608,problem.check-problem.check-video.load_InWeek10,0.001049423776653882,0.00023907329904237183,0.0
609,problem.check-problem.check-problem.check_InWeek10,0.0009291700073526874,0.00036328311616153297,0.0
610,regularity_peak_dayhour_InWeek10,0.0013567452266213178,0.002706921792384914,0.0
611,regularity_periodicity_m1_InWeek10,0.0016039993287691096,0.00028432731719080337,0.0
612,delay_lecture_InWeek10,0.0,0.0,0.0006623104195217603
613,time_sessions_sum_InWeek10,0.0014628076796543545,8.616082320768106e-05,0.0
614,time_sessions_mean_InWeek10,0.0014849462523146128,0.0001308160236917007,0.0
615,time_between_sessions_std_InWeek10,0.0,3.7725197454028905e-05,0.001084158339020479
616,time_sessions_std_InWeek10,0.0,0.0,0.001571799667120575
617,total_clicks_weekday_InWeek10,0.0012628901503638343,0.0031507259119829462,0.0
618,total_clicks_weekend_InWeek10,0.0016506284867370258,0.00010802098333988364,0.0
619,ratio_clicks_weekend_day_InWeek10,0.0012552556546427725,0.0005191264071320117,0.0
620,total_clicks_video_InWeek10,0.0016732214904365682,0.002597385520546413,0.0
621,total_clicks_problem_InWeek10,0.0013370826286413378,0.0009251083105989026,0.0
622,attendance_rate_InWeek10,0.0,0.0,0.0013009658241439589
623,utilization_rate_InWeek10,0.0,0.0,0.0007839608394172827
624,watching_ratio_InWeek10,0.0,0.0,0.0008885377207319625
625,total_clicks_Video.Load_InWeek10,0.0013498331291371113,6.427250183434954e-05,0.0
626,weekly_prop_watched_mean_InWeek10,0.0,0.0,0.00016290532061861738
627,weekly_prop_replayed_mean_InWeek10,0.0,0.0,0.0006304975012118219
628,weekly_prop_interrupted_mean_InWeek10,0.0,3.687149662875137e-05,0.00024855838736179175
629,total_clicks_Video_InWeek10,0.0012450107807341427,0.002597385520546413,0.0
630,frequency_action_Video_InWeek10,0.0009427943262856953,0.0002615735467716915,0.0
631,frequency_action_Video.Load_InWeek10,0.001318301990852003,7.385459080472077e-05,0.0
632,frequency_action_Video.Play_InWeek10,0.0015007507137327117,0.003001310083963772,0.0
633,frequency_action_Video.Pause_InWeek10,0.0009881608681043181,0.0029897878248763333,0.0
634,pause_duration_mean_InWeek10,0.0011526863949862503,5.51055291579732e-05,0.0
635,pause_duration_std_InWeek10,0.0011658129260330022,6.289453199335739e-05,0.0
636,time_speeding_up_mean_InWeek10,0.0011456916749997808,3.03745907233748e-05,0.0
637,time_speeding_up_std_InWeek10,0.0012609907910714252,0.0003602227745054085,0.0
638,fraction_spent_ratio_duration_Video.Play_InWeek10,0.0,0.000302145665779459,0.00036539814331060743
639,fraction_spent_ratio_played_Video.Pause_InWeek10,0.0010803091170308774,0.0014435213046499853,0.0
640,fraction_spent_completed_Video.Play_InWeek10,0.0,0.0,0.00032145340148578545
641,fraction_spent_spent_Video.Play_InWeek10,0.0,0.0006410852189793648,0.0004469012058540337
642,frequency_action_total_Video.Pause_InWeek10,0.0014015075909362149,0.0026856481224472946,0.0
643,speed_playback__mean_InWeek10,0.001327866554354975,0.002657703790750244,0.0
644,speed_playback__std_InWeek10,0.0014288661729740318,0.00198270677461411,0.0
645,count_unique_elements_video_InWeek10,0.0015048698009122144,3.695693071055672e-05,0.0
646,competency_anticipation_InWeek10,0.0,4.316029509188723e-05,0.00016594521973186627
647,content_alignment_InWeek10,0.0,0.0,0.0028397806529767387
648,content_anticipation_InWeek10,0.0,0.00024423889321656747,0.0017935211899139814
649,student_speed_InWeek10,0.001191872481677991,0.00023135053858544877,0.0
650,watching_index_InWeek10,0.0,0.0,0.004094262379725819
651,fraction_spent_entirety_Video.Play_InWeek10,0.0,0.00017216015654258503,0.0002580583249252979
652,frequency_action_relative_Video.Play_InWeek10,0.0012191493824645987,0.00279699841371948,0.0
653,frequency_action_relative_Video.Pause_InWeek10,0.0014827197161745985,0.0025790487466872186,0.0
654,frequency_action_relative_Video.Load_InWeek10,0.001180548782057189,2.884985941774438e-05,0.0
655,number_submissions_distinct_InWeek10,0.0,0.0011293816855473073,0.0008292748670547156
656,number_submissions_InWeek10,0.0,0.000302145665779459,0.0006199834489189055
657,number_submissions_distinct_correct_InWeek10,0.0,0.0003063867246766948,0.0007422655907446332
658,number_submissions_avg_InWeek10,0.0,3.687149662875137e-05,0.00025836375537718946
659,obs_duration_problem_InWeek10,0.0,0.0007919038149197904,0.004012390052179678
660,number_submissions_perc_correct_InWeek10,0.0,0.0007771056164622747,0.0002280750779023865
661,time_solve_problem_InWeek10,0.0016051085720805503,0.00032543959022037964,0.0
662,obs_duration_problem_var_InWeek10,0.0016246608975488664,0.00016049059920145668,0.0
663,obs_duration_problem_amax_InWeek10,0.0013054815226848798,0.00025567910924466727,0.0
664,time_sessions_length_InWeek10,0.0016854652466190584,0.00017216172437593705,0.0
665,number_submissions_correct_InWeek10,0.0,0.00041859204408686797,0.007439893473540631
666,total_clicks_InWeek11,0.001207325121669154,0.0018551505463815536,0.0
667,number_sessions_InWeek11,0.001333841967139932,0.0001584479779279188,0.0
668,time_in__video_sum_InWeek11,0.0010952196452566555,0.0013945386691117036,0.0
669,time_in__problem_sum_InWeek11,0.001634018009359047,0.0002277020667446722,0.0
670,video.pause-video.speedchange-video.play_InWeek11,0.0012082367980625797,0.0056538536678696315,0.0
671,video.play-video.pause-video.load_InWeek11,0.0011065172289398848,0.001285942190761581,0.0
672,video.play-video.play-video.play_InWeek11,0.0,0.000903881189435189,0.0
673,video.play-problem.check-problem.check_InWeek11,3.477610925372164e-05,0.0007450871385841817,0.0
674,problem.check-problem.check-video.load_InWeek11,0.0014566205543279562,0.00021876884101303443,0.0
675,problem.check-problem.check-problem.check_InWeek11,0.0012677233482687156,0.0002986589323291411,0.0
676,regularity_peak_dayhour_InWeek11,0.0013232786369988762,0.004009816987151459,0.0
677,regularity_periodicity_m1_InWeek11,0.0015348429517148404,0.0002761538133179218,0.0
678,delay_lecture_InWeek11,0.0,0.0,0.00022431530510704255
679,time_sessions_sum_InWeek11,0.001506411935740538,0.00017216132343796185,0.0
680,time_sessions_mean_InWeek11,0.001172607270328494,0.00019762463257821223,0.0
681,time_between_sessions_std_InWeek11,0.0,3.687149662875137e-05,0.0012991877904890874
682,time_sessions_std_InWeek11,0.0,0.0,0.0014883496862655682
683,total_clicks_weekday_InWeek11,0.0012701424052472673,0.0008803156195363629,0.0
684,total_clicks_weekend_InWeek11,0.001582044880744739,5.510378214258265e-05,0.0
685,ratio_clicks_weekend_day_InWeek11,0.001204170428462613,0.0005992858270700382,0.0
686,total_clicks_video_InWeek11,0.0009108540601740256,0.0027909306136723487,0.0
687,total_clicks_problem_InWeek11,0.0019228358223663733,0.0008467298294836821,0.0
688,attendance_rate_InWeek11,0.0,0.0,0.0012365469159444317
689,utilization_rate_InWeek11,0.0,0.0,0.00015754285449228088
690,watching_ratio_InWeek11,0.0,0.0,0.0002268124172488743
691,total_clicks_Video.Load_InWeek11,0.0015285642163602128,9.699027623815857e-05,0.0
692,weekly_prop_watched_mean_InWeek11,0.0,0.0,0.004345055025327635
693,weekly_prop_replayed_mean_InWeek11,0.0,0.0,0.004506485537291056
694,weekly_prop_interrupted_mean_InWeek11,0.0,3.687149662875137e-05,0.0002260517920183447
695,total_clicks_Video_InWeek11,0.0017479305338998787,0.0027909306136723487,0.0
696,frequency_action_Video_InWeek11,0.001513176248710672,0.00022714682733686323,0.0
697,frequency_action_Video.Load_InWeek11,0.001436570939384128,8.813582319577647e-05,0.0
698,frequency_action_Video.Play_InWeek11,0.0010889614289899855,0.003032469879212461,0.0
699,frequency_action_Video.Pause_InWeek11,0.0010933912435261556,0.0027765060997532076,0.0
700,pause_duration_mean_InWeek11,0.0014345484837171788,8.615857657943999e-05,0.0
701,pause_duration_std_InWeek11,0.0011075783738121242,6.27716819308385e-05,0.0
702,time_speeding_up_mean_InWeek11,0.0011631010358721366,3.037771526890893e-05,0.0
703,time_speeding_up_std_InWeek11,0.001045259830623739,0.0004757491350517265,0.0
704,fraction_spent_ratio_duration_Video.Play_InWeek11,0.0,0.00026334490002176696,0.00034342833139784494
705,fraction_spent_ratio_played_Video.Pause_InWeek11,0.001366621976219909,0.0012706855418650376,0.0
706,fraction_spent_completed_Video.Play_InWeek11,0.0,0.0,0.004722615682696612
707,fraction_spent_spent_Video.Play_InWeek11,0.0,0.000462950949279201,0.002938093224572454
708,frequency_action_total_Video.Pause_InWeek11,0.0015480647285310688,0.0019446514850941865,0.0
709,speed_playback__mean_InWeek11,0.0013614234421081256,0.0021860056673617357,0.0
710,speed_playback__std_InWeek11,0.001108970856595034,0.001951264104494136,0.0
711,count_unique_elements_video_InWeek11,0.0010252498913593245,3.6874204175512346e-05,0.0
712,competency_anticipation_InWeek11,0.0,0.00010758188415731664,0.001093387798472308
713,content_alignment_InWeek11,0.0,0.0,0.0056160729941736294
714,content_anticipation_InWeek11,0.0,0.00023997289348372364,0.00015787978435504775
715,student_speed_InWeek11,0.0014461692058460793,0.0002694285596949585,0.0
716,watching_index_InWeek11,0.0,0.0,0.00016620742124735327
717,fraction_spent_entirety_Video.Play_InWeek11,0.0,0.00017216015654258503,0.00972146496679692
718,frequency_action_relative_Video.Play_InWeek11,0.0011077157885108063,0.002716196632281701,0.0
719,frequency_action_relative_Video.Pause_InWeek11,0.0011462441622337542,0.0026333636558932504,0.0
720,frequency_action_relative_Video.Load_InWeek11,0.0012134974375913458,0.0027734453896468008,0.0
721,number_submissions_distinct_InWeek11,0.0,0.0009762374252416238,0.0009326506184248879
722,number_submissions_InWeek11,0.0,0.000302145665779459,0.0012835409679577464
723,number_submissions_distinct_correct_InWeek11,0.0,0.00026246026995305064,0.00027061013911246147
724,number_submissions_avg_InWeek11,0.0,4.7055114909989844e-05,0.006419205650855519
725,obs_duration_problem_InWeek11,0.0,0.0006508518831611318,0.000552633179951636
726,number_submissions_perc_correct_InWeek11,0.0,0.0007090442902880545,0.0006809053433300187
727,time_solve_problem_InWeek11,0.0012610618785927933,0.0002879566581009641,0.0
728,obs_duration_problem_var_InWeek11,0.0011778930333605298,0.00011169918275929467,0.0
729,obs_duration_problem_amax_InWeek11,0.0014517629156442554,0.00017203413694772004,0.0
730,time_sessions_length_InWeek11,0.0016734472720933832,0.00017216109588629995,0.0
731,number_submissions_correct_InWeek11,0.0,0.0003036434358900054,0.0014840201060257773
732,total_clicks_InWeek12,0.0011812484661636981,0.0035319998045857666,0.0
733,number_sessions_InWeek12,0.001600805034065718,0.00015255298143558224,0.0
734,time_in__video_sum_InWeek12,0.0013010183958014796,0.003590872146366676,0.0
735,time_in__problem_sum_InWeek12,0.00109338382639603,0.0002045583607272928,0.0
736,video.pause-video.speedchange-video.play_InWeek12,0.001160835082356549,8.64708164705872e-05,0.00016959517546224942
737,video.pause-video.speedchange-video.play_InWeek12,0.001160835082356549,8.64708164705872e-05,0.01646064291260854
738,video.play-video.pause-video.load_InWeek12,0.0015078126199746247,0.005682776265421723,0.0
739,video.play-video.play-video.play_InWeek12,2.5218428743347606e-05,0.0008563218915654649,0.0
740,video.play-problem.check-problem.check_InWeek12,0.000687680831002914,0.0007259762581505657,0.016450125519148782
741,problem.check-problem.check-video.load_InWeek12,0.0009431289297438906,0.00017216034662283737,0.0
742,problem.check-problem.check-problem.check_InWeek12,0.0014213680429424743,0.00036476782930632695,0.0
743,regularity_peak_dayhour_InWeek12,0.0013261492660270981,0.002652000758744279,0.0
744,regularity_periodicity_m1_InWeek12,0.0014123391133952642,0.00027010943931029245,0.0
745,delay_lecture_InWeek12,0.0,0.0,0.0
746,time_sessions_sum_InWeek12,0.0015107458635533514,0.00019900139673946583,0.0
747,time_sessions_mean_InWeek12,0.0016529458768450066,0.00019900139673946583,0.0
748,time_between_sessions_std_InWeek12,0.0,5.847096330457212e-05,0.00026893715045221494
749,time_sessions_std_InWeek12,0.0,0.0,0.0009501731407520809
750,total_clicks_weekday_InWeek12,0.0016368910490478605,0.0035213639310227468,0.0
751,total_clicks_weekend_InWeek12,0.0013566341889070927,3.0376140926598518e-05,0.0
752,ratio_clicks_weekend_day_InWeek12,0.001805551676189251,0.0005079294062969315,0.0
753,total_clicks_video_InWeek12,0.0013695326566737084,0.004352972820874919,0.0
754,total_clicks_problem_InWeek12,0.0016442852368324873,0.0007260061560535138,0.0
755,attendance_rate_InWeek12,0.0,0.0,0.00038440061403568744
756,utilization_rate_InWeek12,0.0,0.0,0.00041404676635910617
757,watching_ratio_InWeek12,0.0,0.0,0.016276135597413074
758,total_clicks_Video.Load_InWeek12,0.0016806003674461176,0.0001701735873808072,0.0
759,weekly_prop_watched_mean_InWeek12,0.0,0.0,0.006172395221141877
760,weekly_prop_replayed_mean_InWeek12,0.0,0.0,0.007311050657844948
761,weekly_prop_interrupted_mean_InWeek12,0.0,3.687149662875137e-05,0.016464143485690464
762,total_clicks_Video_InWeek12,0.000877687793005669,0.004352972820874919,0.0
763,frequency_action_Video_InWeek12,0.0013046921573890374,0.00017999185123110945,0.0
764,frequency_action_Video.Load_InWeek12,0.0012909748985118978,7.415961124165962e-05,0.0
765,frequency_action_Video.Play_InWeek12,0.0017821334754520315,0.0023654928290830694,0.0
766,frequency_action_Video.Pause_InWeek12,0.0014747865967401769,0.0024549712177946046,0.0
767,pause_duration_mean_InWeek12,0.0011099333509292145,6.10670222509234e-05,0.0
768,pause_duration_std_InWeek12,0.0012141121451341706,0.0044548872681150035,0.0
769,time_speeding_up_mean_InWeek12,0.0008694281585928265,3.037502481440707e-05,0.0
770,time_speeding_up_std_InWeek12,0.0014258621040432232,0.0007158181068049792,0.0
771,fraction_spent_ratio_duration_Video.Play_InWeek12,0.0,0.00026246026995305064,0.0022682907964946893
772,fraction_spent_ratio_played_Video.Pause_InWeek12,0.0016695601349578882,0.0013314648408156112,0.0
773,fraction_spent_completed_Video.Play_InWeek12,0.0,0.0,0.00016857545551289684
774,fraction_spent_spent_Video.Play_InWeek12,0.0,0.00029224596564213256,0.0004865628446592262
775,frequency_action_total_Video.Pause_InWeek12,0.001348811227000986,0.0010882531795299779,0.0
776,speed_playback__mean_InWeek12,0.0013594512049627725,0.001989552522827982,0.0
777,speed_playback__std_InWeek12,0.0013153426666561562,0.0006932261832687927,0.0
778,count_unique_elements_video_InWeek12,0.0010467392727753681,7.497288793310919e-05,0.0
779,competency_anticipation_InWeek12,0.0,0.00015959873144764152,0.0007459298654865285
780,content_alignment_InWeek12,0.0,0.0,0.004084072540775153
781,content_anticipation_InWeek12,0.0,0.00018405148837448703,0.00035442876828156136
782,student_speed_InWeek12,0.0009038160364630267,0.0003403004048462409,0.0
783,watching_index_InWeek12,0.0,0.0,0.0015287611631414275
784,fraction_spent_entirety_Video.Play_InWeek12,0.0,0.00017216015654258503,0.0007690511822537955
785,frequency_action_relative_Video.Play_InWeek12,0.0012409486658956114,0.0028160213332359685,0.0
786,frequency_action_relative_Video.Pause_InWeek12,0.0017362172499295295,0.002943642191932021,0.0
787,frequency_action_relative_Video.Load_InWeek12,0.0013727637329725181,0.002531143897427314,0.0
788,number_submissions_distinct_InWeek12,0.0,0.0007915707797450898,0.0004014338286748204
789,number_submissions_InWeek12,0.0,0.00026246026995305064,0.004545078857228809
790,number_submissions_distinct_correct_InWeek12,0.0,0.00026246026995305064,0.00349835750066791
791,number_submissions_avg_InWeek12,0.0,7.040778426573626e-05,0.011485959262374217
792,obs_duration_problem_InWeek12,0.0,0.0005347127916076833,0.0007594911864589667
793,number_submissions_perc_correct_InWeek12,0.0,0.0004073379825595341,0.00037302062474247423
794,time_solve_problem_InWeek12,0.0014885659297783475,0.0002624629500342808,0.0
795,obs_duration_problem_var_InWeek12,0.0012385888961475773,8.402607580540095e-05,0.0
796,obs_duration_problem_amax_InWeek12,0.0015162234167359068,0.00018528850054672406,0.0
797,time_sessions_length_InWeek12,0.0017355210103989103,0.0001990002114426588,0.0
798,number_submissions_correct_InWeek12,0.0,0.00028072236589483257,0.010062689844987751
799,total_clicks_InWeek13,0.001149137502415474,0.0023832106617063687,0.0
800,number_sessions_InWeek13,0.0014742016462517646,6.106736374939911e-05,0.0
801,time_in__video_sum_InWeek13,0.0013510846849315505,0.0029649426435361136,0.0
802,time_in__problem_sum_InWeek13,0.0015969962739847074,6.87828350877723e-05,0.0
803,video.pause-video.speedchange-video.play_InWeek13,0.0,0.0001178076011692975,0.0
804,video.play-video.pause-video.load_InWeek13,0.0011471726914654532,0.003242835007986662,0.0
805,video.play-video.play-video.play_InWeek13,0.0,0.0009135613019019283,0.0001664903123537186
806,video.play-problem.check-problem.check_InWeek13,0.0017000878539936476,0.000707163737045129,0.01645730464627744
807,problem.check-problem.check-video.load_InWeek13,0.0013169926164814721,6.106556732487654e-05,0.0
808,problem.check-problem.check-problem.check_InWeek13,0.0012841312206509704,0.00035516892402586944,0.0
809,regularity_peak_dayhour_InWeek13,0.001299168226493386,0.002503684607559748,0.0
810,regularity_periodicity_m1_InWeek13,0.0018460582838916912,0.0002417151300467431,0.0
811,delay_lecture_InWeek13,0.0,0.0,0.005764492300733776
812,time_sessions_sum_InWeek13,0.001659888574466066,0.00019900087708153217,0.0
813,time_sessions_mean_InWeek13,0.001937355742920692,0.00019900087708153217,0.0
814,time_between_sessions_std_InWeek13,0.0,7.880723190909103e-05,0.0024265170900210765
815,time_sessions_std_InWeek13,0.0,0.0,0.0009191732093044971
816,total_clicks_weekday_InWeek13,0.0012229421058867502,0.0015824117447902064,0.0
817,total_clicks_weekend_InWeek13,0.0012146395748377575,0.004593284245673042,0.0
818,ratio_clicks_weekend_day_InWeek13,0.0017594209244015486,0.00046760492096469236,0.0
819,total_clicks_video_InWeek13,0.0015579188684269108,0.004270548980774614,0.0
820,total_clicks_problem_InWeek13,0.0016003396389275592,0.0005613920397648153,0.0
821,attendance_rate_InWeek13,0.0,0.0,0.00020021952859609844
822,utilization_rate_InWeek13,0.0,0.0,0.005502576743769429
823,watching_ratio_InWeek13,0.0,0.0,0.005388708687556107
824,total_clicks_Video.Load_InWeek13,0.0014791813846821375,0.00038515837330214373,0.0
825,weekly_prop_watched_mean_InWeek13,0.0,0.0,0.0014983358441857777
826,weekly_prop_replayed_mean_InWeek13,0.0,0.0,0.01637166854924365
827,weekly_prop_interrupted_mean_InWeek13,0.0,3.687149662875137e-05,0.004033174720143795
828,total_clicks_Video_InWeek13,0.0013333853620278834,0.004270548980774614,0.0
829,frequency_action_Video_InWeek13,0.0017197131847654042,6.106549759377669e-05,0.0
830,frequency_action_Video.Load_InWeek13,0.0015057906195782233,8.201827373773998e-05,0.0
831,frequency_action_Video.Play_InWeek13,0.0008078915086723572,0.0029972310362444687,0.0
832,frequency_action_Video.Pause_InWeek13,0.0010667247357485034,0.003526853278503944,0.0
833,pause_duration_mean_InWeek13,0.0012761767387304778,6.106596343451843e-05,0.0
834,pause_duration_std_InWeek13,0.0010800076572306501,6.309992251012942e-05,0.0
835,time_speeding_up_mean_InWeek13,0.0010466889220299052,0.003177189723561068,0.0
836,time_speeding_up_std_InWeek13,0.0010774873230297592,0.0006990195903547058,0.0
837,fraction_spent_ratio_duration_Video.Play_InWeek13,0.0,0.0002277005165839524,0.001002250382110886
838,fraction_spent_ratio_played_Video.Pause_InWeek13,0.001331369223988789,0.0011548291330269857,0.0
839,fraction_spent_completed_Video.Play_InWeek13,0.0,0.0,0.005753548022311047
840,fraction_spent_spent_Video.Play_InWeek13,0.0,0.0001953643846017476,0.000587074380287734
841,frequency_action_total_Video.Pause_InWeek13,0.0011862025072009574,0.002702864309991738,0.0
842,speed_playback__mean_InWeek13,0.001449757008569298,0.001860933117159916,0.0
843,speed_playback__std_InWeek13,0.0007441353004494568,0.0036556970475945883,0.0
844,count_unique_elements_video_InWeek13,0.0015089493199601602,9.297978205332027e-05,0.0
845,competency_anticipation_InWeek13,0.0,0.00013188157899946912,0.0012093493033405894
846,content_alignment_InWeek13,0.0,6.10654615416271e-05,0.01157034972901997
847,content_anticipation_InWeek13,0.0,0.0001476416021656312,0.016152231403964146
848,student_speed_InWeek13,0.0013374193305385198,0.00030435238112536833,0.0
849,watching_index_InWeek13,0.0,0.0,0.0013086998874458635
850,fraction_spent_entirety_Video.Play_InWeek13,0.0,0.0001507393678884951,0.000852083226292011
851,frequency_action_relative_Video.Play_InWeek13,0.0017289447953373032,0.0027499709570299514,0.0
852,frequency_action_relative_Video.Pause_InWeek13,0.0014294321228037201,0.0029180523946588533,0.0
853,frequency_action_relative_Video.Load_InWeek13,0.0006501020730395955,0.001935500931382021,0.0
854,number_submissions_distinct_InWeek13,0.0,0.0006009821169660508,0.0002910549779992604
855,number_submissions_InWeek13,0.0,0.00015658385966982072,0.000469012238733448
856,number_submissions_distinct_correct_InWeek13,0.0,0.00022077849769571844,0.0003466106107243319
857,number_submissions_avg_InWeek13,0.0,0.00011421452450364024,0.016431584441901362
858,obs_duration_problem_InWeek13,0.0,0.00036349835972958626,0.0008507648996518118
859,number_submissions_perc_correct_InWeek13,0.0,0.00031679149896449507,0.0003484529787528789
860,time_solve_problem_InWeek13,0.0013692287257858796,0.00022138249660541418,0.0
861,obs_duration_problem_var_InWeek13,0.0011686841717664972,3.03748259357881e-05,0.0
862,obs_duration_problem_amax_InWeek13,0.0011703944508558884,8.164299454942743e-05,0.0
863,time_sessions_length_InWeek13,0.0017514902149437974,0.00013938473247018736,0.0
864,number_submissions_correct_InWeek13,0.0,0.0002213811694488238,0.0003129745346727675
865,total_clicks_InWeek14,0.0011360600627736413,0.005363072825830396,0.0
866,number_sessions_InWeek14,0.0013551723028068549,3.0375318634747127e-05,0.0
867,time_in__video_sum_InWeek14,0.0009938378330064644,0.0009784676372533946,0.0
868,time_in__problem_sum_InWeek14,0.0011454390484087584,3.0375407769507264e-05,0.0
869,video.pause-video.speedchange-video.play_InWeek14,0.0011875692263970334,8.602017113043181e-05,0.0
870,video.play-video.pause-video.load_InWeek14,0.001268459100186425,0.002028942353862109,0.0
871,video.play-video.play-video.play_InWeek14,0.0,0.0009611218449095008,0.0
872,video.play-problem.check-problem.check_InWeek14,0.0011814205780598186,0.0006971002423209719,0.0
873,problem.check-problem.check-video.load_InWeek14,0.0013200342130418553,3.0374130888007014e-05,0.0
874,problem.check-problem.check-problem.check_InWeek14,0.0010509383542382142,0.0003942098973981712,0.0
875,regularity_peak_dayhour_InWeek14,0.001544540836159347,0.003659647975639893,0.0
876,regularity_periodicity_m1_InWeek14,0.0015702055220321906,0.00021640246312697078,0.0
877,delay_lecture_InWeek14,0.0,0.0,0.0015082004371615037
878,time_sessions_sum_InWeek14,0.0013031932479298397,0.00015658694943426925,0.0
879,time_sessions_mean_InWeek14,0.0013969553158263343,0.00015658694943426925,0.0
880,time_between_sessions_std_InWeek14,0.0,8.820456138296065e-05,0.01618897602088814
881,time_sessions_std_InWeek14,0.0,0.0,0.005841846613915687
882,total_clicks_weekday_InWeek14,0.0009194145250371436,6.292594439396994e-05,0.0
883,total_clicks_weekend_InWeek14,0.0014939918353595498,0.005178284407164495,0.0
884,ratio_clicks_weekend_day_InWeek14,0.001294772887688059,0.00035547254623806613,0.0
885,total_clicks_video_InWeek14,0.0008387990198073463,3.687619006026283e-05,0.0
886,total_clicks_problem_InWeek14,0.0014362443430849785,0.0004826405186797461,0.0
887,attendance_rate_InWeek14,0.0,0.0,0.00016188403020720013
888,utilization_rate_InWeek14,0.0,3.037351090748185e-05,0.0005140065832386746
889,watching_ratio_InWeek14,0.0,0.0,0.002486227096585499
890,total_clicks_Video.Load_InWeek14,0.0012563515380659555,0.00037000556260310936,0.0
891,weekly_prop_watched_mean_InWeek14,0.0,0.0,0.004530966270599226
892,weekly_prop_replayed_mean_InWeek14,0.0,0.0,0.004683698201941132
893,weekly_prop_interrupted_mean_InWeek14,0.0,3.687149662875137e-05,0.013687354659037598
894,total_clicks_Video_InWeek14,0.0012977874173490677,0.005199224853636735,0.0
895,frequency_action_Video_InWeek14,0.0010090169139799245,0.0012973516188350995,0.0
896,frequency_action_Video.Load_InWeek14,0.0014357933706597625,8.64278313485483e-05,0.0
897,frequency_action_Video.Play_InWeek14,0.0011606120339260867,0.003013962562497295,0.0
898,frequency_action_Video.Pause_InWeek14,0.001559516174355218,8.608500987852297e-05,0.0
899,pause_duration_mean_InWeek14,0.0011477041327045696,6.106660518706503e-05,0.0
900,pause_duration_std_InWeek14,0.0012184325433879117,6.855657852198287e-05,0.0
901,time_speeding_up_mean_InWeek14,0.0016127696529634511,0.00469463199836488,0.0
902,time_speeding_up_std_InWeek14,0.001149402716315275,0.0006818372813319817,0.0
903,fraction_spent_ratio_duration_Video.Play_InWeek14,0.0,0.00015658385966982072,0.004611307342460405
904,fraction_spent_ratio_played_Video.Pause_InWeek14,0.0013663786565733893,0.0010919022030867088,0.0
905,fraction_spent_completed_Video.Play_InWeek14,0.0,6.10654615416271e-05,0.0004070482035934111
906,fraction_spent_spent_Video.Play_InWeek14,0.0,0.00018079439448778287,0.00017509117120653817
907,frequency_action_total_Video.Pause_InWeek14,0.0009353316829278979,3.6871984434510004e-05,0.0
908,speed_playback__mean_InWeek14,0.001819547510712905,0.0029263121928079523,0.0
909,speed_playback__std_InWeek14,0.0013308219493452305,0.0011361338345602823,0.0
910,count_unique_elements_video_InWeek14,0.0015214787809394777,0.00010050258612296728,0.0
911,competency_anticipation_InWeek14,0.0,0.00015658385966982072,0.0007516466764582278
912,content_alignment_InWeek14,0.0,6.10654615416271e-05,0.0012437048453260218
913,content_anticipation_InWeek14,0.0,0.00024972588421351974,0.016454914052007604
914,student_speed_InWeek14,0.0010550236367059187,0.0002561946968515426,0.0
915,watching_index_InWeek14,0.0,0.0,0.0037503683532213827
916,fraction_spent_entirety_Video.Play_InWeek14,0.0,8.602016905360687e-05,0.001065926542631656
917,frequency_action_relative_Video.Play_InWeek14,0.0013768893303370494,0.003072034466528581,0.0
918,frequency_action_relative_Video.Pause_InWeek14,0.0012599896167103616,0.003325311465862197,0.0
919,frequency_action_relative_Video.Load_InWeek14,0.0014638643030986747,0.002549395000405358,0.0
920,number_submissions_distinct_InWeek14,0.0,0.0005333116852609355,0.00048318502220189073
921,number_submissions_InWeek14,0.0,0.00010832448045223856,0.0001666877629185325
922,number_submissions_distinct_correct_InWeek14,0.0,0.00015658385966982072,0.00038047227877000526
923,number_submissions_avg_InWeek14,0.0,0.0001405984878719063,0.0
924,obs_duration_problem_InWeek14,0.0,0.00021135843621171202,0.0006357936503588076
925,number_submissions_perc_correct_InWeek14,0.0,0.0002413619728023919,0.0012993336606602682
926,time_solve_problem_InWeek14,0.0017137382727281216,0.00015658592629690313,0.0
927,obs_duration_problem_var_InWeek14,0.001199488285300816,0.0021773124307303314,0.0
928,obs_duration_problem_amax_InWeek14,0.0015297181153435368,5.5606510831264925e-05,0.0
929,time_sessions_length_InWeek14,0.0012615400912872087,0.0001565850203094185,0.0
930,number_submissions_correct_InWeek14,0.0,0.00015658385966982072,0.0046307428577697695
931,total_clicks_InWeek15,0.0007344578181288725,8.999402490537941e-05,0.0
932,number_sessions_InWeek15,0.0012438660461866061,5.643329797057804e-05,0.0
933,time_in__video_sum_InWeek15,0.0014466922572481742,0.0057330771077789885,0.0
934,time_in__problem_sum_InWeek15,0.0,0.0,0.0001570211129734495
935,video.pause-video.speedchange-video.play_InWeek15,0.0,0.00010832448045223856,0.00016546534442885973
936,video.play-video.pause-video.load_InWeek15,0.0,3.687149662875137e-05,0.000170695084945555
937,video.play-video.play-video.play_InWeek15,0.0,0.0010669789967207063,0.016294866185250077
938,video.play-problem.check-problem.check_InWeek15,0.0,0.0007243209423319698,0.0010634912949750693
939,problem.check-problem.check-video.load_InWeek15,0.0,0.0,0.0006759228393351782
940,problem.check-problem.check-problem.check_InWeek15,0.0,0.00028811976707986413,0.0003620947392537176
941,regularity_peak_dayhour_InWeek15,0.0009596520871915713,0.005623240116163489,0.0
942,regularity_periodicity_m1_InWeek15,0.001272333161747703,0.00015658386310150733,0.0
943,delay_lecture_InWeek15,0.0,0.0,0.0024052190574773103
944,time_sessions_sum_InWeek15,0.001432938494558736,0.0001565838685857173,0.0
945,time_sessions_mean_InWeek15,0.001113617315348295,0.00012974527806513492,0.0
946,time_between_sessions_std_InWeek15,0.0,7.123456304878863e-05,0.016265546479090728
947,time_sessions_std_InWeek15,0.0,3.9398565015670364e-05,0.00805784639476831
948,total_clicks_weekday_InWeek15,0.0012822636783138453,8.396318609143033e-05,0.0
949,total_clicks_weekend_InWeek15,0.0,0.0,0.005162037687062186
950,ratio_clicks_weekend_day_InWeek15,0.0,0.0002612861141191986,0.002113539170515339
951,total_clicks_video_InWeek15,0.0012293231789921929,0.00010204833554339378,0.0
952,total_clicks_problem_InWeek15,0.0016054938072920797,0.00018887551825135822,0.0008315677311405759
953,total_clicks_problem_InWeek15,0.0016054938072920797,0.00018887551825135822,0.01646501249516148
954,attendance_rate_InWeek15,0.0,0.0,0.0014224580644383476
955,utilization_rate_InWeek15,0.0,6.10654615416271e-05,0.0030122972074078692
956,watching_ratio_InWeek15,0.0,0.0,0.0009557968761012629
957,total_clicks_Video.Load_InWeek15,0.0015269231958928468,0.0005026678494757275,0.0
958,weekly_prop_watched_mean_InWeek15,0.0,0.0,0.0010245158348315098
959,weekly_prop_replayed_mean_InWeek15,0.0,0.0,0.0004900637898668073
960,weekly_prop_interrupted_mean_InWeek15,0.0,3.687149662875137e-05,0.00023503493769071017
961,total_clicks_Video_InWeek15,0.001424199543027313,3.687151445635037e-05,0.0
962,frequency_action_Video_InWeek15,0.0011866250273018988,0.0,0.0
963,frequency_action_Video.Load_InWeek15,0.0018002058078516539,0.0001977128934640259,0.0
964,frequency_action_Video.Play_InWeek15,0.0012370731558715388,5.643329797057804e-05,0.0
965,frequency_action_Video.Pause_InWeek15,0.0008808929598063996,0.00011620419181454529,0.0
966,pause_duration_mean_InWeek15,0.0011393210062336367,6.106546154162637e-05,0.0
967,pause_duration_std_InWeek15,0.0013604073029254069,7.705682147898224e-05,0.0
968,time_speeding_up_mean_InWeek15,0.0,0.0,0.0
969,time_speeding_up_std_InWeek15,0.0,0.0006633287714913711,0.0
970,fraction_spent_ratio_duration_Video.Play_InWeek15,0.0,0.00012974526910632846,0.0015763296017197715
971,fraction_spent_ratio_played_Video.Pause_InWeek15,0.001035921866063724,0.0008335261818144495,0.00044979958253660285
972,fraction_spent_completed_Video.Play_InWeek15,0.0,8.602016905360687e-05,0.00022573294868967624
973,fraction_spent_spent_Video.Play_InWeek15,0.0,0.00024109101794005827,0.0006555589104445922
974,frequency_action_total_Video.Pause_InWeek15,0.001378819386826737,0.00019298275847603297,0.0
975,speed_playback__mean_InWeek15,0.001792166643792204,5.643329797057804e-05,0.0
976,speed_playback__std_InWeek15,0.0,6.0008605921254494e-05,0.0
977,count_unique_elements_video_InWeek15,0.0009391109359084986,0.00013886859164722215,0.0
978,competency_anticipation_InWeek15,0.0,0.00015658385966982072,0.0008974404240507404
979,content_alignment_InWeek15,0.0,9.662640800218295e-05,0.001541448390847231
980,content_anticipation_InWeek15,0.0,0.0002729697331120156,0.009154675912977498
981,student_speed_InWeek15,0.0,0.0002275527754320371,0.0038232590395977633
982,watching_index_InWeek15,0.0,0.0,0.0007837158753304479
983,fraction_spent_entirety_Video.Play_InWeek15,0.0,8.602016905360687e-05,0.0004232884887680119
984,frequency_action_relative_Video.Play_InWeek15,0.0016546145588242785,5.643329797057804e-05,0.0
985,frequency_action_relative_Video.Pause_InWeek15,0.0013326980828175686,0.0057330771077789885,0.0
986,frequency_action_relative_Video.Load_InWeek15,0.0011764277557238403,3.6871893210920775e-05,0.0
987,number_submissions_distinct_InWeek15,0.0,0.0002081715223737267,0.000251765886518805
988,number_submissions_InWeek15,0.0,6.290452096883314e-05,0.0013623333613225306
989,number_submissions_distinct_correct_InWeek15,0.0,0.00012971076831996305,0.002086669663230635
990,number_submissions_avg_InWeek15,0.0,6.309670176668691e-05,0.016466632059126896
991,obs_duration_problem_InWeek15,0.0,0.00016017507057703307,0.0005883852322418929
992,number_submissions_perc_correct_InWeek15,0.0,0.00019358331486762952,0.0007270702189707039
993,time_solve_problem_InWeek15,0.0,0.00010832448045223522,0.0
994,obs_duration_problem_var_InWeek15,0.0014629741735000805,0.0057330771077789885,0.0
995,obs_duration_problem_amax_InWeek15,0.001435566328211976,0.0057330771077789885,0.0
996,time_sessions_length_InWeek15,0.0010063252123274976,0.00010832451141837639,0.0
997,number_submissions_correct_InWeek15,0.0,0.00010832448045223856,0.0008265673233486166
