,feature,importance,pn,perc_importance
0,obs_duration_problem_var,-7.2053873828539724e-12,-1.0,-1.0
1,obs_duration_problem,-4.059280578314087e-12,-1.0,-0.5633674308717391
2,fraction_spent_ratio_played_Video.Pause,-3.670663544497602e-12,-1.0,-0.5094331990022296
3,frequency_action_Video.Pause,-2.2867532037419134e-12,-1.0,-0.31736714242227965
4,frequency_action_Video,7.992285424139545e-13,1.0,8.22821412102561e-11
5,video.play-video.play-video.play,4.541230659076113e-12,1.0,4.67528576031397e-10
6,obs_duration_problem_amax,1.3951608917417864e-11,1.0,1.4363454182779466e-09
7,frequency_action_relative_Video.Pause,2.285389206336222e-11,1.0,2.3528528752011805e-09
8,frequency_action_relative_Video.Play,5.480772604993064e-11,1.0,5.642562564936102e-09
9,attendance_rate,1.6841402045658445e-10,1.0,1.7338552713772165e-08
10,content_alignment,1.6841402045658445e-10,1.0,1.7338552713772165e-08
11,time_sessions_length,3.3617105275952846e-10,1.0,3.4609467212487554e-08
12,total_clicks_weekday,9.393207381852908e-09,1.0,9.670490669370098e-07
13,delay_lecture,1.2175348679623998e-06,1.0,0.00012534759535928148
14,total_clicks_Video.Load,1.6314557101079652e-06,1.0,0.00016796155541684072
15,utilization_rate,4.186394492581169e-06,1.0,0.00043099749886308346
16,student_speed,5.115147602833386e-06,1.0,0.0005266144475977001
17,problem.check-problem.check-problem.check,8.516791207159949e-06,1.0,0.000876820308055063
18,weekly_prop_interrupted_mean,1.2519625864064225e-05,1.0,0.0012889199629121265
19,weekly_prop_watched_mean,1.960287208876233e-05,1.0,0.0020181540119455672
20,total_clicks_weekend,2.1057951154224825e-05,1.0,0.0021679572469187006
21,frequency_action_total_Video.Pause,2.3709770702096458e-05,1.0,0.0024409672545981777
22,time_speeding_up_mean,3.1277716412084006e-05,1.0,0.0032201020633976125
23,fraction_spent_spent_Video.Play,4.225222088624897e-05,1.0,0.004349948757971896
24,total_clicks,5.5061986704236525e-05,1.0,0.005668739196464575
25,total_clicks_problem,0.0001418232988687682,1.0,0.01460098593223188
26,regularity_peak_dayhour,0.0001744067248792844,1.0,0.01795551335190279
27,pause_duration_std,0.00020601793501293176,1.0,0.021209949246031135
28,number_submissions_correct,0.00021499337695064503,1.0,0.022133988543617766
29,speed_playback__mean,0.00022891874036460626,1.0,0.0235676319359958
30,frequency_action_relative_Video.Load,0.0002388882971974942,1.0,0.02459401730587975
31,pause_duration_mean,0.0002965540713582856,1.0,0.03053082151230336
32,time_in__problem_sum,0.0004511721763740274,1.0,0.0464490577556457
33,time_solve_problem,0.0005271945353708369,1.0,0.05427570826442143
34,regularity_periodicity_m1,0.0006204207588058571,1.0,0.0638735302566272
35,fraction_spent_ratio_duration_Video.Play,0.0006342393762522453,1.0,0.06529618394291824
36,problem.check-problem.check-video.load,0.0006713721643524672,1.0,0.06911907708530363
37,number_submissions_distinct_correct,0.0007088259051905934,1.0,0.07297501293963007
38,total_clicks_video,0.0007849065439713722,1.0,0.08080766346612261
39,speed_playback__std,0.0008362505407526283,1.0,0.08609362833005775
40,watching_ratio,0.0009033762036290779,1.0,0.09300434657711873
41,frequency_action_Video.Play,0.0010100020289139405,1.0,0.10398168378063048
42,time_between_sessions_std,0.0010362273480216072,1.0,0.1066816316623509
43,time_sessions_std,0.001057359363244165,1.0,0.10885721394992538
44,video.play-problem.check-problem.check,0.0011772378877259206,1.0,0.12119894244937636
45,video.play-video.pause-video.load,0.001225597551110875,1.0,0.12617766435475633
46,number_submissions_perc_correct,0.0013569248887387434,1.0,0.13969807055399644
47,time_sessions_sum,0.0014067725842655584,1.0,0.14482998827799942
48,frequency_action_Video.Load,0.0015587002893782738,1.0,0.16047124259066112
49,total_clicks_Video,0.0016790905764264355,1.0,0.17286565804699675
50,watching_index,0.0017413950723262066,1.0,0.17928002772675666
51,count_unique_elements_video,0.001785552405944717,1.0,0.1838261115656704
52,time_in__video_sum,0.0018118537706356824,1.0,0.1865338884888869
53,time_speeding_up_std,0.0024794708980692584,1.0,0.2552663771809924
54,fraction_spent_entirety_Video.Play,0.0025301701010940654,1.0,0.2604859592669058
55,number_submissions,0.002533877018205163,1.0,0.26086759363180073
56,content_anticipation,0.0027157400623607315,1.0,0.2795907496328848
57,time_sessions_mean,0.0029935855608451693,1.0,0.30819548698608296
58,weekly_prop_replayed_mean,0.0033078983124083844,1.0,0.3405545993498571
59,number_sessions,0.0034579299370292946,1.0,0.35600064846839313
60,number_submissions_avg,0.0037188907632953266,1.0,0.38286707580132145
61,ratio_clicks_weekend_day,0.0038652221398418713,1.0,0.3979321771453344
62,fraction_spent_completed_Video.Play,0.00433934069040281,1.0,0.44674360899163523
63,video.pause-video.speedchange-video.play,0.007409926453471352,1.0,0.762866417358691
64,number_submissions_distinct,0.007627055659038343,1.0,0.7852202936346465
65,competency_anticipation,0.00971326864685838,1.0,1.0
