,feature,importance,pn,perc_importance
0,time_sessions_std,-0.0012499297454504248,-1.0,-1.0
1,speed_playback__mean,-0.0011877579896303978,-1.0,-0.9502597997636877
2,fraction_spent_completed_Video.Play,-0.0011111256711082123,-1.0,-0.8889504991400993
3,frequency_action_Video.Load,-0.0009582817955774245,-1.0,-0.766668526023515
4,number_submissions_correct,-0.0009289338199626984,-1.0,-0.7431888258871283
5,number_submissions_avg,-0.000807120301335845,-1.0,-0.6457325335873105
6,frequency_action_relative_Video.Load,-0.0007309266743610371,-1.0,-0.5847742059275822
7,weekly_prop_replayed_mean,-0.0006235318154664673,-1.0,-0.49885348975495525
8,attendance_rate,-0.0004357292388602119,-1.0,-0.348602983844658
9,watching_ratio,-0.00041399975527221675,-1.0,-0.3312184198984942
10,watching_index,-0.0004085150313290591,-1.0,-0.32683039412094844
11,utilization_rate,-0.0004075592840419005,-1.0,-0.32606575331562526
12,fraction_spent_spent_Video.Play,-0.00034717088255232815,-1.0,-0.27775231673298695
13,obs_duration_problem_var,-0.00027507524236083567,-1.0,-0.22007256276768541
14,frequency_action_Video.Pause,-0.0002321610075755188,-1.0,-0.18573924528202762
15,total_clicks_Video,-0.00022971899451577172,-1.0,-0.1837855250280408
16,video.play-video.pause-video.load,-0.00022166699720321248,-1.0,-0.17734356511639984
17,weekly_prop_watched_mean,-0.00017283880069277752,-1.0,-0.13827881232676267
18,time_between_sessions_std,-0.00017158216946985458,-1.0,-0.13727345084344977
19,video.pause-video.speedchange-video.play,-0.00016014375518866062,-1.0,-0.12812220508517558
20,video.play-video.play-video.play,-5.276247572644915e-05,-1.0,-0.04221235306904042
21,fraction_spent_entirety_Video.Play,1.7630282336451451e-06,1.0,0.00011789583411839402
22,time_sessions_length,5.7323930118704306e-05,1.0,0.0038333206623221024
23,problem.check-problem.check-video.load,6.336583427179448e-05,1.0,0.004237350113580072
24,content_alignment,0.00023604386114572655,1.0,0.015784538992188953
25,video.play-problem.check-problem.check,0.00035360779260062487,1.0,0.023646181532340514
26,total_clicks_weekend,0.000375212611733632,1.0,0.025090921964770585
27,number_submissions_distinct,0.00046486997115994995,1.0,0.031086418220984225
28,weekly_prop_interrupted_mean,0.00047223313929908785,1.0,0.031578802195869775
29,number_submissions_distinct_correct,0.0005653304051984414,1.0,0.03780432916582264
30,delay_lecture,0.0015573910628935927,1.0,0.1041446273544639
31,obs_duration_problem,0.001903167423372005,1.0,0.12726711153200887
32,content_anticipation,0.00217499209167341,1.0,0.1454443564517293
33,number_submissions_perc_correct,0.0035484584636962537,1.0,0.23728971687934308
34,fraction_spent_ratio_duration_Video.Play,0.00590358270837596,1.0,0.39477972865578115
35,competency_anticipation,0.010378121335850008,1.0,0.6939975481516916
36,ratio_clicks_weekend_day,0.014954118157174807,1.0,1.0
