inst,0.00 < frequency_action_Video.Load_InWeek2 <= 0.02,0.00 < frequency_action_Video.Pause_InWeek1 <= 0.07,0.00 < frequency_action_relative_Video.Load_InWeek2 <= 0.03,0.00 < obs_duration_problem_var_InWeek3 <= 0.00,0.00 < speed_playback__mean_InWeek3 <= 0.57,0.00 < total_clicks_Video_InWeek3 <= 0.00,attendance_rate_InWeek8 <= 0.00,competency_anticipation_InWeek4 <= 0.00,competency_anticipation_InWeek4 > 0.00,competency_anticipation_InWeek5 <= 0.00,competency_anticipation_InWeek5 > 0.00,competency_anticipation_InWeek6 <= 0.00,competency_anticipation_InWeek6 > 0.00,competency_anticipation_InWeek7 <= 0.00,competency_anticipation_InWeek8 <= 0.00,content_alignment_InWeek8 <= 0.00,content_anticipation_InWeek7 <= 0.00,content_anticipation_InWeek8 <= 0.00,delay_lecture_InWeek8 <= 0.00,exp number,fraction_spent_completed_Video.Play_InWeek8 <= 0.00,fraction_spent_entirety_Video.Play_InWeek2 <= 0.00,fraction_spent_entirety_Video.Play_InWeek3 <= 0.00,fraction_spent_entirety_Video.Play_InWeek4 > 0.00,fraction_spent_entirety_Video.Play_InWeek5 > 0.00,fraction_spent_entirety_Video.Play_InWeek6 <= 0.00,fraction_spent_entirety_Video.Play_InWeek7 <= 0.00,fraction_spent_entirety_Video.Play_InWeek8 <= 0.00,fraction_spent_ratio_duration_Video.Play_InWeek8 <= 0.00,fraction_spent_spent_Video.Play_InWeek8 <= 0.00,number_submissions_avg_InWeek8 <= 0.00,number_submissions_correct_InWeek8 <= 0.00,number_submissions_distinct_InWeek7 <= 0.00,number_submissions_distinct_InWeek7 > 0.00,number_submissions_distinct_InWeek8 <= 0.00,number_submissions_distinct_InWeek8 > 0.00,number_submissions_distinct_correct_InWeek8 <= 0.00,number_submissions_perc_correct_InWeek8 <= 0.00,obs_duration_problem_InWeek8 <= 0.00,problem.check-problem.check-video.load_InWeek2 > 0.00,problem.check-problem.check-video.load_InWeek3 <= 0.00,problem.check-problem.check-video.load_InWeek6 <= 0.00,problem.check-problem.check-video.load_InWeek7 <= 0.00,problem.check-problem.check-video.load_InWeek8 <= 0.00,ratio_clicks_weekend_day_InWeek8 <= 0.00,real value,time_between_sessions_std_InWeek8 <= 0.00,time_sessions_length_InWeek8 <= 0.00,time_sessions_length_InWeek8 > 0.00,time_sessions_std_InWeek8 <= 0.00,total_clicks_weekend_InWeek8 <= 0.00,utilization_rate_InWeek8 <= 0.00,video.pause-video.speedchange-video.play_InWeek1 <= 0.00,video.pause-video.speedchange-video.play_InWeek2 > 0.00,video.pause-video.speedchange-video.play_InWeek3 <= 0.00,video.pause-video.speedchange-video.play_InWeek3 > 0.00,video.pause-video.speedchange-video.play_InWeek4 > 0.00,video.pause-video.speedchange-video.play_InWeek5 > 0.00,video.pause-video.speedchange-video.play_InWeek6 > 0.00,video.pause-video.speedchange-video.play_InWeek7 <= 0.00,video.pause-video.speedchange-video.play_InWeek7 > 0.00,video.pause-video.speedchange-video.play_InWeek8 > 0.00,video.play-problem.check-problem.check_InWeek3 <= 0.00,video.play-problem.check-problem.check_InWeek3 > 0.00,video.play-problem.check-problem.check_InWeek6 <= 0.00,video.play-problem.check-problem.check_InWeek6 > 0.00,video.play-problem.check-problem.check_InWeek7 <= 0.00,video.play-problem.check-problem.check_InWeek7 > 0.00,video.play-problem.check-problem.check_InWeek8 <= 0.00,video.play-problem.check-problem.check_InWeek8 > 0.00,video.play-video.pause-video.load_InWeek1 > 0.00,video.play-video.pause-video.load_InWeek2 > 0.00,video.play-video.pause-video.load_InWeek4 <= 0.00,video.play-video.pause-video.load_InWeek4 > 0.00,video.play-video.pause-video.load_InWeek6 <= 0.00,video.play-video.pause-video.load_InWeek6 > 0.00,video.play-video.pause-video.load_InWeek7 > 0.00,video.play-video.play-video.play_InWeek1 > 0.00,video.play-video.play-video.play_InWeek2 <= 0.00,video.play-video.play-video.play_InWeek3 > 0.00,video.play-video.play-video.play_InWeek4 <= 0.00,video.play-video.play-video.play_InWeek6 <= 0.00,video.play-video.play-video.play_InWeek6 > 0.00,video.play-video.play-video.play_InWeek7 <= 0.00,video.play-video.play-video.play_InWeek7 > 0.00,watching_index_InWeek8 <= 0.00,watching_ratio_InWeek8 <= 0.00,weekly_prop_interrupted_mean_InWeek8 <= 0.00,weekly_prop_replayed_mean_InWeek8 <= 0.00,weekly_prop_watched_mean_InWeek8 <= 0.00
43,,,,,,,,,,,,0.019675966268877902,,,,,-0.0004809043560363663,-0.00047016897561855017,4.549676877876152e-05,43,-0.0003540524752854429,,,,,,0.018964811265781,,-0.0003538788873976245,,,,,-0.020343999907292097,,,,,,,,,,,,pass,-0.003520592597784243,,,,,,,,,,,,,,,,,,,,,,,,,,,,,,,,,,,,,,,,,,-0.009574823210889656,
44,,,,,,,,,,,,,,-0.0002204257338393341,,-0.003674998156588385,,,-0.00024743264584197307,44,-0.0002511526300142109,,,-0.030844594220780012,,,,,-0.00024126783343711368,,,,,,0.01802157377394532,,,,,,,,,,,pass,-0.0002988738788524572,,,-0.006759271165791668,,,,,,,,,,,,,,,,,,,,,,,,,,,,,,,,,,,,,,,,-0.0035389792228993806
54,,,,,,,0.00016875371395289618,,,,,0.025636978653751794,,,,,,-0.005457187297509939,,54,-0.012527220972752093,,,,,,,,,0.00015978537234437844,-0.0070595003498061595,,,,0.015743948839623843,,,-0.008014243258775552,,,,,,,,fail,,,,,,,,,,,,,,,,,,,,,,,,,,,,,,,,,,,,,,,,0.00011250134705493908,,0.00011969129667859677,,
59,,,,,,,,,,,,,-0.022541530706070977,,,-0.0063803330521804485,,-0.0007839019424421391,,59,,,,,,,,,,-0.00311951044582105,,,0.012441831382345272,,,-0.014716147958358052,,,-0.00788870054445874,,,,,,0.04693819800584365,pass,,,,-0.009275417356740272,,,,,,,,,,,,,,,,,,,,,,,,,,,,,,,,,,,,,,-0.0031410737517841712,,
105,,,,,,,,,,,,,,0.022063762648516023,0.04864243149450628,,,,,105,,,,,-0.014236040419721185,,,,,,,,,,,-0.014376216979303611,-0.0009019715428422484,,,,,,,,0.017545068881493188,pass,,,,,,,,,,,,,,,,,,,,,,-0.04967095442956287,,,,,,,,,,,,,,,,,-0.02031990844034195,,,-0.003306796143911249,,-0.0049711765020792895
107,,,,,,,,,,,,0.023608422898461972,,,-0.002272451287702446,,,,0.0005858704290850464,107,,,,,,,,0.0007327699598988986,,,,,,,,-0.017208852726387485,,,,,,,,,,pass,-0.006406972198833597,,,,,,,,,,,,,,,,,-0.029570848298763417,,,0.017379479340725278,,,,,,,,,,,,,,,,,,,,,0.006106265493025607,0.00040033007823257337,
115,,,,,,,0.0009341749540189757,,-0.013827014675283536,,-0.015128540000077668,,-0.015472623774612716,0.013289300478773781,0.0013045467904989668,,,,,115,,,,,,,,,,,-0.00510961274945917,,,,,-0.014163472441475478,,0.07237488716369074,,,,,,,,pass,,,,,,,,,,,,,,,,,,,,,,,,,,,,,,,,,,,,,,,,-0.0070314244157290455,,,,
164,,,,,-0.0821962074189224,,,,,,,,,-0.0016430321520796002,,,,,,164,-0.0016313613044901007,,,,,,,,-0.0012319175718731189,,,,,,,,,0.03426509091559647,,,,,,,,pass,,,,-0.001857916661397441,,,,,,,,,,,,,,,,,,,0.02256332012762777,,,,,,,,,,,-0.02413702715886282,,,,,,,,,-0.0011533424280505875,0.010518948739730562
181,,,,,,,,0.013974823593875446,,,,,,0.0365086899555577,0.0008160526416977155,0.01815574916564325,,,,181,,,,,,,,,,,-0.0034616594888388363,,0.010842393573072318,,0.017848295298461624,,-0.0015556762443855539,,,,,,,,,fail,,,,,,,,,,,,,,,,,,,,,,,,,,,,,,,,,,,,,,,,,0.0006165310645068352,,,0.001020154701869762
194,,,,,,,,,,,,,,,5.619408029520914e-05,-0.00010420324189800537,,,-0.003269775329899125,194,,,,,,,,,,,,,,,,-0.017747211570678847,-0.0047476055874241035,0.007650417072714807,,,,,,,,pass,,,,,,,,,,,,,,0.0169760503421857,,,,,,,,,,,,,,,,-0.02426315756241597,,,,,,,,,,-0.00015311091607044962,,-8.57296693649629e-05,,
196,,,,,,,,,,,,0.029162488579998435,,,0.04963040345555133,,,,,196,-0.009361168513928002,,,-0.024481821651933633,,,,,,,,-0.009154529574614212,,-0.0205428426433952,,-0.02132613307443808,,,,,,,,,,pass,-0.004318396765521417,,,,,,,,,,,,,,,,,,,,,,0.012974324943132769,,,,,,,,,,,,0.012727114012655144,,,,,,,,,
211,,,,,,,,,,,,,-0.017755215006584307,,0.0005922803330851959,,0.0023262830507559647,,,211,,,,,,,,,,,,,,,,,,-0.0006933478657458452,,,,,,,,pass,-0.0006761067696872397,,,,,-0.00048681841688824005,,-0.021837468703240537,,,,,-0.021720158964513767,,,,,,,,,,,,,,,,,,,,,,,,,,,,,,-0.00038123191303803173,-0.00046806191111570174
214,,,,,,,3.1422085932229104e-05,,,,,,,,0.25127389497384983,,,,-0.004651524476343776,214,,,,,,,,,0.10383668453480055,,,-0.008911436422373692,,,,-0.016433932394988734,-0.00020378674633565754,-0.00025428110897414706,,,,,,,,pass,,,,,,,,,,,,,,,,,,,,,,-0.054848037540349615,,,,,,,,,,,,,,,,,,,,,,-0.00031014826873342516
227,,,,,,,,,,,,0.01790824431827106,,0.15245817378528093,,0.0001487547954110097,,,,227,,,,,,,,,,,,,,,,-0.0175626064859982,,,0.00020854967873612474,,,,,,0.0347875784093661,pass,0.04000366982339252,,,-0.003615903842824616,,,,,,,,,,,,,,,,,,,0.014039578829753888,,,,,,,,,,,,,,,,,,,-0.003213316670283319,,
237,,,,,,,,,,,,,-0.015737615040709658,0.0004995068668957512,,,0.0004883940346316387,,-0.005574107307514765,237,-0.005268980227034221,,,,,,,,,,,,0.011003398643249403,,0.015457273291575355,,,,,,,,,,,pass,-0.010912075466265212,,,,,,,,,,,,,,,,,,,,,,,,,,,,,,,,,,,,,,,,,-0.0012807781759604554,,-0.003440228886521184
238,,,,,,,0.00011781427892870291,,,,,0.013161815522987475,,0.06007011113732167,,,1.8423336896340767e-05,-0.005103553675307937,,238,,,,,,,,,,-0.007043888190800511,,-0.0029591666235729503,,,,-0.017574738747422585,,,,,,,,,,pass,,,,,,,,,,,,,,,,,,,,,0.017425105230984776,,,,,,,,,,,,,,,,,,,,,,-0.003892220122030813,
251,,,,,,,-0.0013820059608997688,,,,,,,,,,,0.015432870194053119,,251,,,,,,,,-0.0013764858907441616,0.1351294939884975,,,,,,,,-0.0016221236219478798,-0.0013787800548531641,,,,,,,,pass,,,,,,,,,,,,,,,,-0.030721700884183113,,,,,,,,,,,,,,,,,,,,,-0.02313576158029536,,,-0.0013856813807921694,,,-0.001394710647287442,
252,,,,,,,-0.009791989838795558,,,,,0.026096869343720897,,,0.008906447595088835,,0.16486279253896816,,,252,,,,,,,,,,,,,,,,-0.0250205178833206,,,,,,,,,0.029693879102738727,pass,,,,,,,,,,,,,,,,,,,,,,,,,-0.023725195237983682,,,,,,,,,,,,-0.020069085830502167,,,-0.0042041935903425805,,,,0.0006974647649830259
255,,,,,,,0.0006284381432716158,,,,,0.024476271372408123,,,0.1256386077801714,0.0003093623786963927,,,0.0004336508618658963,255,,,,,,,,0.00035669518423719687,,,,,,,0.017235741676404247,,0.0004210269014216212,,0.02406610238836211,,,,,,,fail,,,,,,,,,,,,,,,,,,,,,,,,,,,,,,,,,,,,,,,,,,,,-0.007050596722119088
260,,,,,,,,,,,,0.013792354770415117,,,0.027859984791928534,,-0.00014114959585636842,-9.391597684940631e-05,,260,,,,,,,,-0.004168894196271532,,,,,,,0.015346506095093566,,-0.00012821162914250834,-1.9549471425521784e-07,,,,,,,,pass,,,,,,,,,,,,,,,,,,,,,,,,,,,,,,,,,,,,,,,,-0.00010097597611183031,-0.0051975024894058445,,,
263,,,,,,,,,,,,0.01389785484013186,,,0.08106543239050429,,3.6382730521957947e-06,,,263,,,,,,,,,,,,,,,0.016090976631931448,,-3.5685328779149354e-05,,-5.649452999844984e-05,,,,,,,pass,,,,-0.0035783532371017925,,,,,,,,,,,,,,,,,0.0323212900848612,,,,,,,,,,,,,,,,,,,,-6.6561964635766e-05,0.09442683125619644,,
283,,,,,,,,,,,,,,,0.01135851284936827,-0.005581936529692064,0.0009826022084385498,-2.6756440717662867e-05,,283,,,,,,,,,,,,,,,,-0.015279108584732465,,,0.001197088408917655,,,,,,,pass,,,,,,,,,,,-0.023836507239691253,,,,-0.031563448875879474,,,,,,,,,,,,,,,,,,,,,,,,,-0.0027088291151041257,,,,-0.0028958470923030263
289,,,,,,,-0.007731480199486314,,,,,0.01906813895179469,,,,,,,,289,-0.004871514792231894,,,,,,,0.001104548899272017,,,,-0.008661814976558881,0.012580595325235842,,0.01837989950219841,,0.001103671093902493,,,,,,,,,fail,0.0011052595491789605,,,,,,,,,,,,,,,,,,,,,,,,,,,,,,,,,,,,,,,,,,,-0.0005025686853238028
330,,,,,,,-0.00535597217808578,,,,,0.021042593024649045,,0.05697510921756036,,-0.01215864833660292,,5.342642208842413e-05,-0.009011711946619311,330,,,,,,,,,,,,,,,0.019277769985925546,,0.0224251944925595,,,,,,,,0.026962100027685197,fail,6.687000085348448e-05,,,,,,,,,,,,,,,,,,,,,,,,,,,,,,,,,,,,,,,,,,,
348,,,,,,,,,,,,0.01619355715353386,,0.0004881168206927532,0.3097780083620738,,,,,348,,,,,,,,0.0003910400293242379,,,,,,,,-0.01909409761934902,,,,,,,,,0.03573376316345739,pass,,,,,,,,,,-0.028981179523627075,,,,,,,,,,,,,,,,,,,,-0.030191890406257124,,,,,,,,,,0.0003312444688647132,,,-0.0056840874070321215,
352,,,,,,,,,,,,0.012677868061895725,,,0.0003571121689402789,,,,,352,0.00017822350198052692,,,,,,,,0.00017235444755707015,-0.006256909415183856,,0.0003058693926038491,,,0.01395151579528768,,,0.00026909456545249125,,,,,,,,fail,,,,,,,,,,,,,,,,,,,0.015429503595143466,,0.01766684754138439,,,,,,,,,,,,,,,,,,,,,,,
370,,,,,,,,,,,-0.020159884645693085,,-0.016341635721718675,,,,,-0.00973728315219074,,370,0.0010199465761193708,,,,,,,,,0.0006208819044997924,0.0008720061566802307,,,,,-0.021241974426384754,-0.014411607843785644,,,,,,,,,pass,,,,,,,,,,,,,,,,,,,,,,,,,,,,,,,,,,,,,,,,,,-0.0037068173877718266,,-0.015725760449208866
373,,,,,,,,,,,,0.01614147523121373,,0.0002952035717600673,0.003718072469251206,,,-0.003314798699358549,,373,,,,,,,,,,,,,,,0.012621719219144513,,0.00015206768055669404,,,,,,,,0.012841141281956901,fail,0.00010694460935620557,,,,,,,,,,,,,,,,,,,,,,,,,,,,0.011226081385809187,,,,,,,,,,,0.00013711608530742826,,,,
383,,,,,,,,,,,,0.016147534778770473,,,0.009686642736276988,,0.0004851752572353644,0.0005376987137024716,-0.0038592508991822476,383,,,,,,,,,,,,0.00030350139016366545,,,,-0.018005466843804645,,,,,,,,,,pass,,,,,,0.0003365914664157507,,,,,,,,,,,,,0.014587922060556563,,,,,,,,,,,,,,0.014823905524914957,,,,,,,,,,,
388,,,,,,,,,,,,0.017824383867488337,,0.29159938755868786,0.198592046156327,3.718688994376305e-05,,,-0.0011881472366998028,388,,,,,,,,,,,-0.005046728991073364,,,,,-0.02064065708716118,,,,,,,,,,pass,-0.010378649054577643,,,,,,,,,,,,,,,,,,,,,,,-0.030083982150110333,,,,,,,,,,,,,,,,,3.101559058183197e-05,,,
408,,,,,,,,,,,,0.02252169502271996,,0.14553678027935313,0.29516400602879883,,,,,408,,,0.018687623792897224,,,,,,-0.006366214263020336,,,,,,0.02082000910653271,,,,0.03893196008519923,,,,,,,fail,,,,0.01726725628851443,,-0.004029905535987647,,,,,,,,,,,,,,,,,,,,,,,,,,,,,,,,,,0.0006974635359765219,,,,
420,,,,,,,,,,,,0.021469275132712805,,,0.033207961656391005,,0.012175404293105409,,,420,,,,,,,,-0.004689977016062104,,-0.02040308253324445,,,,-0.014598366537522355,,-0.022029772543659815,,,,,,,,,0.012498294132768414,pass,,,,0.001093566666560409,,,,,,,,,,,,,,,,,,,,,,,,,,-0.02032708720109,,,,,,,,,,,,,,
448,,,,,,,,,,,,,,,0.20389622019789183,,,0.022207215060517274,,448,,,,,,,,,-0.005556292958455269,-0.004362690489886621,,,,-0.012189153092754307,,-0.0168700129383067,-0.006138195679971882,,,,,,,,0.0321214802916688,pass,,,,,,,,,,,,,,,,,,,,,,,,,,,,,,,,,,,,,,,,,0.00028358372920317144,,,0.0005986370683844449
452,,,,,,,,,,,,0.013019124456981597,,,,,0.002251411109636784,,,452,-8.511247980673393e-05,,,,,,,,,,,-5.938673274365815e-06,,,0.017521276040649313,,,,,,,,,,0.016766529994285496,fail,-8.676197516219835e-05,,,-0.007519223024746041,,,,,,,,,,,,,,,,,,,,,,,,,,,,,,,,,,,,,-7.298676688357915e-05,,,-0.002372825563627206
485,,,,,,,,,,,,0.026871367460028446,,,0.08196016768554959,,,,,485,,,,,,,,,,,-0.012664508031432058,-0.013565638403815744,,,,-0.024548530394911082,,,,,,,,,0.03955733016731345,pass,0.00020443733330484905,,,,,-0.005576701290232917,,,,,,,,,,,,,,,,,,,,,,,,,,,,,,,,,,0.0002282403590598463,,0.0003230015645517914,,
502,,,,,,,,,,,,,,0.1101588515371105,,-0.004141756631777281,,,-0.00017148208922170742,502,,,,,,,,,,0.02420324357726283,,-0.0001697332161019397,,,,-0.016787308274853183,-1.5485968872656896e-05,,,,,,,,0.06444529956908243,pass,,,,,,,,,0.019343310981135654,,,,,,,,,,,,,,,,,,,,,,,,,,,,,,,,,,-0.00024874893699986927,
508,,,,,,,,,,,,0.015064412506863955,,,0.00016398301313972724,,,,,508,,,,,,,,-0.007890731965386845,,,,-0.004159720932033217,,,,-0.02094305799275244,-7.474481667651805e-05,,,,,,,,,pass,,,,,,,,,,,,,,,,,,,,,,,0.02055834405487555,,,,,,,,,,,,,,,,,,-8.87549689043363e-05,5.45063545733167e-05,-5.2955766216738925e-05,
531,,,,,,-0.022971899451577172,,,,,,,,,3.168917867918828e-05,,,,,531,,,,,,,,,,1.335660811423377e-05,,,,,,-0.02168898339217471,,0.0003295397067246276,-0.008152543458072571,,,,,,0.09898320023287001,pass,,,,,,-1.8472659379767416e-05,,,,,,,,,,,,,,,,,,,,,,,,,,,,,,,,,,,,,-1.5266150292037092e-06,-0.008920344155114012
533,,,,,,,,,,,,,-0.02651400715231682,,,,,,,533,,,,,,,,,,,0.0013572492418101208,,0.009902982303693785,,,-0.011888630925585378,0.0013673820355363196,,,,,,,,0.02762323889797995,pass,,,,-0.0029890880790350454,,-0.001364257699427227,,,,,,,,,,,,,,,,,,,,,,,,,,-0.01510688273146733,,,,,,,,,,,,-0.0004490102882564181
542,,,,,,,,,,,,0.01795302313975099,,,0.00037431470180981344,,,,,542,,,,,,,,,-0.011420446791034095,0.00029479952903137903,,,,,,-0.022392026205024593,,,,,,,,,0.03731365163187933,pass,,,,-0.012040011685032215,,,,,,,,,,,,,,,,,0.021276378665419638,,,,,,,,,,,,,,,,,,,,-0.0028724810107684817,,,0.00023091918163039275
545,,,,,,,,,,,,0.026527522201139953,,,0.2206724523019549,,,,,545,,,,,,,,,,,-0.02039650013987648,,,,,-0.025501131690785297,,-0.006242967037646553,-0.0021181176090685674,-0.020218925332076802,,,,,,pass,,,,-0.00988786311111165,,,,,,,,,,,,,,,,,,-0.04874295193983869,,,,,,,,,,,,,,,,,,,,,,0.001325722506211
547,,,,,,,,,,,,,,-0.00039395546483629183,0.012007392723347568,,,,,547,-0.0006320523014628256,,,,,,,,,,-0.0005315435265480429,,,,0.016314988691584258,,-0.000400533832308973,,,,,,,,,fail,0.02168582222187714,,,,,,,,,,,,,,,,,,,,0.018321881061088622,,,,,,,,,,,,,,,,,,,-0.007897428245004392,,,,-0.010524681399838226
550,-0.04261373741729408,,-0.035278666429466365,,,,,,,,,,-0.036263710002720446,,,0.0006513499838965698,-0.0157612839845986,,,550,,,,,,,,,,,,,,,,-0.022693484167947316,-0.003206412230124313,,,,,,,,,pass,-0.008171886691616097,,,,,-0.009395406800731324,,,,,,,,,,,,,,,,,0.014525627593473093,,,,,,,,,,,,,,,,,,,,,
554,,,,,,,,,,,,,,0.001470504119159842,0.10339369373932124,,,,-0.003139419103239451,554,,,,,,,,,,0.00043463163934175005,,,,,,-0.01892973231943867,,,0.06830076688571973,,,,,,,pass,0.0004155299128929706,,-0.012905225503573665,-0.005799535408120933,,,,,,,,,,,,,,,,,,,,,,,,,,,,,,,,,,,,-0.0043995157416852025,,,,
563,,,,,,,,,,,,0.020449126418384526,,,0.0002362270833087958,-0.0025322336095634345,-0.00214494755548849,-3.955451756039516e-05,,563,,,,,,,,,,,-0.006037030855073887,,,,0.013744362029456449,,,,-2.9032167733265946e-05,,,,,,0.0203230019963187,fail,,,,-0.006156565875067716,,,,,,,,,,,,,,,,,,,,,,,,,,,,,,,,,,,,,,,,
577,,,,,-0.036579591544117364,,,,,,,0.019187744687332073,,0.0007545482839878604,0.20023352584384735,,,,,577,,,,,,,,,,,,,,,,-0.019974901774584327,,-0.004556459590502267,,,,,,,0.06582511445789435,pass,-0.006589875249613348,,,,,,,,,,,,,,,,,,,,,,,,,,,,,,-0.02949960948488008,,,,,,,,,,,-0.007000605034425095,,
583,,,,,,,0.00046871558993332986,,,,,,,,,,,-0.007746221327118068,,583,,,,,,,,,,,0.0004479692403115381,,0.014849043606213278,,0.018989136108760764,,,,,,,,,,,fail,,,,,,0.0004366400900909707,,,,,,,,,,,,,,,,,,,,,,,,,,,,,,,,,,-0.005452747198050788,,-0.002921838164233809,-0.0028467245840947276,-0.008270909256610243
619,,,,,,,0.0008522275698946267,,,,,0.016301629230795645,,,,0.0008773012522597677,,,,619,,,,,,,,,,,,,0.012384077411002564,,0.01229165362437022,,,,-0.006847647795188311,,,,,,,fail,,,,,,,,,,,,,,,,,0.012498745416288915,,,,,,0.010136303423857778,,,,,,,,,,,,,,,0.00874511374320438,,,,-0.008259833553203063,,
644,,,,,,,-0.0003303945466532719,,,,,,,,,-0.007391103976390123,,,0.12464127912970224,644,,,,,,,,,-0.00032519579812316583,,,-0.0034304852160684848,,,,-0.01620042249011688,,,,,,,,,0.024030584413585146,pass,,,,,,,,,,,,,,,,,,,,,,,,,,,,,,,,,,,,,,,,-0.00036224725094742837,,-0.0004816769326336745,-0.00487839839861562,
679,,,,,,,,,,,,,,0.09295843746903533,0.00025518983185584914,,,,,679,-0.002256551942241658,,,,,,,,-0.00016849261141323494,,,,,,0.016628707316094088,,,,,,,0.010606579327119827,,,,fail,-0.0033207004065168555,,,,,,0.011558539097506992,,,,,,,,,,,,,,,,0.012169063061075527,,,,,,,,,,,,,,,,,,,,,-0.0001770385409902641
743,,,,,,,,,,,,0.01169084050798915,,0.02626228077841698,,-0.0018863777678656442,,,0.08586664727716256,743,-8.468876390829124e-05,,,,,,,,,,,7.84810290009937e-05,,,0.012950654165038123,,,,,,,,,,0.026381110825919193,fail,,,,,,-0.0029086179826905063,,,,,,,,,,,,,,,,,,,,,,,,,,,,,,,,,,,,,,-7.830718422383087e-05
764,,,,,,,,,,,,0.021912549490685697,,-0.004478542818609033,,,,,,764,,,,,,,,6.31117706851979e-06,,,-0.008426911079469203,,,,0.01728637791977471,,5.907459638469523e-05,,,,,,,,,pass,,,,,,-0.004766437024746649,,,,,,,,,,,,,,,0.027228963716265354,,,-0.027224934175048156,,,,,,,,,,,,,,,,,,-0.006413515526455672,,
775,,,,,,,,,,,,,-0.025894147394946648,0.12002091833066296,,,,,-0.001894415265986989,775,,,,,,,,,-0.02828557580696996,,,-0.011508732026674708,,,,-0.017871029633928913,0.000458472885818756,,-0.01025588495423582,-0.01572793050152092,,,,,,pass,,,,,,,,,,,,,,,,,,,,,,,,,,,,,,,,,,,,,,,,,,,,-0.005636057459532546
789,,-0.02321610075755188,,,,,,,,,-0.017315359706616757,,-0.018682260847407792,,,,,,,789,,,,,,,,,,,,-0.006660642861814868,0.01608408288127141,,,,-0.001571238055772908,,,,,,,,0.013873930930563902,pass,0.00042394480472869584,,,,,0.0026703111161259004,,,,,,,,,,,,,,,,,,,,-0.02106194734804472,,,,,,,,,,,,,,,,,,
807,,,,,,,-0.0007753383892028042,,,,,,,,0.14568082178584793,,,-0.001311607937441277,,807,-0.013074637017042368,,,,,,,,,0.001175536001152343,,,,,,,,,,,,,,,,pass,-0.0011541863066948605,,,,,-0.0012617147784969025,,,,,,,,,-0.029219160633282577,,,,,,,,,,,,,-0.03461863803591428,,,,,,,,,,,,,,,,-0.0007419327968792547
824,,,,,,,,,,,,0.017666038518989402,,,0.15310488968255756,-0.0005124894856155746,,-0.011248996274779125,,824,-0.00036807612527081423,,,,,,,,-0.00031691561509489036,,,-0.00034168149007546245,0.017039311308472124,,,,,-0.000374874365954277,,,,,,,,fail,0.0012728625180075054,,,,,,,,,,,,,,,,,,,,,,,,,,,,,,,,,,,,,,,,,,,
842,-0.053214442140448376,,-0.03781400100663734,,,,0.0007423744523899929,,,,,,-0.029220234170094294,,,,,,-0.014914850659311607,842,,,,,,,,,0.0006645520946181535,,,,,,,-0.019121121788863535,,,,,,,,,,pass,0.0007179362245975546,,,,,,,,,,,,,,,,,,,,,,,,,,,,,,,,,,,,,,,,,,0.00046442149545557193,0.09211896212282265
866,,,,,,,,,,,,,,0.07453216309314473,,-0.0003851867787263624,,-0.00359301005048058,,866,-0.00025101138381786154,,,,,,,,,,,-0.0037381831964712993,,,,-0.013177261144811006,,-9.4366029839688e-06,,,,,,,0.051857066816655126,fail,,,,-0.0029279433298237947,,,,,,,,,,,,,,,,,,,0.011096942440497663,,,,,,,,,,,,,,,,,,,,,
916,,,,,,,-0.0041129229224950515,,,,,0.022581321023436893,,0.01728846737180957,0.018062044404685836,,-0.01164300091071797,0.0010433143546852664,,916,,,,,,,,,,,,,,,0.015915259941374365,,,-0.011997135163813675,,,,,,,,fail,,,,,,,,,,,,,,,,,,,,,,,,,,,,,,,,,,,,,,,,0.0002916647105790545,,,,0.0005005034645890151
923,,,,,,,,,,,,,,0.1278226733689372,0.1457416574945387,0.013387221199662552,,,,923,,,,,,,,,,,,,,,,-0.021214326028481233,-0.0002655840184947302,-0.005276930214211223,,,,,,,,pass,,,,,,-0.00027131576634977997,,,,,,,,,,,,,,-0.02631642616211242,,,,,,,,,,,,,,,,,,,,,,,-0.00869663448473093,-0.004181296464378471
934,,,,,,,,,,,,,,,,0.00048407417074831986,,,,934,,,,,,,,,,-0.004870846310796837,,0.00048812370191647034,,-0.019271285991433258,,-0.020756279403017382,,0.15443169244157265,0.0005097266106334707,,,,,,,pass,,,,,,0.0007022894528884966,,,,,,,,,-0.030562242566742986,,,,,,,,,,,,,,,,,,,,,,,,,,0.0004957978526783697,,,
951,,,,,,,,,,,,0.014918173252624645,,,0.021004224647891204,,,-0.006970141523276495,,951,,,,,,,,,,,,0.0009026825601880539,,,0.017326791492915758,,0.020450034708237804,,,,,,,,,fail,,,,,,-0.003153334364146973,,,,,,,,,,,,,,,0.015573931267750064,,,,,,,,,,,,,,0.011748929856604863,,,,,,,,,-0.005145460980330445
966,,,,,,,,,,,,,,0.07568661783763503,0.23590571472632915,,,0.04621334138565357,,966,,,,,,,,,,-0.00026955022528372903,,,,,0.016063057454853362,,0.0007716719037586795,,0.08021265506793923,,,,,,,fail,-0.00023015124638622915,,,-0.0004276554297387296,,,,,,,,,,,,,,,,,0.021925762791890777,,,,,,,,,,,,,,,,,,,,,,,
1008,,,,,,,,,,,,,-0.026147697917445457,,0.21136891324890553,,,,,1008,,,,,,,,,-0.011105189251058273,,,,,,,-0.020410609828470674,,,,,,,,,,pass,,,,0.0004993106704158637,,0.0007196192235240676,,,,,-0.027756729169854385,-0.028264016318658446,,,,,,,,,,,,,,,,,,,,,,,,,,,,0.0007340191956158373,,,,0.001054573304601379
1013,,,,,,,,,,,,0.020565048070757454,,-0.002503594026483918,0.036942469434047616,,,,-0.0015076907569552512,1013,,,,,,,,,,,,,0.011075496529524009,,0.01740197858448702,,,,0.0006508526199536238,,,,,,,fail,,,,-0.012179511232505616,,,,,,,,,,,,,,,,,,,,,,,,,,,,,,,,,,,,,,-0.008124877955845298,-0.005436575044157054,
1032,,,,,,,0.00029789249963667433,,,,,0.018262315137951173,,0.058568723382766516,,0.00019454395570561218,,,0.00033883244336684656,1032,,,,,,,,,,-0.007371063688786055,0.0003272626439311884,,,,,-0.01777708544733167,,,0.0007757879682563557,,,,,,,pass,,,,,,,,,,,,,,,,,,,,,0.02127037504673563,,,,,,,,,,,,,,,,,,,,,,,
1049,,,,,,,,,,,,0.022771557058054094,,,0.0005285011819187342,-0.018687164761925938,0.0003216850850327042,,,1049,0.00032317614466646603,,,,,,,0.00035729185808196077,,,,,,,0.01719656939745653,,-0.005761859652619228,,,,,,,,0.032638194687826125,fail,,,,,,,,,,,,,,,,,,,,,,,,,,,,,,,,,,,0.017826378821037953,,,,,,,,,
1054,,,,,,,,,,,,0.015405471075311608,,0.0005466355543951159,,,-0.002977886407169869,,,1054,,,,,,,,,-0.00011934990889550889,,-0.00017325844198035574,,,,0.01456593611482455,,,,-0.00011751470955871711,,,,,,,fail,-0.00011750961314581086,,,-0.00010509964607417229,,,,,,,,,,,,,,,,,,,,,,,,,,,,,,,,0.014815648617083899,,,,,,,,
1074,,,,,,,,,,,,,-0.02485720550286066,0.03489322170169967,0.028127847054481583,,,,,1074,,,,,,,,,,,,,,,0.016552729516320006,,,-0.004925536008003095,,,,,,,,fail,,,,0.0004161518972143221,,0.00025422781091448247,,,,,,,,,,,,,,,,,,,,,,,,,,,,-0.020128405415190877,,,,,,,0.00035290966147785843,,-0.009075430351537944,
1104,,,,,,,,,,,,0.019832425450490115,,0.18760234320469993,0.035584269779134696,-0.00929547836796207,,,,1104,-0.007259946959997429,,,,,,,,0.21784804932664287,,,-2.7393508668223164e-05,,,0.01566936890591674,,,,,,,,,,,fail,,,,-9.076585114633637e-05,,,,,,,,,,,,,,,,,,,,,,,,,,,,,,,,,,,,,,,,-0.00965089859055451
1158,,,,,,,,,,,,0.013451398828599116,,0.00030802113129716727,,,-0.0025708142980858445,0.00022017443354146722,,1158,-0.004699260810595173,,,,,,,-0.0033910532422994906,,,-0.006662138196351582,,,,0.014225113186470923,,,,,,,,,,,fail,-0.006272177942402817,,,,,,,,,,,,,,,,0.01815650842281921,,,,,,,,,,,,,,,,,,,,,,,,,,,
1161,,,,,,,,,,,,0.022436153718836584,,,0.0714721899129791,0.0024245693701672954,,,,1161,,,,,,,,,,-0.00397250802774049,,0.0004767565346766705,,,,-0.02136145816538884,,,,,,,,,,pass,-0.007161626010945021,,,,,,,,,,,,,,,,,,,,,,,,,,,,,,,,,,,,,,,-0.00547004070780059,-0.007996262880322668,,,0.00041791744401193737
1172,,,,,,,,,,,,,-0.0230609484890708,,0.08390737699010192,,0.01867899272335432,,-0.0010424302904379582,1172,-0.0016431990922400285,,,,,,0.018620589947821873,,,-0.0009729041509674157,,,,,,,,0.07752183409534304,,,,,,,0.07092507602788346,pass,,,,,,,,,,,,,,,,,,,,,,,,,,,,,,,,,,,,,,,,,,,-0.0010575551054550633,
1192,,,,-0.027507524236083564,,,,,,0.01022429982327862,,0.019897467344337966,,,0.18045130954967153,,,,,1192,,,,,,,,0.0005445039711500205,,,,,,,,-0.022102733366331066,,0.01990201842795442,,,,,,,,pass,,,,,,,,,0.012037013332166238,,,,,,,,,,,,,,0.01423992800795627,,,,,,,,,,,,,,,,,,-0.006710562389960984,,,
1219,,,,,,,,,,,,,,,0.046802961613529925,,,,,1219,,,,,,,,-0.0069870513636662804,-0.004532725189143445,0.0005035016680138859,,,0.012420435817990006,,0.015742292443885343,,,-0.004250514770704406,,,,,,,,fail,-0.004851844212793141,,,,,0.0007912845021775172,,,,,,,,,,,,,,,0.02091755231171289,,,,,,,,,,,,,,,,,,,,,,,
1229,,,,,,,,,,,,0.011659210086905286,,0.036618508513024686,,0.07494732822169048,,,-0.0024035963059199786,1229,,,0.010656234163943137,,,,,-0.0014578070778328693,,,,-0.006034241011803253,,,0.013960203380747781,,,,,,,,,,0.022093367294655178,fail,,,,,,,,,,,,,,,,,,,,,,,,,,,,,,,,,,,,,,,,,,0.00033083698887782716,,
1273,,,,,,,-0.011285879435710815,,,,,0.021743852741286356,,,0.11194199877355954,,,,,1273,-0.01319879669263995,,,,,,,,-0.010018136068700587,,,,,,0.01437724733990325,,,,,,,,,,,fail,,,,,0.02048520652437679,,,,,,,,,0.013788917679155905,,,,,,,,,,,,,,,,,,,,,,,,,,,,0.0006994113653708006,,-0.0026193026422132596
1280,,,,,,,3.396676299904985e-06,,,,,0.014720458796542137,,,,-0.007270613511523561,,,2.8322704216714027e-05,1280,-0.004600319182047191,,,,,,,,,,,,,,0.014950994119651142,,,,,,,,,,,fail,,,,-0.009412514328584849,,,,,,,,,,0.012064918567410246,,,,,,,,,,,,,,,,,,,,,,,,,,7.477602299634469e-06,,,,0.00012675821352169355
1292,,,,,,,,,,,,0.02395935869854576,,0.048498127462530585,0.1433672477780725,-0.004147153518596958,,,0.00022893846882398716,1292,-0.007272675796197615,,,,,,,,,,,,,,0.017619320466511414,,,,,,,,,,,fail,,,,,,0.0001493860486200457,,,,,,,,,,,,,,,,,0.02320481537461664,,,,,,,,,,,,,,,,,,,,,-0.013293948640734037
1310,,,,,,,,,,,,0.013104014644827203,,,0.02641978734157618,7.750897354982237e-05,,,,1310,,,,,,,,,0.013070026533367462,-0.012488057907582999,7.290980894271059e-05,0.00012006850594956456,,,0.013936852707052359,,,,,,,,,,0.030625061067365837,fail,,,,,,,,,,,,,,,,,,,,,,,,,,,,,,,,,,,,,,,,-0.0042250359000252915,,,,
1382,,,,,,,,,,,,0.020892733417987683,,,0.29436149116894567,-0.0053371597314575935,,-0.006631575507627656,,1382,,,,,,,,,,,,-0.005097202555202962,0.014146355332569851,,0.01666120623206703,,-0.006674798769477723,,,,,,,,0.017575882882621498,fail,,,,,,,,,,,,,,,,,,,,,,,,,,,,,,,,,,,,,,,,,,0.000871121378508118,,
1388,,,,,,,,,,,,0.013173097795532353,,,0.1666107968918687,,,,0.000674159244098973,1388,-0.010399038731886932,,,,,,,0.0007470761776670489,,,,,,,0.013640303685671642,,,-0.003381734005346185,,,,,,,0.04422567089958734,fail,,0.010977278491308001,,,,,,,,,,,,,,,,,,,,,,,,,,,,,,,,,,,,,,,,-0.0060343522163176485,,
1417,,,,,,,-0.001049304246156892,,,,,0.018100668813325956,,,,-0.0007441238334298006,,,,1417,,,,,,,,,,0.010672863454674707,,,,,,,-0.0010414756529408351,,,,,,,,0.12358233217922251,pass,-0.0008752450141245883,,,-0.038664161288707186,,,,,,,,,,,,,,,0.012107768465752223,,,,,,,,,,,,,,,,,,,,,,,-0.001050403666273212,,
1422,,,,,,,,,,,,0.024260462103907324,,0.08333648157539623,,,-0.0029035191054173916,,-0.0022416361893915966,1422,,,,,,,,,0.0024503607082992395,,,,,,0.016322892434672696,,,,,,0.013268866621215413,,,,0.0317403060334792,fail,,,,,,,,,,,,,,,,,,,,,,,,,,,,,,,,,,,,,,,,,,0.000378964124477027,,-0.004765062104702237
1467,,,,,,,,,,,,0.01831363054101464,,0.15937403464553065,0.21179373675719165,,,0.22599812658626897,,1467,9.385934535765112e-05,,,,,,,,,,,,,,0.01948265845290284,,,0.00014162389644938587,,,,,,,0.01770857115938057,fail,,,,,,5.242909647552533e-05,,,,,,,,,,,,,,,,,,,,,,,,,,,,,,,,,,,,,-0.008885040768333914,
1590,,,,,,,,,,,,,,0.0726158703524925,,,,,,1590,-0.0060400278559309415,,,,,,,,,-0.0004480111993433163,,-0.00044349086997312967,,,0.014029211875432478,,,,-0.0005592922548233436,,,,,,0.014119929980688206,fail,,,,,,-0.0004741241690254105,,,,,,,,,,,0.013832326696953973,,,,,,,,,,,,,,,,,,,,,,,,,,,-0.004979437432457859
1616,,,,,,,-0.005069410974980857,,,0.016394002208719238,,,,,,,,,0.015080160400160428,1616,,,,,,,,,0.005139326774828971,,5.687211641524364e-05,,,,0.017514927809515017,,,0.0001491643648651797,,,,,,,0.028960394957952,fail,,,,,,,0.020518267022088962,,,,,,,,,,,,,,,,,,,,0.017294545848527906,,,,,,,,,,,,,,,,,
1621,,,,,,,,,,,,,-0.018797184883766867,0.0027825495955117103,0.06251120823906268,0.00144809465471637,0.051033274538131036,,-0.008201334983734881,1621,,,,,,,,,,0.0023047594249332812,,,,,,-0.021911953568102067,,,,,,,,,,pass,,0.013392733036006525,,,,,,,,,,,,,,,,,,,,,,,,,,,,,,,,,,,,,,,-0.003459476574439354,,,
1648,,,,,,,,,,,,0.023540007485318485,,,0.13163212357613502,,,-0.009367176626565317,,1648,-0.0064487774604370185,,,,,0.014649311515787652,,,0.0003497881627655088,,-0.002287635750765357,,,,0.02180967022165854,,,,,,,,,,0.032984242190260304,fail,0.0004929907583530515,,,,,,,,,,,,,,,,,,,,,,,,,,,,,,,,,,,,,,,,,,,
1657,,,,,,,,,,,,,,0.01788233314417597,,,0.0005731744065013681,,,1657,,,,,,,,,0.0005522782252644162,,,0.0005566804526514431,0.012719623818090815,,0.01486758681901629,,,,,,,,,,0.031114171283035914,fail,,,,0.000553557251271355,,,,,,,,,,,,,,,,,0.02114923511744328,,,,,,,,,,,,,,,,,,,,-0.00313188816690083,,,
1675,,,,,,,,,,,,0.01240671713315458,,,,,-0.008906540524161314,-0.005605043493005368,,1675,,,,,,,,,-0.007320674255301835,,,7.445729249928884e-05,,,0.01872120133536713,,,,,,,,,,,fail,,,,,0.01703605464898641,0.00012903213668410753,,,,,,,,,,,,,,,,,0.026267861150827833,,,,,,,,,,,,,,,,,,,-0.003807184831033351,,
1714,,,,,,,-0.000766765258299397,,,,,0.014617600545136817,,0.17549989303859728,0.062186056258982284,,,-0.0008060446829990165,,1714,,0.014890682331632871,,,,,,,,0.007971432765655055,,,,,,,,,,,,,,,0.09129243796926921,fail,,,,-0.001195578990781463,,,,,,,,,,,,,,,,,,,,,,,,,,,,,,,,,,,,,,0.0027414837871460643,,
1744,,,,,,,,,,,,0.01837835386290681,,,0.12422896886520682,,,,,1744,,,,,,,,4.908653368606149e-05,-0.00010282506705278802,,,,,,0.011109879579055694,,,0.018712669867841748,,,,,,,,fail,-4.489522096293663e-05,,,,,,0.008031840669363341,,,,,,,,,,,,,,,,,,,,,,,,,,,,,,,,,,-0.0027936984587869735,,,-0.005884878427985776
1748,,,,,,,,,,,,0.023815366951634893,,0.03392405320015922,,0.0004817034572635297,-0.0019453614576622335,,,1748,,,,,,,,,0.19877300420485716,-0.011492857614819114,,,,,0.013464095326994895,,,,0.015557004894405145,,,,,,0.05745949520139898,fail,,,,,,,,,,,,,,,,,,,,,,,,,,,,,,,,,,,,,,,,,,,,0.00023238657711528685
1790,,,,,,,,,,,,0.016167434037102215,,,,0.0002480143723910195,,,,1790,,,,,,,,,,,,-0.005478576703324184,,,0.01838228040656401,,,0.026916627233278177,,,0.01643470650676402,,0.011834960423068395,,0.021878003368275372,fail,,,,-0.010760542766470477,,0.0002744756461838276,,,,,,,,,,,,,,,,,,,,,,,,,,,,,,,,,,,,,,
1862,,,,,,,,,,,,0.01724718228404241,,,0.008987054649040819,-0.00011696684160040294,,-0.0059586076885379475,,1862,,,,,,,,,,,,,,,0.012228508912542783,,,,,,,,,,0.04228906434067046,fail,-0.003076830460417148,,,,,-0.005693885469691178,,,,,,,,,,,,,,,,,,,,,,,,,,,,,,,,,,,-0.005804711570164808,,,-0.0002118141970666075
1898,,,,,,,,,,0.010361828445103843,,0.019983396485921595,,,,,0.0006528508384693203,,,1898,,,,,,,,,,,,,,,0.018128080748934024,,0.05808144144357008,,,,,,,,0.03754913744547284,fail,,,,0.00042010499178314457,,-0.007871223036496226,,,,,,,,,,,,,,,,,,,,,,,,,,,,,,,,,,,-0.005129018746073669,,,0.0004200703502548311
1969,,,,,,,,,,,,0.01728841183796096,,0.02845485087158158,0.054137834339738795,-7.111641197867593e-05,,,,1969,-0.00014814916768645837,,,,,,,,-0.0001625502869315996,,,-0.0002015048227504662,,,0.013463326289888592,,,,0.0005024989509571751,,,,,,,fail,,,,,,,,,,,,,,,,,,,,,,,,,,,,,,,,,,,,,,,,,,,-0.00014555133505470412,
1984,,,,,,,-0.00016666989951363048,,,,,0.015701319402077286,,,0.041641420984731135,,,0.0021791034745429413,-0.008865445951601702,1984,,,,,,,,,,,,,,,0.013945387908741513,,,-0.006462377839629768,-0.0045710231987415705,,,,,0.015484660091327311,0.010548913517111092,fail,,,,,,,,,,,,,,,,,,,,,,,,,,,,,,,,,,,,,,,,,,,,
2034,,,,,,,,,,,,0.01740549262210065,,,,0.00015066781820215593,,,,2034,,,,,,,,,,,-0.00598927174100105,-0.005649889770747797,,,0.016149678809069107,,,,,,,,,,,fail,-0.005189127621225534,,,,,,,,,,,,,,,,,,,,0.028498682934814383,,,,,,,,,,,,,,,,,,,,0.00014409256157755273,,0.00018762399821953358,0.0002596753567952266
