,feature,mean_score_shap,mean_score_cem,mean_score_lime
0,total_clicks_InWeek1,0.0018717223401276547,0.0025681900180328752,0.0
1,number_sessions_InWeek1,0.0021182387035274686,0.0020870791900597227,0.0
2,time_in__video_sum_InWeek1,0.0014011232093508067,0.0030751957000739244,0.0
3,time_in__problem_sum_InWeek1,0.001526444037095297,0.003860781669316422,0.0
4,video.pause-video.speedchange-video.play_InWeek1,3.909950691849458e-05,0.0014020581608700589,0.0004005477211040904
5,video.play-video.pause-video.load_InWeek1,0.0017600291561196354,0.00011751491624006086,0.021431478474501584
6,video.play-video.play-video.play_InWeek1,0.0018653555884895687,0.0002120175191760548,0.021434438112430208
7,video.play-problem.check-problem.check_InWeek1,0.002058912243038367,0.0004030441946177849,0.0
8,problem.check-problem.check-video.load_InWeek1,0.0023542399335160936,0.0007400085238950685,0.0
9,problem.check-problem.check-problem.check_InWeek1,0.001860451120798104,5.9802098246502176e-05,0.0
10,regularity_peak_dayhour_InWeek1,0.0017841646910977831,0.002597094235150455,0.0
11,regularity_periodicity_m1_InWeek1,0.0016471233340753608,9.307970966215042e-05,0.0
12,delay_lecture_InWeek1,0.0025891726815487526,0.0031196429801568365,0.0
13,time_sessions_sum_InWeek1,0.001970721183939615,9.40260411077354e-05,0.0
14,time_sessions_mean_InWeek1,0.002330779423711386,0.003305189690808105,0.0
15,time_between_sessions_std_InWeek1,0.0016328923170374143,0.00046976171075969255,0.0
16,time_sessions_std_InWeek1,0.0017256627353137459,0.00373797348750682,0.0
17,total_clicks_weekday_InWeek1,0.001412696551542497,0.0032117771804844107,0.0
18,total_clicks_weekend_InWeek1,0.0016695567949525675,0.00221518537844135,0.0
19,ratio_clicks_weekend_day_InWeek1,0.0019060647137313657,0.0017564156972027713,0.0
20,total_clicks_video_InWeek1,0.001589339122569155,0.004332606046982804,0.0
21,total_clicks_problem_InWeek1,0.001483831254592013,0.0035761897688227663,0.0
22,attendance_rate_InWeek1,0.0020068607906222912,0.0024645502225629167,0.0
23,utilization_rate_InWeek1,0.0019014401868554449,0.005139414687493111,0.0
24,watching_ratio_InWeek1,0.0016434441594493205,0.0011069602279580987,0.0
25,total_clicks_Video.Load_InWeek1,0.0019513965648398216,0.003694129478492587,0.0
26,weekly_prop_watched_mean_InWeek1,0.0018037757966461155,0.0024645502225629167,0.0
27,weekly_prop_replayed_mean_InWeek1,0.0020507564668781324,0.0005667272171193943,0.0
28,weekly_prop_interrupted_mean_InWeek1,0.0028823094193338793,7.373000230111904e-05,0.0
29,total_clicks_Video_InWeek1,0.0021486016093270736,0.004332606046982804,0.0
30,frequency_action_Video_InWeek1,0.001789737475135979,0.005087240245743996,0.0
31,frequency_action_Video.Load_InWeek1,0.0015055421319295165,0.00031152200736582806,0.0
32,frequency_action_Video.Play_InWeek1,0.0015352065085901785,0.000808698638951193,0.0
33,frequency_action_Video.Pause_InWeek1,0.002047213563734321,0.0022588318773295976,0.02142874039348272
34,pause_duration_mean_InWeek1,0.0013418892216053777,0.0033313301663691237,0.0
35,pause_duration_std_InWeek1,0.0024904159205933335,0.0013214142664538303,0.0
36,time_speeding_up_mean_InWeek1,0.0019084602697676907,0.002352744637656535,0.0
37,time_speeding_up_std_InWeek1,0.0017822898441714494,9.939742734613324e-05,0.0
38,fraction_spent_ratio_duration_Video.Play_InWeek1,0.0021136902778334994,0.0014478027069576192,0.0
39,fraction_spent_ratio_played_Video.Pause_InWeek1,0.0018173854640954768,0.006347306368382249,0.0
40,fraction_spent_completed_Video.Play_InWeek1,0.002066497768749059,0.00039561537548295206,0.0
41,fraction_spent_spent_Video.Play_InWeek1,0.0016483179503428943,0.00022776787563973135,0.0
42,frequency_action_total_Video.Pause_InWeek1,0.00209996086536691,0.00300963442309466,0.0
43,speed_playback__mean_InWeek1,0.001899379018707508,0.002710808647179685,0.0
44,speed_playback__std_InWeek1,0.0015595303175913277,0.0031127886592011724,0.0
45,count_unique_elements_video_InWeek1,0.002184742118475409,0.0030449348956265786,0.0
46,competency_anticipation_InWeek1,0.0026643922744390147,0.001545434407109605,0.0
47,content_alignment_InWeek1,0.002019547799640543,0.0024645502225629167,0.0
48,content_anticipation_InWeek1,0.002536515065737772,0.00021661553963827295,0.0
49,student_speed_InWeek1,0.0020864762595994182,0.0030259308265137763,0.0
50,watching_index_InWeek1,0.0020957439092020727,0.0007033933738563978,0.0
51,fraction_spent_entirety_Video.Play_InWeek1,0.0020663076426998776,0.0008543009276443392,0.0
52,frequency_action_relative_Video.Play_InWeek1,0.0017566943298844206,0.0024429875681309283,0.0
53,frequency_action_relative_Video.Pause_InWeek1,0.0017103371190974684,0.0036898413729767256,0.0
54,frequency_action_relative_Video.Load_InWeek1,0.0023063122425049224,0.0028480272145898363,0.0
55,number_submissions_distinct_InWeek1,0.0018530591981084426,0.004298291096062766,0.0
56,number_submissions_InWeek1,0.001725950019754939,0.003119549005278922,0.0
57,number_submissions_distinct_correct_InWeek1,0.0022690551721033093,0.000511979568515383,0.0
58,number_submissions_avg_InWeek1,0.0019017721158326364,0.00044472129099101283,0.0
59,obs_duration_problem_InWeek1,0.002071747066579749,0.004000514655012712,0.0
60,number_submissions_perc_correct_InWeek1,0.0022328703036018516,0.0012440232085620154,0.0
61,time_solve_problem_InWeek1,0.0022396568221033845,0.0022532524675941117,0.0
62,obs_duration_problem_var_InWeek1,0.0017058723208255627,0.00415872968784777,0.0
63,obs_duration_problem_amax_InWeek1,0.002234596870026752,0.0036887286101980076,0.0
64,time_sessions_length_InWeek1,0.002235191645974113,0.0020870791900597227,0.0
65,number_submissions_correct_InWeek1,0.0026053383340113906,0.0001532550038167892,0.0
66,total_clicks_InWeek2,0.0018748534459579636,0.0029849394210028687,0.0
67,number_sessions_InWeek2,0.002132956453229517,0.004806440488508255,0.0
68,time_in__video_sum_InWeek2,0.001198305718923388,0.0016973320671123827,0.0
69,time_in__problem_sum_InWeek2,0.0021911262009473476,0.0034032154027382687,0.0
70,video.pause-video.speedchange-video.play_InWeek2,0.002506615284533989,0.0013531641259285862,0.021428715303828172
71,video.play-video.pause-video.load_InWeek2,0.0019971128168865164,0.00013130933894927208,0.02142874039348272
72,video.play-video.play-video.play_InWeek2,0.0023299450249629934,0.00195330830234749,0.00021016209719501667
73,video.play-problem.check-problem.check_InWeek2,0.00014549064837001874,0.0003721847505058104,0.0
74,problem.check-problem.check-video.load_InWeek2,0.0017975991212903267,0.0003253667305273284,0.021247977116397858
75,problem.check-problem.check-problem.check_InWeek2,0.0017181376894554955,0.001103670353826349,0.0
76,regularity_peak_dayhour_InWeek2,0.001904406891524866,0.0041246042897505305,0.0
77,regularity_periodicity_m1_InWeek2,0.0014596353205398622,0.0033094250658976376,0.0
78,delay_lecture_InWeek2,0.0021159374108748637,0.003520278881244426,0.0
79,time_sessions_sum_InWeek2,0.0017808004939979247,6.11904892062921e-05,0.0
80,time_sessions_mean_InWeek2,0.002515608426909904,0.004006588785849912,0.0
81,time_between_sessions_std_InWeek2,0.0022125105035547495,0.0005151363266607564,0.0
82,time_sessions_std_InWeek2,0.002385070052958044,0.0033161981159805327,0.0
83,total_clicks_weekday_InWeek2,0.001730360667381665,0.002502826901921251,0.0
84,total_clicks_weekend_InWeek2,0.0017642503333643008,0.002913365971906217,0.0
85,ratio_clicks_weekend_day_InWeek2,0.002120668752485565,0.0017383963011590542,0.0
86,total_clicks_video_InWeek2,0.0017531198095738177,0.0034267933127991416,0.0
87,total_clicks_problem_InWeek2,0.0012381524743490496,0.003507415713896721,0.0
88,attendance_rate_InWeek2,0.0016103394581619241,0.0037940744508631265,0.0
89,utilization_rate_InWeek2,0.002290823801917797,0.00520222645897531,0.0
90,watching_ratio_InWeek2,0.0016062192280945802,0.003440369397231274,0.0
91,total_clicks_Video.Load_InWeek2,0.002106395479577238,0.004991196273824786,0.0
92,weekly_prop_watched_mean_InWeek2,0.0020048689877493102,0.0037940744508631265,0.0
93,weekly_prop_replayed_mean_InWeek2,0.0017383623971781214,5.054996644213782e-05,0.0
94,weekly_prop_interrupted_mean_InWeek2,0.00210968963684511,0.006095690460660024,0.0
95,total_clicks_Video_InWeek2,0.0016299768573359858,0.0034267933127991416,0.0
96,frequency_action_Video_InWeek2,0.0024368929633754722,0.0038466073639772747,0.0
97,frequency_action_Video.Load_InWeek2,0.0022851523660580926,0.00015878429163461192,0.021235616519952843
98,frequency_action_Video.Play_InWeek2,0.0019260421385356363,0.00039446657278276295,0.0
99,frequency_action_Video.Pause_InWeek2,0.0018445248337207504,0.0029928567499314896,0.0
100,pause_duration_mean_InWeek2,0.0022578494874427707,0.002327369293190169,0.0
101,pause_duration_std_InWeek2,0.0017741290050787006,0.0012765421770189129,0.0
102,time_speeding_up_mean_InWeek2,0.002332541837567877,0.002322839583585807,0.0
103,time_speeding_up_std_InWeek2,0.0017464108916718476,0.00016964041736320678,0.0
104,fraction_spent_ratio_duration_Video.Play_InWeek2,0.002185205528237795,0.005057079235162572,0.0
105,fraction_spent_ratio_played_Video.Pause_InWeek2,0.0020773973811014403,0.005321606872337014,0.0
106,fraction_spent_completed_Video.Play_InWeek2,0.0017109893756972376,0.0002707804870918731,0.0
107,fraction_spent_spent_Video.Play_InWeek2,0.001408546979115676,0.0002455417001427092,0.0
108,frequency_action_total_Video.Pause_InWeek2,0.0016186187451561565,0.004494287444221208,0.0
109,speed_playback__mean_InWeek2,0.001820928970254173,0.0029689890447280104,0.0
110,speed_playback__std_InWeek2,0.0017662595673439787,0.003801295436858462,0.0
111,count_unique_elements_video_InWeek2,0.0021111491691970987,0.003225392244625373,0.0
112,competency_anticipation_InWeek2,0.0030770231688482873,0.0016157600426217717,0.0
113,content_alignment_InWeek2,0.0018505542894979082,0.0037940744508631265,0.0
114,content_anticipation_InWeek2,0.002574890959075666,0.0002704457455000199,0.0
115,student_speed_InWeek2,0.0018265636658977293,0.002447621827162612,0.0
116,watching_index_InWeek2,0.0018304526909064427,0.000635165613962706,0.0
117,fraction_spent_entirety_Video.Play_InWeek2,0.002060252247522744,0.0006904089611833496,0.0002045747644209048
118,frequency_action_relative_Video.Play_InWeek2,0.00226870004188842,0.0033775056258002287,0.0
119,frequency_action_relative_Video.Pause_InWeek2,0.0019374907499079494,0.0034710714678546444,0.0
120,frequency_action_relative_Video.Load_InWeek2,0.0021295967489844527,0.0024094273557671016,0.021203845525334428
121,number_submissions_distinct_InWeek2,0.0025287740601597597,0.0016858528574248907,0.0
122,number_submissions_InWeek2,0.002237982426724692,0.0028989505126729848,0.0
123,number_submissions_distinct_correct_InWeek2,0.002059389539355097,0.0001606562757125592,0.0
124,number_submissions_avg_InWeek2,0.0021576334615625104,0.0005017380583153652,0.0
125,obs_duration_problem_InWeek2,0.001519524552121411,0.0035646779076914884,0.0
126,number_submissions_perc_correct_InWeek2,0.00254427545156047,0.000522180892514004,0.0
127,time_solve_problem_InWeek2,0.002616530984755597,0.0035779837132156123,0.0
128,obs_duration_problem_var_InWeek2,0.002043153046315157,0.0035385128299594204,0.0
129,obs_duration_problem_amax_InWeek2,0.0021786718153216267,0.003390606696587391,0.0
130,time_sessions_length_InWeek2,0.002316535603595847,0.004806440488508255,0.0
131,number_submissions_correct_InWeek2,0.0024882191762366315,0.00015340574492260996,0.0
132,total_clicks_InWeek3,0.0016032219015199515,0.0025533494209362463,0.0
133,number_sessions_InWeek3,0.002301501453532298,0.00294261635592652,0.0
134,time_in__video_sum_InWeek3,0.0022536337081568033,5.6232817279315e-05,0.0
135,time_in__problem_sum_InWeek3,0.002263980574444625,0.004215840541470707,0.0
136,video.pause-video.speedchange-video.play_InWeek3,0.002168372702121661,0.0013263723677562542,0.00034520666661565545
137,video.pause-video.speedchange-video.play_InWeek3,0.002168372702121661,0.0013263723677562542,0.021434885471583013
138,video.play-video.pause-video.load_InWeek3,0.0019729015830838733,0.00016756105754812216,0.0
139,video.play-video.play-video.play_InWeek3,0.0018813203402060737,0.003994629242917337,0.02124813883209142
140,video.play-problem.check-problem.check_InWeek3,0.0016102597611146294,0.00011852157467771626,0.000515299919730918
141,video.play-problem.check-problem.check_InWeek3,0.0016102597611146294,0.00011852157467771626,0.021440435679733364
142,problem.check-problem.check-video.load_InWeek3,0.002600637749878828,7.35847125612967e-05,0.00037054671304568107
143,problem.check-problem.check-problem.check_InWeek3,0.001966933298360318,0.002572786939416124,0.0
144,regularity_peak_dayhour_InWeek3,0.0024487485034342654,0.003346050625491402,0.0
145,regularity_periodicity_m1_InWeek3,0.0019090074268113516,0.0031098551174956863,0.0
146,delay_lecture_InWeek3,0.0021871543601180527,0.0029774094370051906,0.0
147,time_sessions_sum_InWeek3,0.002213961169074938,0.00014154310614801805,0.0
148,time_sessions_mean_InWeek3,0.0019063715271518962,0.00414833569228158,0.0
149,time_between_sessions_std_InWeek3,0.0013603352795139635,0.00025912503831837476,0.0
150,time_sessions_std_InWeek3,0.0020536968040434827,0.0024210803337450055,0.0
151,total_clicks_weekday_InWeek3,0.001770768923296823,0.0020166818648858532,0.0
152,total_clicks_weekend_InWeek3,0.0019605664353324805,0.004245288978102783,0.0
153,ratio_clicks_weekend_day_InWeek3,0.0024526663741613634,0.0016448896383646403,0.0
154,total_clicks_video_InWeek3,0.0023426481043846265,0.003675805936072018,0.0
155,total_clicks_problem_InWeek3,0.0025065494026483125,0.0019891967054275973,0.0
156,attendance_rate_InWeek3,0.0023277795712147884,0.0031448161796909413,0.0
157,utilization_rate_InWeek3,0.001940509663362293,0.00261404186306371,0.0
158,watching_ratio_InWeek3,0.0016181771916070876,0.005401777420217984,0.0
159,total_clicks_Video.Load_InWeek3,0.0015129410443563193,0.00289371238521283,0.0
160,weekly_prop_watched_mean_InWeek3,0.0022540568341423315,0.0031448161796909413,0.0
161,weekly_prop_replayed_mean_InWeek3,0.0017353140914335347,6.932825135988642e-05,0.0
162,weekly_prop_interrupted_mean_InWeek3,0.0022599859158109145,0.0019696261094163197,0.0
163,total_clicks_Video_InWeek3,0.001930897525061242,0.003675805936072018,0.02143576005604891
164,frequency_action_Video_InWeek3,0.0014592491828934024,0.002369192493952649,0.0
165,frequency_action_Video.Load_InWeek3,0.0023248652522356987,7.278164054524435e-05,0.0
166,frequency_action_Video.Play_InWeek3,0.0023523166287972705,0.00038692505109043444,0.0
167,frequency_action_Video.Pause_InWeek3,0.0018919238568642527,0.003555297751545017,0.0
168,pause_duration_mean_InWeek3,0.00208868789045577,0.0008113736961165865,0.0
169,pause_duration_std_InWeek3,0.0021861928515796688,0.004822419586502069,0.0
170,time_speeding_up_mean_InWeek3,0.0015236280050145734,0.003740357048174202,0.0
171,time_speeding_up_std_InWeek3,0.0018404000937903412,0.000283226437483262,0.0
172,fraction_spent_ratio_duration_Video.Play_InWeek3,0.0015714332098198647,0.004019956328358519,0.0
173,fraction_spent_ratio_played_Video.Pause_InWeek3,0.0022727695505944047,0.004631942936277966,0.0
174,fraction_spent_completed_Video.Play_InWeek3,0.0013670885378976164,0.0003029616040590098,0.0
175,fraction_spent_spent_Video.Play_InWeek3,0.001617625803558466,0.002513622403526659,0.0
176,frequency_action_total_Video.Pause_InWeek3,0.0017007300660671569,0.00135065040389492,0.0
177,speed_playback__mean_InWeek3,0.001793465450865189,0.003118645585359686,0.02133767122327458
178,speed_playback__std_InWeek3,0.002035298654325955,0.001988377318938212,0.0
179,count_unique_elements_video_InWeek3,0.0014396561899838347,0.004336748063651769,0.0
180,competency_anticipation_InWeek3,0.0025825075304142147,0.001858949278797936,0.0
181,content_alignment_InWeek3,0.0023949919590764545,0.0031448161796909413,0.0
182,content_anticipation_InWeek3,0.002192840819807009,0.00034194793917468745,0.0
183,student_speed_InWeek3,0.0019312579407649716,0.0034813294723219966,0.0
184,watching_index_InWeek3,0.001935022280883785,0.0005289744908706039,0.0
185,fraction_spent_entirety_Video.Play_InWeek3,0.001647802486951585,0.000291390663808717,0.00031775024149933274
186,frequency_action_relative_Video.Play_InWeek3,0.0020289284699694324,0.0020786978400739453,0.0
187,frequency_action_relative_Video.Pause_InWeek3,0.0017795887244945654,0.0022170052660822484,0.0
188,frequency_action_relative_Video.Load_InWeek3,0.0019577363563550113,0.0028654928169104853,0.0
189,number_submissions_distinct_InWeek3,0.0026973066780512094,0.004097015197657832,0.0
190,number_submissions_InWeek3,0.0015267905031977245,0.0026176713817108533,0.0
191,number_submissions_distinct_correct_InWeek3,0.0022119425166463574,8.821075042871924e-05,0.0
192,number_submissions_avg_InWeek3,0.0016803847813303629,0.00040373939659924267,0.0
193,obs_duration_problem_InWeek3,0.0022340753237507123,0.00429646477791181,0.0
194,number_submissions_perc_correct_InWeek3,0.0027221509438132984,0.0002612561622459778,0.0
195,time_solve_problem_InWeek3,0.0018244138583220907,0.0033851789642183783,0.0
196,obs_duration_problem_var_InWeek3,0.0019179200113780667,0.0028989494161719186,0.021444513701344238
197,obs_duration_problem_amax_InWeek3,0.002148177397318654,0.0033094673432406303,0.0
198,time_sessions_length_InWeek3,0.002179385535275539,0.00294261635592652,0.0
199,number_submissions_correct_InWeek3,0.002219246950482007,9.939180109790837e-05,0.0
200,total_clicks_InWeek4,0.001862924898308487,0.002551676231535891,0.0
201,number_sessions_InWeek4,0.0023810801356069977,0.003043445072956848,0.0
202,time_in__video_sum_InWeek4,0.0019292617932219899,7.671479139960547e-05,0.0
203,time_in__problem_sum_InWeek4,0.0021198032852488558,0.00013093461129475595,0.0
204,video.pause-video.speedchange-video.play_InWeek4,0.00188443774787303,0.001404881274626131,0.021227858234338478
205,video.play-video.pause-video.load_InWeek4,0.0013853504203462693,0.0001645945576511401,0.00020207314067861694
206,video.play-video.pause-video.load_InWeek4,0.0013853504203462693,0.0001645945576511401,0.021428821502935503
207,video.play-video.play-video.play_InWeek4,0.0019099388265961354,0.00037297719791226403,0.0005053235309735279
208,video.play-problem.check-problem.check_InWeek4,0.0017508726422828184,0.0005447123279289406,0.0
209,problem.check-problem.check-video.load_InWeek4,0.0020166489562351213,7.857957314188547e-05,0.0
210,problem.check-problem.check-problem.check_InWeek4,0.0016493693201164493,0.003131127700754858,0.0
211,regularity_peak_dayhour_InWeek4,0.0017616482029286801,0.0034243643305413725,0.0
212,regularity_periodicity_m1_InWeek4,0.002109334240575612,0.0040255888440058575,0.0
213,delay_lecture_InWeek4,0.0019774695968201887,0.0036942079890095836,0.0
214,time_sessions_sum_InWeek4,0.0023777291205721003,0.0002281800442362669,0.0
215,time_sessions_mean_InWeek4,0.0027333409351784983,0.00015191515524516503,0.0
216,time_between_sessions_std_InWeek4,0.0023786127317855727,0.00010600198636288876,0.0
217,time_sessions_std_InWeek4,0.0018116209713072112,0.0032962469768508364,0.0
218,total_clicks_weekday_InWeek4,0.0018649220746064974,0.003498199839582667,0.0
219,total_clicks_weekend_InWeek4,0.002038308536898672,0.0020155863372948403,0.0
220,ratio_clicks_weekend_day_InWeek4,0.0018968361592136063,0.0018657917016070913,0.0
221,total_clicks_video_InWeek4,0.002082561572126969,0.0016737177215758417,0.0
222,total_clicks_problem_InWeek4,0.002231047580375652,0.0024813155618815703,0.0
223,attendance_rate_InWeek4,0.001989112182056681,0.001363468576697718,0.0
224,utilization_rate_InWeek4,0.001916854015196508,0.0018128439426219473,0.0
225,watching_ratio_InWeek4,0.0016147500311221674,0.004146830710050969,0.0
226,total_clicks_Video.Load_InWeek4,0.002236443291543348,0.0037778967238894763,0.0
227,weekly_prop_watched_mean_InWeek4,0.0022970801292915223,0.001363468576697718,0.0
228,weekly_prop_replayed_mean_InWeek4,0.0019381539306378406,0.0005040267935033518,0.0
229,weekly_prop_interrupted_mean_InWeek4,0.0017753755835505942,0.0003179023005530723,0.0
230,total_clicks_Video_InWeek4,0.0020695061764631206,0.0016737177215758417,0.0
231,frequency_action_Video_InWeek4,0.0023971643856583224,0.0019532753854813152,0.0
232,frequency_action_Video.Load_InWeek4,0.002737785717585664,7.694187702662534e-05,0.0
233,frequency_action_Video.Play_InWeek4,0.0019672220676902664,0.0001377624291231797,0.0
234,frequency_action_Video.Pause_InWeek4,0.001643982551850877,0.0033997774810703824,0.0
235,pause_duration_mean_InWeek4,0.002393338900919762,0.0016025821470751263,0.0
236,pause_duration_std_InWeek4,0.0023071856936834586,0.005209638828178979,0.0
237,time_speeding_up_mean_InWeek4,0.001588745202364366,0.0015233088301248902,0.0
238,time_speeding_up_std_InWeek4,0.0021718078766502506,0.0005258171383657935,0.0
239,fraction_spent_ratio_duration_Video.Play_InWeek4,0.0015426854410482208,7.38116310947603e-05,0.0
240,fraction_spent_ratio_played_Video.Pause_InWeek4,0.002515715415379331,0.004100209010713723,0.0
241,fraction_spent_completed_Video.Play_InWeek4,0.0018631498613318248,0.0004465154789758854,0.0
242,fraction_spent_spent_Video.Play_InWeek4,0.002106183081154227,0.005234575466978946,0.0
243,frequency_action_total_Video.Pause_InWeek4,0.0019195485297477813,0.0016578761347988355,0.0
244,speed_playback__mean_InWeek4,0.002229803644693007,0.0031694691615821126,0.0
245,speed_playback__std_InWeek4,0.0019011017088691373,0.003073359944860628,0.0
246,count_unique_elements_video_InWeek4,0.002183075039822952,0.0037750891840503155,0.0
247,competency_anticipation_InWeek4,0.002796535114699251,0.0016752294725884053,0.0002065818449563662
248,competency_anticipation_InWeek4,0.002796535114699251,0.0016752294725884053,0.021425190372575356
249,content_alignment_InWeek4,0.002094496604378034,0.001363468576697718,0.0
250,content_anticipation_InWeek4,0.0022213639339925427,0.0008462435856079208,0.0
251,student_speed_InWeek4,0.0019827581109501348,0.003920221566741286,0.0
252,watching_index_InWeek4,0.0018746264432528313,0.000536581003914374,0.0
253,fraction_spent_entirety_Video.Play_InWeek4,0.0013899420711837244,0.00019392220563468378,0.02125985409897071
254,frequency_action_relative_Video.Play_InWeek4,0.001694080891621435,0.0030230284286792554,0.0
255,frequency_action_relative_Video.Pause_InWeek4,0.0015068026793588812,0.0033651325987019433,0.0
256,frequency_action_relative_Video.Load_InWeek4,0.002048379197099628,0.0022166821269982862,0.0
257,number_submissions_distinct_InWeek4,0.002187524751454565,0.004048632037524212,0.0
258,number_submissions_InWeek4,0.0021901452686808654,0.003483212001946455,0.0
259,number_submissions_distinct_correct_InWeek4,0.0019339495681207069,0.0038888773453866917,0.0
260,number_submissions_avg_InWeek4,0.0016901396817421137,0.0004210194361654731,0.0
261,obs_duration_problem_InWeek4,0.0016840350965885978,0.0009503980172052453,0.0
262,number_submissions_perc_correct_InWeek4,0.002619527797111064,0.00016234765834099722,0.0
263,time_solve_problem_InWeek4,0.0022357884532899705,0.002967590112295043,0.0
264,obs_duration_problem_var_InWeek4,0.0018904429718574688,0.0024673749336680674,0.0
265,obs_duration_problem_amax_InWeek4,0.002239926993276335,0.0029531188205799692,0.0
266,time_sessions_length_InWeek4,0.0014021879019192798,0.003043445072956848,0.0
267,number_submissions_correct_InWeek4,0.0028427178349062403,0.0038888773453866917,0.0
268,total_clicks_InWeek5,0.0020301410348270584,0.002657703319123263,0.0
269,number_sessions_InWeek5,0.0021186850175215675,0.00018796747327869148,0.0
270,time_in__video_sum_InWeek5,0.0013986743016202135,0.00015280934041923616,0.0
271,time_in__problem_sum_InWeek5,0.0018728613480169542,0.00024457089061918636,0.0
272,video.pause-video.speedchange-video.play_InWeek5,0.0018985411259212878,0.0014137897310553462,0.02142790250881554
273,video.play-video.pause-video.load_InWeek5,0.0020788620079733628,0.00026447313737173957,0.0
274,video.play-video.play-video.play_InWeek5,0.002186038123466026,0.00043007905496516945,0.0
275,video.play-problem.check-problem.check_InWeek5,0.0019311487259808563,0.00010322073823612392,0.0
276,problem.check-problem.check-video.load_InWeek5,0.002116281054586625,0.00033373090811425504,0.0
277,problem.check-problem.check-problem.check_InWeek5,0.0015702016685065065,0.004515576912067015,0.0
278,regularity_peak_dayhour_InWeek5,0.0017167109725086099,0.00251161366386348,0.0
279,regularity_periodicity_m1_InWeek5,0.0023340947308651814,5.623995520271438e-05,0.0
280,delay_lecture_InWeek5,0.0025886973266914903,0.0030966598660729415,0.0
281,time_sessions_sum_InWeek5,0.0022489191055464646,0.00019668063914199562,0.0
282,time_sessions_mean_InWeek5,0.002260413037374369,0.000740387591449295,0.0
283,time_between_sessions_std_InWeek5,0.0023615162105395386,0.00015655859256962155,0.0
284,time_sessions_std_InWeek5,0.0013764357783519537,5.733302195457657e-05,0.0
285,total_clicks_weekday_InWeek5,0.0018080102262724692,0.0017846491913244896,0.0
286,total_clicks_weekend_InWeek5,0.001818908962722589,0.0023003058972513517,0.0
287,ratio_clicks_weekend_day_InWeek5,0.002626639344057062,0.001584004532647114,0.0
288,total_clicks_video_InWeek5,0.002695324163953463,0.0022071987833221195,0.0
289,total_clicks_problem_InWeek5,0.0021625107599183013,5.4636970798816854e-05,0.0
290,attendance_rate_InWeek5,0.002351654588641072,0.002983432839567741,0.0
291,utilization_rate_InWeek5,0.001536674051413909,0.0031071876628684923,0.0
292,watching_ratio_InWeek5,0.002086348446524458,5.054926837671702e-05,0.0
293,total_clicks_Video.Load_InWeek5,0.0022049603987901573,0.002382091804565032,0.0
294,weekly_prop_watched_mean_InWeek5,0.0020611268988368577,0.002983432839567741,0.0
295,weekly_prop_replayed_mean_InWeek5,0.0021540732577454507,0.0009194400270266065,0.0
296,weekly_prop_interrupted_mean_InWeek5,0.0018706613753513182,0.0020296414800689026,0.0
297,total_clicks_Video_InWeek5,0.0018520387070299104,5.622952531101586e-05,0.0
298,frequency_action_Video_InWeek5,0.0014524830149917351,0.000522008440537327,0.0
299,frequency_action_Video.Load_InWeek5,0.0016069123164658792,0.00014331626780824031,0.0
300,frequency_action_Video.Play_InWeek5,0.0016152428414401366,7.338182928757598e-05,0.0
301,frequency_action_Video.Pause_InWeek5,0.0021407790198206787,0.002164223294410758,0.0
302,pause_duration_mean_InWeek5,0.0018557420887335887,0.0001722850390994201,0.0
303,pause_duration_std_InWeek5,0.0017139423274632993,0.004568148030280075,0.0
304,time_speeding_up_mean_InWeek5,0.0018027407557163588,0.0031217697081182888,0.0
305,time_speeding_up_std_InWeek5,0.0024639615995246723,0.001190145274048696,0.0
306,fraction_spent_ratio_duration_Video.Play_InWeek5,0.001675540244661131,0.00010350618179753195,0.0
307,fraction_spent_ratio_played_Video.Pause_InWeek5,0.001967662073820277,0.006274324975876025,0.0
308,fraction_spent_completed_Video.Play_InWeek5,0.002067519603429493,0.0006025637508537727,0.0
309,fraction_spent_spent_Video.Play_InWeek5,0.0017685450300515182,0.00397296375560338,0.0
310,frequency_action_total_Video.Pause_InWeek5,0.0012565352321345378,0.0037943767265771356,0.0
311,speed_playback__mean_InWeek5,0.0023802904491820333,0.003308980210845713,0.0
312,speed_playback__std_InWeek5,0.002033315906924717,0.0018732623992256264,0.0
313,count_unique_elements_video_InWeek5,0.0021614569537922786,5.6231541523337894e-05,0.0
314,competency_anticipation_InWeek5,0.0028197960043432006,0.0018582369349548912,0.00046908896166138815
315,competency_anticipation_InWeek5,0.0028197960043432006,0.0018582369349548912,0.021053165792958656
316,content_alignment_InWeek5,0.0014796034350842435,0.002983432839567741,0.0
317,content_anticipation_InWeek5,0.0024246119626103583,0.0011630669190872182,0.0
318,student_speed_InWeek5,0.0015717090158812932,0.0024711836366483634,0.0
319,watching_index_InWeek5,0.0019368148908480924,0.0004426783268841719,0.0
320,fraction_spent_entirety_Video.Play_InWeek5,0.0024308293378187576,0.00010515247673352539,0.021425377849921223
321,frequency_action_relative_Video.Play_InWeek5,0.0023535405995219667,0.004428872565667087,0.0
322,frequency_action_relative_Video.Pause_InWeek5,0.002583443315867302,0.00225343155657081,0.0
323,frequency_action_relative_Video.Load_InWeek5,0.002395138823248449,0.0022200974860314103,0.0
324,number_submissions_distinct_InWeek5,0.0025058697966856324,0.00021337883843293895,0.0
325,number_submissions_InWeek5,0.0019868200727252163,5.8626981673504513e-05,0.0
326,number_submissions_distinct_correct_InWeek5,0.0020676052706790644,0.0035155090899487208,0.0
327,number_submissions_avg_InWeek5,0.0010297595390033037,0.0007078591175101938,0.0
328,obs_duration_problem_InWeek5,0.001975613842132172,0.003636133374186184,0.0
329,number_submissions_perc_correct_InWeek5,0.0020789611736060126,0.0002837816227675745,0.0
330,time_solve_problem_InWeek5,0.002374907158581263,0.0031829483797808544,0.0
331,obs_duration_problem_var_InWeek5,0.0017227219221381974,0.003781155358602152,0.0
332,obs_duration_problem_amax_InWeek5,0.0016577900780152203,0.003159685509453102,0.0
333,time_sessions_length_InWeek5,0.0018985131652684728,0.0014366270476089873,0.0
334,number_submissions_correct_InWeek5,0.002272978441137453,7.006958537591161e-05,0.0
335,total_clicks_InWeek6,0.001836780130677232,0.00521009268003687,0.0
336,number_sessions_InWeek6,0.001434027839373892,0.001194512677026454,0.0
337,time_in__video_sum_InWeek6,0.0016153576716807384,0.0004271954733601019,0.0
338,time_in__problem_sum_InWeek6,0.0024317710407751043,0.0002782124804742638,0.0
339,video.pause-video.speedchange-video.play_InWeek6,0.0019291419652819634,0.001403940156692579,0.021428715303828172
340,video.play-video.pause-video.load_InWeek6,0.0029471345979362896,0.0003111616573208141,0.00020838908164027658
341,video.play-video.pause-video.load_InWeek6,0.0029471345979362896,0.0003111616573208141,0.021102328097918746
342,video.play-video.play-video.play_InWeek6,0.0018394295092876655,0.0004370306924194508,0.00020877019155477388
343,video.play-video.play-video.play_InWeek6,0.0018394295092876655,0.0004370306924194508,0.02123325355655094
344,video.play-problem.check-problem.check_InWeek6,0.0019836055152990407,0.0005615023631702557,0.0005709836435419165
345,video.play-problem.check-problem.check_InWeek6,0.0019836055152990407,0.0005615023631702557,0.021433045601926683
346,problem.check-problem.check-video.load_InWeek6,0.0018245186039778612,0.006266692982879728,0.00020572074617371166
347,problem.check-problem.check-problem.check_InWeek6,0.0020843486843892802,0.004250262483650222,0.0
348,regularity_peak_dayhour_InWeek6,0.0020442042409762012,0.0001835156608798669,0.0
349,regularity_periodicity_m1_InWeek6,0.00195860697033815,0.00011086095147736988,0.0
350,delay_lecture_InWeek6,0.00230296452937371,0.003101637810021317,0.0
351,time_sessions_sum_InWeek6,0.002388016613017401,0.0005310666308890784,0.0
352,time_sessions_mean_InWeek6,0.002150765945293798,0.0015715496410826377,0.0
353,time_between_sessions_std_InWeek6,0.0022616878572056,0.0001913058817094733,0.0
354,time_sessions_std_InWeek6,0.0018286563918442616,0.00028523691000816834,0.0
355,total_clicks_weekday_InWeek6,0.001957985136951118,0.0033753499386830793,0.0
356,total_clicks_weekend_InWeek6,0.002061277911902702,5.297456259327133e-05,0.0
357,ratio_clicks_weekend_day_InWeek6,0.0021509430565120674,0.0019764689844546613,0.0
358,total_clicks_video_InWeek6,0.0018937187860400204,5.622999050866299e-05,0.0
359,total_clicks_problem_InWeek6,0.002572970420180973,0.0001675840437152721,0.0
360,attendance_rate_InWeek6,0.001749526404236277,0.0028511065001981073,0.0
361,utilization_rate_InWeek6,0.0021368846383210856,0.0049502065106885864,0.0
362,watching_ratio_InWeek6,0.0019075728873567867,0.0005544392253936575,0.0
363,total_clicks_Video.Load_InWeek6,0.0016012397328673072,0.0010282516146347545,0.0
364,weekly_prop_watched_mean_InWeek6,0.002206100746118035,0.0028511065001981073,0.0
365,weekly_prop_replayed_mean_InWeek6,0.0014333748151062677,0.0013506695473063668,0.0
366,weekly_prop_interrupted_mean_InWeek6,0.002184387113985749,0.0015031298388827803,0.0
367,total_clicks_Video_InWeek6,0.0020494427063105784,0.00013172371234230053,0.0
368,frequency_action_Video_InWeek6,0.0015259835450190426,0.006299737740750529,0.0
369,frequency_action_Video.Load_InWeek6,0.002165573269486536,0.00031797808416890813,0.0
370,frequency_action_Video.Play_InWeek6,0.0019254449484823301,0.00013492697471471308,0.0
371,frequency_action_Video.Pause_InWeek6,0.0019368628833151846,0.0033476365135212505,0.0
372,pause_duration_mean_InWeek6,0.0021585122206448414,0.00021089717840458346,0.0
373,pause_duration_std_InWeek6,0.0021717450568908233,0.00016028350322479676,0.0
374,time_speeding_up_mean_InWeek6,0.0022828160957000195,0.003102171560150044,0.0
375,time_speeding_up_std_InWeek6,0.0019901715307382157,0.001564345830663692,0.0
376,fraction_spent_ratio_duration_Video.Play_InWeek6,0.001876315870193415,0.0004181812280683829,0.0
377,fraction_spent_ratio_played_Video.Pause_InWeek6,0.0021310655333212814,0.00299019816450913,0.0
378,fraction_spent_completed_Video.Play_InWeek6,0.0013626881624798322,0.0009613113679265318,0.0
379,fraction_spent_spent_Video.Play_InWeek6,0.0017184710783540958,0.002128001906452211,0.0
380,frequency_action_total_Video.Pause_InWeek6,0.002099676404463548,0.0026115767828566237,0.0
381,speed_playback__mean_InWeek6,0.0018994866951424917,0.003001187159386278,0.0
382,speed_playback__std_InWeek6,0.001692077907158408,0.003980468305834929,0.0
383,count_unique_elements_video_InWeek6,0.001361638992182766,0.00024104529941154483,0.0
384,competency_anticipation_InWeek6,0.003019762902207931,0.001578870394827399,0.00837581322514752
385,competency_anticipation_InWeek6,0.003019762902207931,0.001578870394827399,0.01966058843726089
386,content_alignment_InWeek6,0.0015404795420852538,0.0028511065001981073,0.0
387,content_anticipation_InWeek6,0.001991937484321544,0.0015920632162918366,0.0
388,student_speed_InWeek6,0.0014838171813812437,0.0019216007660312453,0.0
389,watching_index_InWeek6,0.0015896803163354199,0.0005022164998338461,0.0
390,fraction_spent_entirety_Video.Play_InWeek6,0.0009782001578333497,0.00023156947742197084,0.00020558848325198445
391,frequency_action_relative_Video.Play_InWeek6,0.0019127972867851652,0.0026086307332227805,0.0
392,frequency_action_relative_Video.Pause_InWeek6,0.0017260949054186253,0.003403619972409586,0.0
393,frequency_action_relative_Video.Load_InWeek6,0.001972354149700971,0.0023577493462312903,0.0
394,number_submissions_distinct_InWeek6,0.0020622895027431042,0.001372690637910648,0.0
395,number_submissions_InWeek6,0.0016324292407536086,0.0002549558244735386,0.0
396,number_submissions_distinct_correct_InWeek6,0.0021610223370031505,0.004001153294139681,0.0
397,number_submissions_avg_InWeek6,0.002133364747052517,0.0009014710827477035,0.0
398,obs_duration_problem_InWeek6,0.0021212848008445567,0.001972777817428814,0.0
399,number_submissions_perc_correct_InWeek6,0.0022832932913311103,0.00028458646481374373,0.0
400,time_solve_problem_InWeek6,0.0017501327658013554,0.00013022743007084497,0.0
401,obs_duration_problem_var_InWeek6,0.0011328855177121682,0.003032843691456903,0.0
402,obs_duration_problem_amax_InWeek6,0.002180408373948992,0.003235161847817345,0.0
403,time_sessions_length_InWeek6,0.0017401272420195938,0.00042480033033176457,0.0
404,number_submissions_correct_InWeek6,0.0021693071179033,5.6880564085141563e-05,0.0
405,total_clicks_InWeek7,0.0019370031461060932,0.0018793532081386158,0.0
406,number_sessions_InWeek7,0.0015715087087293802,0.0016304518775870764,0.0
407,time_in__video_sum_InWeek7,0.0016078472683055754,0.0012302085954729541,0.0
408,time_in__problem_sum_InWeek7,0.0022394641564757616,0.0005086321199191402,0.0
409,video.pause-video.speedchange-video.play_InWeek7,6.780525739661795e-05,0.001512809011099182,0.0005437571981829357
410,video.pause-video.speedchange-video.play_InWeek7,6.780525739661795e-05,0.001512809011099182,0.020992969255840477
411,video.play-video.pause-video.load_InWeek7,3.8497063265113696e-05,0.0003527722857987995,0.021438764070446356
412,video.play-video.play-video.play_InWeek7,0.0037688133864156475,0.006326197194949963,0.000201699793310944
413,video.play-video.play-video.play_InWeek7,0.0037688133864156475,0.006326197194949963,0.021425377849921223
414,video.play-problem.check-problem.check_InWeek7,0.0037498560444082156,0.0016846854897102695,0.0018417431905892883
415,video.play-problem.check-problem.check_InWeek7,0.0037498560444082156,0.0016846854897102695,0.021018399768310225
416,problem.check-problem.check-video.load_InWeek7,0.0025091685807895497,5.9737659411112046e-05,0.00020440552077841912
417,problem.check-problem.check-problem.check_InWeek7,0.0027781941547007404,0.003754771043953596,0.0
418,regularity_peak_dayhour_InWeek7,0.002325425164463045,0.0002481021697664591,0.0
419,regularity_periodicity_m1_InWeek7,0.0017859902661725923,0.00015516875108250616,0.0
420,delay_lecture_InWeek7,0.0015598103942006088,0.0031792340787910917,0.0
421,time_sessions_sum_InWeek7,0.0020722587325809555,0.0016079291046023605,0.0
422,time_sessions_mean_InWeek7,0.0025216271776083315,0.0019053756987331945,0.0
423,time_between_sessions_std_InWeek7,0.0022493127849273135,0.0001902897466683597,0.0
424,time_sessions_std_InWeek7,0.001268748201356472,0.0011454794978782963,0.0
425,total_clicks_weekday_InWeek7,0.0018215056155762438,0.0013827235258538212,0.0
426,total_clicks_weekend_InWeek7,0.001368496082538145,7.936952385003839e-05,0.0
427,ratio_clicks_weekend_day_InWeek7,0.003136690832261281,0.0017740506077128207,0.0
428,total_clicks_video_InWeek7,0.0017156576891262875,0.0003572632571281441,0.0
429,total_clicks_problem_InWeek7,0.0023119326729116735,0.00026477019668095803,0.0
430,attendance_rate_InWeek7,0.001847836964164604,0.0020784951485698657,0.0
431,utilization_rate_InWeek7,0.0017148544913245336,0.00608905032692502,0.0
432,watching_ratio_InWeek7,0.0020605577024849584,0.0011355011619856243,0.0
433,total_clicks_Video.Load_InWeek7,0.0014663372112165127,0.0028462727829082534,0.0
434,weekly_prop_watched_mean_InWeek7,0.0016719174397859633,0.0020784951485698657,0.0
435,weekly_prop_replayed_mean_InWeek7,0.0017917775036555036,0.0014945813207029885,0.0
436,weekly_prop_interrupted_mean_InWeek7,0.0018261229870120037,0.0030538794695178545,0.0
437,total_clicks_Video_InWeek7,0.0021425135250407916,0.0011690697486475279,0.0
438,frequency_action_Video_InWeek7,0.002555615602462397,0.0005480385114166142,0.0
439,frequency_action_Video.Load_InWeek7,0.0018310535395564145,0.00046069118926383366,0.0
440,frequency_action_Video.Play_InWeek7,0.0017930081658408857,6.16015007921227e-05,0.0
441,frequency_action_Video.Pause_InWeek7,0.0017488301459882252,0.0035995125833870665,0.0
442,pause_duration_mean_InWeek7,0.001745912616660713,0.0005462674345035764,0.0
443,pause_duration_std_InWeek7,0.0018523677588267687,0.00027423503893570574,0.0
444,time_speeding_up_mean_InWeek7,0.0021274925851862162,0.001987899123034839,0.0
445,time_speeding_up_std_InWeek7,0.0020622701834454578,0.0017333133993959811,0.0
446,fraction_spent_ratio_duration_Video.Play_InWeek7,0.0018855638081883186,0.0008917256574558255,0.0
447,fraction_spent_ratio_played_Video.Pause_InWeek7,0.0020334581535541418,0.003038774964529498,0.0
448,fraction_spent_completed_Video.Play_InWeek7,0.0015328611113791426,0.0011879540823178274,0.0
449,fraction_spent_spent_Video.Play_InWeek7,0.002104025532048628,0.005387344929317606,0.0
450,frequency_action_total_Video.Pause_InWeek7,0.0017753901897024076,5.623341984942531e-05,0.0
451,speed_playback__mean_InWeek7,0.0024720011002581583,5.450645033822658e-05,0.0
452,speed_playback__std_InWeek7,0.0021071606828635555,6.625819348298015e-05,0.0
453,count_unique_elements_video_InWeek7,0.0018919769379008074,0.000686450914344895,0.0
454,competency_anticipation_InWeek7,0.0,0.0019376314861643774,0.0020191273800342904
455,content_alignment_InWeek7,0.00213724154620194,0.0020784951485698657,0.0
456,content_anticipation_InWeek7,0.0,0.0017325910213259665,0.002148321146660169
457,student_speed_InWeek7,0.0012599518947419483,5.4624911479215615e-05,0.0
458,watching_index_InWeek7,0.0016652696985337476,0.0008760412722717389,0.0
459,fraction_spent_entirety_Video.Play_InWeek7,0.0019157890686339843,0.0005403615595771679,0.00042828863970755996
460,frequency_action_relative_Video.Play_InWeek7,0.0021622467999840344,0.0017051368839320058,0.0
461,frequency_action_relative_Video.Pause_InWeek7,0.0021787836984060996,0.0030811058735645373,0.0
462,frequency_action_relative_Video.Load_InWeek7,0.0020427795172010582,0.0023261354897998222,0.0
463,number_submissions_distinct_InWeek7,0.0025140747765097777,0.0017598113812256327,0.0021047742319584683
464,number_submissions_distinct_InWeek7,0.0025140747765097777,0.0017598113812256327,0.02070791273583983
465,number_submissions_InWeek7,0.001992519640986739,0.0014889868491932306,0.0
466,number_submissions_distinct_correct_InWeek7,0.0018440183944786299,0.0020125908159918985,0.0
467,number_submissions_avg_InWeek7,0.0017211026776952807,0.0007383932989363686,0.0
468,obs_duration_problem_InWeek7,0.002234125308240398,0.002289058768516704,0.0
469,number_submissions_perc_correct_InWeek7,0.0020690569451376436,0.0002748943448742644,0.0
470,time_solve_problem_InWeek7,0.002110687000472184,0.0004952364743765097,0.0
471,obs_duration_problem_var_InWeek7,0.002133859374796121,0.001694090665873224,0.0
472,obs_duration_problem_amax_InWeek7,0.001690264703947837,0.003037043628343501,0.0
473,time_sessions_length_InWeek7,0.0024879574193599125,0.003481933203595699,0.0
474,number_submissions_correct_InWeek7,0.002293779490868842,0.0001288609393023133,0.0
475,total_clicks_InWeek8,0.0017240256812615542,0.0003062754581315616,0.0
476,number_sessions_InWeek8,0.0014607304908047373,0.0017538492426548275,0.0
477,time_in__video_sum_InWeek8,0.0017835274761299244,0.0014254379575862064,0.0
478,time_in__problem_sum_InWeek8,0.0019432283220138246,0.001125451834972142,0.0
479,video.pause-video.speedchange-video.play_InWeek8,7.250596938456918e-05,0.0015924275805319116,0.021431854732922976
480,video.play-video.pause-video.load_InWeek8,0.0018719554468535759,0.0009652028440790443,0.0
481,video.play-video.play-video.play_InWeek8,0.0024051022101749826,0.006378728939181957,0.0
482,video.play-problem.check-problem.check_InWeek8,0.002119422286871793,0.001865308100226341,0.0014939591039254696
483,video.play-problem.check-problem.check_InWeek8,0.002119422286871793,0.001865308100226341,0.021246454528909053
484,problem.check-problem.check-video.load_InWeek8,0.0017036353513840263,0.00010666682862741149,0.0002084579989967956
485,problem.check-problem.check-problem.check_InWeek8,0.0020713899156018494,0.00016573328192309042,0.0
486,regularity_peak_dayhour_InWeek8,0.0021635024173675987,0.0005779255907740714,0.0
487,regularity_periodicity_m1_InWeek8,0.0017204040085231638,0.0008548476266639849,0.0
488,delay_lecture_InWeek8,0.0,0.00013050139028702488,0.0025540260911882506
489,time_sessions_sum_InWeek8,0.002408338033764943,0.0017427250351158827,0.0
490,time_sessions_mean_InWeek8,0.0023572159993881223,0.0017301115402532348,0.0
491,time_between_sessions_std_InWeek8,0.0,0.00019026489983820102,0.0045568708580643255
492,time_sessions_std_InWeek8,0.0,0.00146345900184013,0.014489178912161803
493,total_clicks_weekday_InWeek8,0.0023793241362074246,5.5163567607490794e-05,0.0
494,total_clicks_weekend_InWeek8,0.0018366048992956652,0.000280890002746206,0.00038166300225772826
495,ratio_clicks_weekend_day_InWeek8,0.0016037333749456502,0.001341776132305845,0.0025925089352554433
496,total_clicks_video_InWeek8,0.002074694656554923,0.0013963413032977926,0.0
497,total_clicks_problem_InWeek8,0.002072614099585127,0.0004760259041670339,0.0
498,attendance_rate_InWeek8,0.0,0.0,0.019238228203303894
499,utilization_rate_InWeek8,0.0,0.00016765146389100433,0.016127503698204274
500,watching_ratio_InWeek8,0.0,0.0013231392504568387,0.019066322745019952
501,total_clicks_Video.Load_InWeek8,0.0017304357301995068,5.4754845430962384e-05,0.0
502,weekly_prop_watched_mean_InWeek8,0.0,0.00021365950716403358,0.003136711440770125
503,weekly_prop_replayed_mean_InWeek8,0.0,0.00127372814312837,0.01929479542036485
504,weekly_prop_interrupted_mean_InWeek8,0.0,0.0,0.0018310516190735166
505,total_clicks_Video_InWeek8,0.0021266726190403047,0.0016104380375391789,0.0
506,frequency_action_Video_InWeek8,0.0019951837001300357,0.0036364489298094716,0.0
507,frequency_action_Video.Load_InWeek8,0.002060084713808205,0.0006792288608470648,0.0
508,frequency_action_Video.Play_InWeek8,0.002410783940471563,5.0550229108913165e-05,0.0
509,frequency_action_Video.Pause_InWeek8,0.002032948079653762,0.004174919841321749,0.0
510,pause_duration_mean_InWeek8,0.0017906167793492545,0.001517672664839783,0.0
511,pause_duration_std_InWeek8,0.0021408493100184014,0.0003966585602306768,0.0
512,time_speeding_up_mean_InWeek8,0.0014588079585449493,0.00016178396852282396,0.0
513,time_speeding_up_std_InWeek8,0.0016910624497121429,0.0018554705868313026,0.0
514,fraction_spent_ratio_duration_Video.Play_InWeek8,0.0,0.001331428725031778,0.003000360037607886
515,fraction_spent_ratio_played_Video.Pause_InWeek8,0.0023043273163351856,0.005554610308057687,0.0
516,fraction_spent_completed_Video.Play_InWeek8,0.0,0.001460134366775936,0.018424063009052007
517,fraction_spent_spent_Video.Play_InWeek8,0.0,0.0,0.009728477102297324
518,frequency_action_total_Video.Pause_InWeek8,0.0015485760722773931,0.00028809421796831996,0.0
519,speed_playback__mean_InWeek8,0.002146333867247722,0.0003287131083479938,0.0
520,speed_playback__std_InWeek8,0.0015141902246676275,0.0010672619899100833,0.0
521,count_unique_elements_video_InWeek8,0.00186694586811568,0.001412113694342156,0.0
522,competency_anticipation_InWeek8,0.0,0.0017756290117454817,0.0037097016637855557
523,content_alignment_InWeek8,0.0,0.0,0.004374903352950657
524,content_anticipation_InWeek8,0.0,0.00161403353693755,0.0012253741738719349
525,student_speed_InWeek8,0.001829746236576147,9.739916948694915e-05,0.0
526,watching_index_InWeek8,0.0,0.0011881820667955921,0.018757286251458394
527,fraction_spent_entirety_Video.Play_InWeek8,0.0,0.0009386328839514445,0.018373170319381116
528,frequency_action_relative_Video.Play_InWeek8,0.002103166788049666,0.00331057929209607,0.0
529,frequency_action_relative_Video.Pause_InWeek8,0.002351404735105678,0.004181993023540975,0.0
530,frequency_action_relative_Video.Load_InWeek8,0.0017361229388148638,0.00025212599276033923,0.0
531,number_submissions_distinct_InWeek8,0.00262974164467337,0.0015676533333075068,0.008012998255013733
532,number_submissions_distinct_InWeek8,0.00262974164467337,0.0015676533333075068,0.015262708826457997
533,number_submissions_InWeek8,0.002631097534410283,0.0016943439071359122,0.0
534,number_submissions_distinct_correct_InWeek8,0.0,0.0,0.004461358650393046
535,number_submissions_avg_InWeek8,0.0,0.0014145002986174005,0.019488829640687766
536,obs_duration_problem_InWeek8,0.0,0.0,0.002892113712681061
537,number_submissions_perc_correct_InWeek8,0.0,0.00034211284055406314,0.002037413287910909
538,time_solve_problem_InWeek8,0.002183782041210732,0.0013191758369520115,0.0
539,obs_duration_problem_var_InWeek8,0.001689468857073168,0.004576384622574359,0.0
540,obs_duration_problem_amax_InWeek8,0.0020486613279007025,0.00305910844362942,0.0
541,time_sessions_length_InWeek8,0.002624458382551147,0.0022342951301929843,0.0003914865706566531
542,time_sessions_length_InWeek8,0.002624458382551147,0.0022342951301929843,0.021435520874058457
543,number_submissions_correct_InWeek8,0.0,0.00016508106581568033,0.01888962706505808
