,feature,importance,pn,perc_importance
0,CompetencyCoverage,-2.456660951055204e-10,-1.0,-1.0
1,StudentThoughtfulness,-1.663209606103516e-10,-1.0,-0.6770204107282779
2,SeekLength-std,-3.7729431473136696e-11,-1.0,-0.15358013264683862
3,WeeklyProp-replayed-mean,-3.499399111265468e-11,-1.0,-0.14244534272270576
4,TimeSessions-sum,-9.127169144178574e-12,-1.0,-0.03715274238497666
5,Time-video-sum,-6.285607322588294e-12,-1.0,-0.025585978072751356
6,video.pause-video.speedchange-video.play,5.883860963850174e-12,1.0,7.287591368540745e-10
7,Time-problem-sum,7.035690547668231e-12,1.0,8.714216400069294e-10
8,problem.check-problem.check-problem.check,1.1875661425931141e-11,1.0,1.4708873686011836e-09
9,FractionSpent-video.seek-time-forward,1.8597919270736667e-11,1.0,2.3034880800709783e-09
10,TimeSessions-std,2.0832023939211495e-11,1.0,2.5801982538569324e-09
11,problem.check-problem.check-video.load,2.1130551252057404e-11,1.0,2.6171730410202564e-09
12,FrequencyEvent-video.pause-relative,2.1423026740889426e-11,1.0,2.6533982655967264e-09
13,NumberSubmissions-distinct_correct,2.2456710403365184e-11,1.0,2.781427533839846e-09
14,FrequencyEvent-video.play-relative,3.512775582448385e-11,1.0,4.3508290171289315e-09
15,NumberSubmissions-distinct,7.645529488205874e-11,1.0,9.46954645062066e-09
16,video.stop-video.play-video.seek,1.0968756471372868e-10,1.0,1.3585605689107821e-08
17,video.stop-problem.check-video.load,1.9740315878589183e-10,1.0,2.4449822402828885e-08
18,FrequencyEvent-video.load-relative,8.859085829324411e-10,1.0,1.0972624577569843e-07
19,TimeSessions-length,1.1777257919517028e-09,1.0,1.458699375914348e-07
20,FractionSpent-video.pause,3.818649555471014e-09,1.0,4.729676263750876e-07
21,FrequencyEvent-video.seekbackward,5.016200177623709e-07,1.0,6.212930139226511e-05
22,FractionSpent-video.seek-time-backward,5.059336906851834e-07,1.0,6.266358127671747e-05
23,FrequencyEvent-video.pause,5.603267838344372e-07,1.0,6.940056297254852e-05
24,NumberSessions,1.7623369183814153e-06,1.0,0.0002182782936878407
25,ObsDurationProblem,1.939503943440941e-06,1.0,0.00024022172319010723
26,TimeSolveProblem,3.6953406003253076e-06,1.0,0.00045769491203488324
27,StudentWeeklyActiveness,4.09738212504033e-06,1.0,0.0005074906900675262
28,TimeSessions-mean,4.51952245020067e-06,1.0,0.0005597758512712404
29,FractionSpent-video.play,6.481382114152292e-06,1.0,0.0008027664936596786
30,WatchingIndex,1.379711488752507e-05,1.0,0.001708873407832841
31,SeekLength-mean,1.7890227850756044e-05,1.0,0.00221583533104228
32,ObsDurationProblem-max,2.186491556905965e-05,1.0,0.0027081294230767066
33,TotalClicks-video.load,4.07464014465223e-05,1.0,0.005046739297633977
34,CountUniqueElement-video,4.099322677032054e-05,1.0,0.005077310415991476
35,RegPeriodicity-m1,4.1034900592569744e-05,1.0,0.005082472023126372
36,ContentCoverage,4.156949638169485e-05,1.0,0.005148685614549121
37,FrequencyEvent-video.play-played,5.1939341417216634e-05,1.0,0.006433066629638959
38,FrequencyEvent-video.seelforward-total,5.3387201448816825e-05,1.0,0.006612394664988052
39,DelayLecture,5.600270331650198e-05,1.0,0.0069363436663742424
40,TotalClicks,7.361049958836235e-05,1.0,0.009117197784413545
41,FrequencyEvent-video.stop,8.904098576883344e-05,1.0,0.011028376151680822
42,ContentAlignment,9.259819435536397e-05,1.0,0.011468962405342661
43,TimeSpeedingUp-mean,0.00013030227390750386,1.0,0.016138887925186148
44,TotalClicks-weekend,0.0001429145279140995,1.0,0.0177010076625663
45,FrequencyEvent-video,0.0001560955495004888,1.0,0.01933357341712253
46,FractionSpent-video.play-completed,0.00016781295069545813,1.0,0.020784859100703854
47,video.play-problem.check-problem.check,0.00018115623636189287,1.0,0.022437522446219972
48,UtilizationRate,0.00020329822101793107,1.0,0.025179968898525612
49,WeeklyProp-interrupted-mean,0.00021546686851991824,1.0,0.026687144731658622
50,FractionSpent-video.play-played,0.00022894971828719193,1.0,0.028357094109983483
51,video.play-video.pause-video.load,0.0002979031288094048,1.0,0.03689747741340379
52,AttendanceRate,0.0004040774682598663,1.0,0.05004794450454631
53,PauseDuration-mean,0.000423553204985022,1.0,0.05246015668505545
54,RegPeakTime-m1,0.00044343524264635537,1.0,0.054922692202803707
55,CompetencyAnticipation,0.000498324065555473,1.0,0.061721073648583105
56,FrequencyEvent-video.play,0.0005018124837468732,1.0,0.06215313970958794
57,FrequencyEvent-video.seekbackward-total,0.0005835012759528521,1.0,0.0722708930121279
58,WeeklyProp-watched-mean,0.0005940820016499546,1.0,0.07358139313673731
59,TimeSpeedingUp-std,0.0006848208403723523,1.0,0.08482006077228334
60,StudentActiveness,0.0007080182876549545,1.0,0.08769323397653678
61,TimeBetweenSessions-std,0.0007437072308248569,1.0,0.09211357014347317
62,ObsDurationProblem-var,0.001043352695182623,1.0,0.12922684853486321
63,PauseDuration-std,0.0012260248025256868,1.0,0.1518521226690662
64,FrequencyEvent-video.pause-total,0.0013887497615373827,1.0,0.17200679685368173
65,TotalClicks-weekday,0.001650962352871835,1.0,0.20448374063382907
66,NumberSubmissions,0.0016818848832176093,1.0,0.20831372177420332
67,SpeedPlayback-std,0.0019567565964342675,1.0,0.24235859022029485
68,ContentAnticipation,0.0021871843245278733,1.0,0.27089874663535346
69,FrequencyEvent-video.seekforward-total,0.002497373402444887,1.0,0.3093179285421339
70,video.play-video.play-video.play,0.002652839965640876,1.0,0.3285735974133848
71,FrequencyEvent-video.seekforward,0.002701302867506105,1.0,0.3345760816239631
72,WatchingRatio,0.0030061608237585526,1.0,0.37233496519150616
73,video.play-video.stop-video.play,0.0033985347807112937,1.0,0.420933344376487
74,SpeedPlayback-mean,0.00354984103034841,1.0,0.4396737280401449
75,FrequencyEvent-video.load,0.0038277860896599996,1.0,0.47409925283776416
76,StudentSpeed,0.0042936468636151776,1.0,0.5317995108159185
77,NumberSubmissions-correct,0.004358023545370668,1.0,0.5397730328481184
78,NumberSubmissions-avg_time,0.005951824595374323,1.0,0.7371769288024753
79,NumberSubmissions-avg,0.006217390189926255,1.0,0.7700691665104792
80,RatioClicksWeekendDay,0.0072701168031161865,1.0,0.9004570432269935
81,NumberSubmissions-perc_correct,0.00807380747121713,1.0,1.0
