,feature,importance,pn,perc_importance
0,StudentSpeed,-0.0006742059506993938,-1.0,-1.0
1,video.play-problem.check-problem.check,-0.00047232580220573083,-1.0,-0.7005660536157524
2,StudentThoughtfulness,-0.00030043093540141016,-1.0,-0.4456070657486119
3,FrequencyEvent-video.stop,-0.00029264305089353546,-1.0,-0.43405587059853074
4,StudentActiveness,-0.0002624435382226947,-1.0,-0.3892631590546575
5,problem.check-problem.check-video.load,-0.00026132628115998867,-1.0,-0.3876060139915696
6,video.stop-video.play-video.seek,-0.0002473337948406499,-1.0,-0.3668519902324741
7,FrequencyEvent-video.seekbackward,-0.00020298532682518476,-1.0,-0.3010731759555312
8,CompetencyAnticipation,-0.00019899192202024345,-1.0,-0.2951500529086362
9,video.stop-problem.check-video.load,-0.00016915603034553257,-1.0,-0.2508966735906988
10,SpeedPlayback-std,-0.0001610233948829049,-1.0,-0.2388341347563987
11,TimeSolveProblem,-0.00012055439930865566,-1.0,-0.17880945604766235
12,TotalClicks-weekend,-0.00011044624540270999,-1.0,-0.16381677629534055
13,TimeSessions-mean,-0.000105790671337608,-1.0,-0.15691150638445875
14,DelayLecture,-9.564595361616222e-05,-1.0,-0.14186459421923375
15,problem.check-problem.check-problem.check,-9.276440955060687e-05,-1.0,-0.13759061226673666
16,video.play-video.stop-video.play,-9.235655290061565e-05,-1.0,-0.13698566855544472
17,ContentAnticipation,-9.171247797425876e-05,-1.0,-0.13603035968329852
18,FrequencyEvent-video.play-played,-8.63278297537439e-05,-1.0,-0.12804370780796423
19,FrequencyEvent-video.seekforward-total,-7.15064112313145e-05,-1.0,-0.10606019000149236
20,TimeSessions-sum,-6.317921290455722e-05,-1.0,-0.09370907040944638
21,RegPeakTime-m1,-5.780280791843676e-05,-1.0,-0.08573464511619111
22,WeeklyProp-interrupted-mean,-5.735027056929869e-05,-1.0,-0.08506342981666931
23,TotalClicks,-4.2353757573375545e-05,-1.0,-0.06282020728152797
24,PauseDuration-mean,-4.1002676571854366e-05,-1.0,-0.060816248402019976
25,FrequencyEvent-video.seekbackward-total,-3.6137765612776556e-05,-1.0,-0.05360048450371687
26,TimeBetweenSessions-std,-3.203182083084391e-05,-1.0,-0.04751043920276202
27,TimeSessions-std,-3.162899752822189e-05,-1.0,-0.0469129610846823
28,ContentAlignment,-2.7352069738547624e-05,-1.0,-0.04056930928920711
29,ContentCoverage,-2.6002117747944783e-05,-1.0,-0.03856702498839004
30,SeekLength-mean,-2.2173351104100105e-05,-1.0,-0.03288809759258039
31,video.pause-video.speedchange-video.play,-2.204630465494926e-05,-1.0,-0.03269965895744367
32,FrequencyEvent-video.seekforward,-1.661368486853099e-05,-1.0,-0.02464185439374516
33,AttendanceRate,-1.4267012437950495e-05,-1.0,-0.021161208119196334
34,ObsDurationProblem-var,-1.1241085837039799e-05,-1.0,-0.01667307419250565
35,PauseDuration-std,-2.0110377100983665e-06,-1.0,-0.0029828240287885295
36,WatchingIndex,-9.219703702362182e-07,-1.0,-0.0013674907041087427
37,RegPeriodicity-m1,-8.411675163200525e-07,-1.0,-0.0012476417857888373
38,WeeklyProp-watched-mean,-3.39244818457308e-07,-1.0,-0.0005031768380350088
39,FrequencyEvent-video.play-relative,1.8706791960772526e-06,1.0,0.0022314462396573215
40,TotalClicks-weekday,6.658724665245986e-06,1.0,0.007942883069600889
41,ObsDurationProblem,1.2149180565917387e-05,1.0,0.014492192646170103
42,FrequencyEvent-video.pause-total,1.3763458107954349e-05,1.0,0.01641778927358504
43,ObsDurationProblem-max,2.076617978790677e-05,1.0,0.02477101038860263
44,FrequencyEvent-video.pause-relative,2.154010617736559e-05,1.0,0.02569419119648826
45,FractionSpent-video.pause,3.019625682235956e-05,1.0,0.03601971085115887
46,TotalClicks-video.load,3.808220358727237e-05,1.0,0.04542649010631012
47,TimeSessions-length,4.029633970133059e-05,1.0,0.048067630135111006
48,UtilizationRate,4.1928319157903484e-05,1.0,0.05001434255336211
49,FrequencyEvent-video.pause,4.250594548416025e-05,1.0,0.050703366142417675
50,FrequencyEvent-video.seelforward-total,4.372624174433212e-05,1.0,0.05215900081603702
51,CountUniqueElement-video,4.53576790127899e-05,1.0,0.054105066483293524
52,NumberSubmissions-distinct,4.7803139498759545e-05,1.0,0.0570221426004014
53,FrequencyEvent-video.load-relative,5.0456133044408463e-05,1.0,0.06018677525558219
54,NumberSessions,5.210836565529846e-05,1.0,0.062157646719989836
55,NumberSubmissions-avg_time,5.3654973683810776e-05,1.0,0.06400252353087468
56,FractionSpent-video.play-played,5.5514668307916776e-05,1.0,0.06622086678533234
57,FrequencyEvent-video.play,5.881115121293114e-05,1.0,0.07015308797959915
58,RatioClicksWeekendDay,6.57751620493421e-05,1.0,0.07846013272913638
59,Time-video-sum,6.596178600782981e-05,1.0,0.0786827477725231
60,SpeedPlayback-mean,6.76593143147064e-05,1.0,0.08070765036674384
61,FractionSpent-video.seek-time-forward,7.046375345356804e-05,1.0,0.08405293542891984
62,Time-problem-sum,7.367510176611538e-05,1.0,0.08788360352598874
63,WeeklyProp-replayed-mean,8.084398029435468e-05,1.0,0.09643502542021025
64,SeekLength-std,9.7733106729586e-05,1.0,0.11658127911994812
65,FrequencyEvent-video,0.00012162256630634494,1.0,0.14507790475826673
66,TimeSpeedingUp-std,0.0001219912977168149,1.0,0.14551774731441539
67,NumberSubmissions-distinct_correct,0.00012883192992908644,1.0,0.15367761943944955
68,WatchingRatio,0.00013137685013823818,1.0,0.15671333643616814
69,FractionSpent-video.seek-time-backward,0.00013481307054302412,1.0,0.16081224399710767
70,FractionSpent-video.play,0.00013867231200426376,1.0,0.16541575370880557
71,StudentWeeklyActiveness,0.00014740494672855247,1.0,0.17583250766569847
72,NumberSubmissions,0.00018665603095012264,1.0,0.22265330113598547
73,video.play-video.play-video.play,0.00019203478070087753,1.0,0.2290693616398647
74,video.play-video.pause-video.load,0.00019477957156677542,1.0,0.23234349505044474
75,FractionSpent-video.play-completed,0.00020137641887064305,1.0,0.24021256749251677
76,NumberSubmissions-correct,0.00021701776554348544,1.0,0.2588704027266289
77,TimeSpeedingUp-mean,0.000273359761430598,1.0,0.32607815011630675
78,CompetencyCoverage,0.0002822679227136884,1.0,0.3367042815444514
79,NumberSubmissions-avg,0.00030052792338221653,1.0,0.35848578738113934
80,FrequencyEvent-video.load,0.0003464767912068208,1.0,0.4132960555119505
81,NumberSubmissions-perc_correct,0.0008383259084765264,1.0,1.0
