,feature,importance,pn,perc_importance
0,DelayLecture,-0.006794931040045586,-1.0,-1.0
1,NumberSubmissions-correct,-0.006043662538911927,-1.0,-0.889436920447596
2,NumberSubmissions-avg_time,-0.0054508404510411786,-1.0,-0.8021921663247092
3,WatchingRatio,-0.003576218809883184,-1.0,-0.5263068585695597
4,FractionSpent-video.seek-time-backward,-0.0025263923358529398,-1.0,-0.37180544158046236
5,UtilizationRate,-0.0023416706255625346,-1.0,-0.3446202193608759
6,WatchingIndex,-0.0022851545242438655,-1.0,-0.3363028279133992
7,WeeklyProp-watched-mean,-0.002007646119384544,-1.0,-0.29546232442280607
8,WeeklyProp-interrupted-mean,-0.0018198582080986103,-1.0,-0.26782585391571556
9,FractionSpent-video.play,-0.0016467989962543044,-1.0,-0.2423569844269172
10,NumberSubmissions-avg,-0.001453934123591639,-1.0,-0.21397334498657172
11,FractionSpent-video.play-played,-0.0012838429658690391,-1.0,-0.1889412796543151
12,AttendanceRate,-0.0006300468172844671,-1.0,-0.0927230627612433
13,ContentAlignment,-0.0005363067007599888,-1.0,-0.0789274677843369
14,ObsDurationProblem,-9.666064630752323e-05,-1.0,-0.014225405046476344
15,TimeSessions-length,0.0001540961420167965,1.0,0.01094993905064652
16,NumberSubmissions,0.000171041316673211,1.0,0.012154048558268547
17,video.play-video.stop-video.play,0.00024367261669359455,1.0,0.017315166143585723
18,NumberSubmissions-distinct,0.0005106987221055964,1.0,0.03628981106931154
19,video.stop-video.play-video.seek,0.0005818398539036287,1.0,0.04134503858498519
20,video.stop-problem.check-video.load,0.0009468741960151968,1.0,0.06728406434644024
21,FrequencyEvent-video.pause-relative,0.0012196807920719624,1.0,0.08666946595571819
22,CompetencyAnticipation,0.001433456905117408,1.0,0.10186021231506959
23,video.play-problem.check-problem.check,0.0015053669205284097,1.0,0.1069700760376519
24,TimeBetweenSessions-std,0.0018946320224788656,1.0,0.1346309187110304
25,FractionSpent-video.pause,0.002081756326425331,1.0,0.14792781048451234
26,TimeSessions-std,0.003479923909235619,1.0,0.2472803939690077
27,FrequencyEvent-video.load-relative,0.004538952484950148,1.0,0.32253405188150164
28,WeeklyProp-replayed-mean,0.0071485099188692515,1.0,0.5079669542020613
29,FractionSpent-video.play-completed,0.009962020006801995,1.0,0.7078925563490938
30,NumberSubmissions-distinct_correct,0.011404254944321375,1.0,0.8103765280816816
31,ContentAnticipation,0.01334369034491399,1.0,0.9481911362296295
32,NumberSubmissions-perc_correct,0.014072785364745767,1.0,1.0
