,feature,mean_score_shap,mean_score_cem,mean_score_lime
0,TotalClicks_InWeek1,0.0006661115629208112,9.72705649591164e-05,0.0
1,NumberSessions_InWeek1,0.0015405890662975729,2.8035150983790434e-05,0.0
2,Time-video-sum_InWeek1,0.0006621448551865032,0.0016706903550271653,0.0
3,Time-problem-sum_InWeek1,0.0013527855857688852,0.001689465445376256,0.0
4,video.pause-video.speedchange-video.play_InWeek1,0.0009304702044759875,0.0018715075407607301,0.0
5,video.play-video.pause-video.load_InWeek1,0.0006037938132536806,0.0001927741330270036,0.0
6,video.play-video.play-video.play_InWeek1,0.0006095370915928923,0.000631047221124218,0.0
7,video.play-video.stop-video.play_InWeek1,0.0016575331768589015,0.0003495713494275334,0.0
8,video.play-problem.check-problem.check_InWeek1,0.000749470389147653,3.7964038885006696e-05,0.0
9,video.stop-video.play-video.seek_InWeek1,0.0010994302247714944,9.436168401004939e-05,0.0
10,video.stop-problem.check-video.load_InWeek1,0.0013471327793224055,0.00012073873643865925,0.0
11,problem.check-problem.check-video.load_InWeek1,0.0012056007228391763,0.0010843153050547887,0.0
12,problem.check-problem.check-problem.check_InWeek1,0.0008250277784145995,0.0016115979109521282,0.0
13,RegPeakTime-m1_InWeek1,0.0009002403990619559,0.0001510308556800361,0.0
14,RegPeriodicity-m1_InWeek1,0.0012044660117975807,7.337560849455648e-05,0.0
15,DelayLecture_InWeek1,0.0012714921132321471,0.0015835035559272877,0.0
16,TimeSessions-sum_InWeek1,0.0013481958946808346,0.0016280816047470755,0.0
17,TimeSessions-mean_InWeek1,0.0012619920713628043,0.0015076243502138089,0.0
18,TimeBetweenSessions-std_InWeek1,0.0011063339354942714,0.00021160644437867278,0.0
19,TimeSessions-std_InWeek1,0.0011116949586914087,0.0016539288925616388,0.0
20,TotalClicks-weekday_InWeek1,0.0006307147459939644,0.0006568304441822285,0.0
21,TotalClicks-weekend_InWeek1,0.0013190686241111485,0.00012583886189417454,0.0
22,RatioClicksWeekendDay_InWeek1,0.00023080581352829838,0.0008308264283161378,0.0
23,AttendanceRate_InWeek1,0.001248078897605898,0.0004055708449599606,0.0
24,UtilizationRate_InWeek1,0.0012059481188072775,0.00013962093280019125,0.0
25,WatchingRatio_InWeek1,0.0002649714025025322,0.0005947290782361833,0.0
26,TotalClicks-video.load_InWeek1,0.00071437354628713,0.00012614208024968408,0.0
27,WeeklyProp-watched-mean_InWeek1,0.0012301971752667683,0.00038975405822364625,0.0
28,WeeklyProp-replayed-mean_InWeek1,0.0006637381166942558,0.0011320506539791641,0.0
29,WeeklyProp-interrupted-mean_InWeek1,0.000402719856252289,0.0003808030398117985,0.0
30,FrequencyEvent-video_InWeek1,0.001375369423369901,0.002988506438352975,0.0
31,FrequencyEvent-video.load_InWeek1,0.00033378228257230797,0.0008823514232043849,0.0
32,FrequencyEvent-video.play_InWeek1,0.0009006107309959812,0.00024955208793683316,0.0
33,FrequencyEvent-video.pause_InWeek1,0.0008042613515850494,0.0017285405567440317,0.0
34,FrequencyEvent-video.stop_InWeek1,0.0012508885411323637,7.29552478804999e-05,0.0
35,FrequencyEvent-video.seekbackward_InWeek1,0.0012944918578175208,0.0015554635494326372,0.0
36,FrequencyEvent-video.seekforward_InWeek1,0.0014438643913534416,0.00021674273676504434,0.0
37,SeekLength-mean_InWeek1,0.001320312762986537,3.8003723133526734e-05,0.0
38,SeekLength-std_InWeek1,0.0004784886498235855,0.0010536203471192508,0.0
39,PauseDuration-mean_InWeek1,0.0013371573454365156,0.0002499066599339003,0.0
40,PauseDuration-std_InWeek1,0.0009184930692555464,6.909208157303021e-05,0.0
41,TimeSpeedingUp-mean_InWeek1,0.00045615911645676343,4.442025878258297e-05,0.0
42,TimeSpeedingUp-std_InWeek1,0.000519372820331484,0.00034598478599389597,0.0
43,FractionSpent-video.play_InWeek1,0.0006402455884382778,7.478105227908896e-05,0.0
44,FractionSpent-video.play-completed_InWeek1,0.0007518126822510581,0.00024414905625434535,0.0
45,FractionSpent-video.play-played_InWeek1,0.0007730539591847101,0.00023464553647071886,0.0
46,FrequencyEvent-video.pause-total_InWeek1,0.0006782781783906059,0.0005029052709998621,0.0
47,FractionSpent-video.pause_InWeek1,0.0008713725109377339,2.5363864288463377e-05,0.0
48,SpeedPlayback-mean_InWeek1,0.0007350723744157052,0.000360781375484488,0.0
49,SpeedPlayback-std_InWeek1,0.00100057832565473,0.000345109137381379,0.0
50,FrequencyEvent-video.seekbackward-total_InWeek1,0.001330492342723393,0.00041035143724208226,0.0
51,FrequencyEvent-video.seekforward-total_InWeek1,0.0007205952818387534,0.0006917829063039565,0.0
52,CountUniqueElement-video_InWeek1,0.0012032649572161142,9.009846910296064e-05,0.0
53,CompetencyCoverage_InWeek1,0.0007992457549303032,0.0016576020869468139,0.0
54,CompetencyAnticipation_InWeek1,0.0011979633824069974,6.498725791398399e-05,0.0
55,ContentAlignment_InWeek1,0.0011793871731892495,7.324784665832967e-05,0.0
56,ContentCoverage_InWeek1,0.0010765384494232342,5.666249425139643e-05,0.0
57,ContentAnticipation_InWeek1,0.0015333315733818257,0.0002168276631036349,0.0
58,StudentSpeed_InWeek1,0.0007468096069520888,0.0005633894447721479,0.0
59,StudentActiveness_InWeek1,0.001387509855824913,0.00020849391508697505,0.0
60,StudentThoughtfulness_InWeek1,0.0014545772166029277,0.0016929583284394202,0.0
61,StudentWeeklyActiveness_InWeek1,0.0012338685110436164,2.803188823481709e-05,0.0
62,WatchingIndex_InWeek1,0.0012214260782247562,3.6790030400918076e-05,0.0
63,FrequencyEvent-video.play-played_InWeek1,0.0005092731858276672,0.00020653595105624972,0.0
64,FrequencyEvent-video.play-relative_InWeek1,0.0003300997151267396,0.0011827714549919627,0.0
65,FrequencyEvent-video.pause-relative_InWeek1,0.0013024591125583081,0.001460372964086616,0.0
66,FractionSpent-video.seek-time-backward_InWeek1,0.00115303875152731,2.6868512780160585e-05,0.0
67,FractionSpent-video.seek-time-forward_InWeek1,0.0005110443694304992,0.0018749396250875403,0.0
68,FrequencyEvent-video.seelforward-total_InWeek1,0.0008110453156535299,0.00014411125710704184,0.0
69,FrequencyEvent-video.load-relative_InWeek1,0.0008921032006190847,0.001927001377600098,0.0
70,NumberSubmissions-distinct_InWeek1,0.001014273122125464,0.0014698077654601428,0.0
71,NumberSubmissions_InWeek1,0.0006883630558640004,0.00028758563844168334,0.0
72,NumberSubmissions-distinct_correct_InWeek1,0.001137704694929846,0.001611411548291556,0.0
73,NumberSubmissions-avg_InWeek1,0.00013388940139843288,0.0004918791480123929,0.0
74,NumberSubmissions-avg_time_InWeek1,0.00024594520860242035,0.0007680224819666322,0.0
75,ObsDurationProblem_InWeek1,0.0005146226676063545,4.721754022154383e-05,0.0
76,NumberSubmissions-perc_correct_InWeek1,0.0012065645635537749,0.00032729620486552334,0.0
77,TimeSolveProblem_InWeek1,0.0013618011764647327,6.321883558208642e-05,0.0
78,ObsDurationProblem-var_InWeek1,0.0002935901679437297,0.0005984453357826986,0.0
79,ObsDurationProblem-max_InWeek1,0.0006356885512078824,0.00018232964476325741,0.0
80,TimeSessions-length_InWeek1,0.0010414884713351505,0.0017851427664083719,0.0
81,NumberSubmissions-correct_InWeek1,0.00036655981690597903,0.0005986254123075302,0.0
82,TotalClicks_InWeek2,0.000521328768581914,0.0001271760957729736,0.0
83,NumberSessions_InWeek2,0.0008090879766817202,0.001409948213906816,0.0
84,Time-video-sum_InWeek2,0.0005478280869693846,0.00194377571571829,0.0
85,Time-problem-sum_InWeek2,0.0012983596439148507,0.001626391450630235,0.0
86,video.pause-video.speedchange-video.play_InWeek2,0.0006011701777829187,0.00021705753203747933,0.0
87,video.play-video.pause-video.load_InWeek2,0.0006341991854517696,0.0003177330446352632,0.0
88,video.play-video.play-video.play_InWeek2,0.000440192540035117,0.0005067332672565207,0.0
89,video.play-video.stop-video.play_InWeek2,0.000313055927345732,0.00032572192658395004,0.0001508049822421042
90,video.play-problem.check-problem.check_InWeek2,0.0014237555842589707,4.793850514885095e-05,0.0
91,video.stop-video.play-video.seek_InWeek2,0.001412179296185724,0.00021728094886254578,0.0
92,video.stop-problem.check-video.load_InWeek2,0.0013945663769802416,0.00025247079861360897,0.0
93,problem.check-problem.check-video.load_InWeek2,0.001301152653348212,0.0015633252199430659,0.0
94,problem.check-problem.check-problem.check_InWeek2,0.0010319713619322058,0.0022466683432980855,0.0
95,RegPeakTime-m1_InWeek2,0.001047659047723759,0.00014695087244450007,0.0
96,RegPeriodicity-m1_InWeek2,0.0010536031241934294,5.188808166004451e-05,0.0
97,DelayLecture_InWeek2,0.0010403171994927663,0.001722241905181268,0.0
98,TimeSessions-sum_InWeek2,0.0014964163688330403,0.0013896942335575387,0.0
99,TimeSessions-mean_InWeek2,0.0013500280050354253,2.761435808045254e-05,0.0
100,TimeBetweenSessions-std_InWeek2,0.001304338051677634,0.000267993158726085,0.0
101,TimeSessions-std_InWeek2,0.0013044360467012845,0.0017287726281698247,0.0
102,TotalClicks-weekday_InWeek2,0.0006800207261683902,0.0006139565297709328,0.0
103,TotalClicks-weekend_InWeek2,0.0014706585413076698,0.00010288356555898529,0.0
104,RatioClicksWeekendDay_InWeek2,0.0003594764745845135,0.000811572530027167,0.0
105,AttendanceRate_InWeek2,0.0012125057749631917,0.00027333804422998597,0.0
106,UtilizationRate_InWeek2,0.0010027232641614797,9.873207609513878e-05,0.0
107,WatchingRatio_InWeek2,0.0001174735459299137,0.0006127522764519338,0.0
108,TotalClicks-video.load_InWeek2,0.001170579251004272,3.313272593080573e-05,0.0
109,WeeklyProp-watched-mean_InWeek2,0.0011389963107184798,0.0002810923270124356,0.0
110,WeeklyProp-replayed-mean_InWeek2,0.0006956327454249123,0.0014588606091979247,0.0
111,WeeklyProp-interrupted-mean_InWeek2,0.000819102851853677,0.00028580187001899275,0.0
112,FrequencyEvent-video_InWeek2,0.00035797628782448606,0.00304060747331959,0.0
113,FrequencyEvent-video.load_InWeek2,0.000241625026340943,0.0004897714086252199,0.0
114,FrequencyEvent-video.play_InWeek2,0.0008362217384736948,0.0001651517604316291,0.0
115,FrequencyEvent-video.pause_InWeek2,0.0007616300088606226,0.0016200669351416736,0.0
116,FrequencyEvent-video.stop_InWeek2,0.0012433457425987172,7.83765495254318e-05,0.0
117,FrequencyEvent-video.seekbackward_InWeek2,0.0012996437438777381,0.0017633352327789892,0.0
118,FrequencyEvent-video.seekforward_InWeek2,0.0014766356664456881,0.000185255777698809,0.0
119,SeekLength-mean_InWeek2,0.0009177399349666524,9.014068268959546e-05,0.0
120,SeekLength-std_InWeek2,0.0006162761711639817,0.001713053843371682,0.0
121,PauseDuration-mean_InWeek2,0.0016226219633359233,0.00019834770044765209,0.0
122,PauseDuration-std_InWeek2,0.0005524510471591759,0.00020484373862861968,0.0
123,TimeSpeedingUp-mean_InWeek2,0.0006406381678952318,0.00010785573862704983,0.0
124,TimeSpeedingUp-std_InWeek2,0.0006386659564735081,0.00038590164034385825,0.0
125,FractionSpent-video.play_InWeek2,0.0004836040175201646,0.0017780041301391498,0.0
126,FractionSpent-video.play-completed_InWeek2,0.000995250955562153,0.00016387210588631265,0.0
127,FractionSpent-video.play-played_InWeek2,0.0007880870087258788,0.00022830484178232402,0.0
128,FrequencyEvent-video.pause-total_InWeek2,0.00043577697641923705,0.0005749168996393166,0.0
129,FractionSpent-video.pause_InWeek2,0.0007887626133690273,0.0015962345523091001,0.0
130,SpeedPlayback-mean_InWeek2,0.0007310262649435599,0.00048617438184379977,0.0
131,SpeedPlayback-std_InWeek2,0.0010864382828528955,0.00030691120840047243,0.0
132,FrequencyEvent-video.seekbackward-total_InWeek2,0.0008940415951486795,0.0004835391936620656,0.0
133,FrequencyEvent-video.seekforward-total_InWeek2,0.0006500703316061688,0.0005877594685674565,0.0
134,CountUniqueElement-video_InWeek2,0.0010749833892290035,6.981280787832668e-05,0.0
135,CompetencyCoverage_InWeek2,0.0008036422990136924,0.001480980268440553,0.0
136,CompetencyAnticipation_InWeek2,0.001386262207346447,7.892491150777614e-05,0.0
137,ContentAlignment_InWeek2,0.0010969758892454226,6.507265970304445e-05,0.0
138,ContentCoverage_InWeek2,0.0009085654353813348,4.952087922056394e-05,0.0
139,ContentAnticipation_InWeek2,0.0016172106203457192,0.00024651928013124486,0.0
140,StudentSpeed_InWeek2,0.0009581101965642862,0.0006278596800541585,0.0
141,StudentActiveness_InWeek2,0.0012994472943583205,0.0002284821033171381,0.0
142,StudentThoughtfulness_InWeek2,0.00148489477706577,0.001555671094671218,0.0
143,StudentWeeklyActiveness_InWeek2,0.000785276653269497,0.0022375297912637666,0.0
144,WatchingIndex_InWeek2,0.0013907308852097776,4.843700185211875e-05,0.0
145,FrequencyEvent-video.play-played_InWeek2,0.0005793877370819922,0.00010431316940409649,0.0
146,FrequencyEvent-video.play-relative_InWeek2,0.0014100477988590208,0.0017398250514034988,0.0
147,FrequencyEvent-video.pause-relative_InWeek2,0.0012490451113092232,0.0015962345523091001,0.0
148,FractionSpent-video.seek-time-backward_InWeek2,0.000703937099175613,0.001307871304496125,0.0
149,FractionSpent-video.seek-time-forward_InWeek2,0.0003152434370002572,0.001238203881727601,0.0
150,FrequencyEvent-video.seelforward-total_InWeek2,0.0008016987172328436,7.730837013166357e-05,0.0
151,FrequencyEvent-video.load-relative_InWeek2,0.0011847257403205724,0.0020495651594912008,0.0
152,NumberSubmissions-distinct_InWeek2,0.0007671299470865336,0.0016243317323613692,0.0
153,NumberSubmissions_InWeek2,0.000620440622576293,0.0002866350963706504,0.0
154,NumberSubmissions-distinct_correct_InWeek2,0.0012218412942307355,0.001945189696627904,0.0
155,NumberSubmissions-avg_InWeek2,0.0005415919544668206,0.0005425406034029926,0.0
156,NumberSubmissions-avg_time_InWeek2,0.00033349290042992654,0.0007059453349060062,0.0
157,ObsDurationProblem_InWeek2,0.00042076951287260364,0.0020222076143460214,0.0
158,NumberSubmissions-perc_correct_InWeek2,0.0009730390208586351,0.0003517994442947075,0.0
159,TimeSolveProblem_InWeek2,0.0011461017113149703,0.0013254199940276952,0.0
160,ObsDurationProblem-var_InWeek2,0.0003276365845219706,0.0006716670590346792,0.0
161,ObsDurationProblem-max_InWeek2,0.000344283743693135,4.507745149397795e-05,0.0
162,TimeSessions-length_InWeek2,0.000694108803432216,0.001409948213906816,0.0
163,NumberSubmissions-correct_InWeek2,0.0008915022066530835,0.00039984030835335353,0.0
164,TotalClicks_InWeek3,0.0007833222518131848,0.00015812852840583601,0.0
165,NumberSessions_InWeek3,0.0006281237980251458,0.001658899714495844,0.0
166,Time-video-sum_InWeek3,0.0007719828915960642,0.001630177790923564,0.0
167,Time-problem-sum_InWeek3,0.0015470222298716169,0.0014613220831859173,0.0
168,video.pause-video.speedchange-video.play_InWeek3,0.001341681743777728,0.00021460020634603521,0.0
169,video.play-video.pause-video.load_InWeek3,0.0003828205082844078,0.0002949994670151626,0.0
170,video.play-video.play-video.play_InWeek3,0.00017453080724309233,0.0005132873635074404,0.0
171,video.play-video.stop-video.play_InWeek3,0.0017556472217153157,0.00024125245555174456,0.0
172,video.play-problem.check-problem.check_InWeek3,0.0014956668388140994,5.3441523987034764e-05,0.0
173,video.stop-video.play-video.seek_InWeek3,0.0015567836337748602,0.000219556018972081,0.0
174,video.stop-problem.check-video.load_InWeek3,0.0011189994844593477,0.00021994337618993403,0.0
175,problem.check-problem.check-video.load_InWeek3,0.0014103947866487402,0.0016467184049695008,0.0
176,problem.check-problem.check-problem.check_InWeek3,0.0010590220070334853,0.0017183625872018225,0.0
177,RegPeakTime-m1_InWeek3,0.0010936079239722237,0.0001409778599311215,0.0
178,RegPeriodicity-m1_InWeek3,0.000883653880956938,4.344933704894661e-05,0.0
179,DelayLecture_InWeek3,0.0010907013803820073,3.12667435856244e-05,0.0
180,TimeSessions-sum_InWeek3,0.001291307416075585,0.0016354673699565411,0.0
181,TimeSessions-mean_InWeek3,0.001043420421897767,2.760544270119678e-05,0.0
182,TimeBetweenSessions-std_InWeek3,0.001659048853913359,0.00025586972858970033,0.0
183,TimeSessions-std_InWeek3,0.0008201038445777788,0.0017746330818000393,0.0
184,TotalClicks-weekday_InWeek3,0.000742434700614896,0.0006232780024677643,0.0
185,TotalClicks-weekend_InWeek3,0.001095973305359738,7.501712591798733e-05,0.0
186,RatioClicksWeekendDay_InWeek3,0.0005843548040908791,0.0007854524102987186,0.0
187,AttendanceRate_InWeek3,0.0011876440437455463,0.00015170451950268727,0.0
188,UtilizationRate_InWeek3,0.0013075880779902266,6.603709562606004e-05,0.0
189,WatchingRatio_InWeek3,0.00018461414442079885,0.0003756344482132676,0.0
190,TotalClicks-video.load_InWeek3,0.0005084320043453437,0.001771584134605371,0.0
191,WeeklyProp-watched-mean_InWeek3,0.0008916689035215484,0.00018325588729490452,0.0
192,WeeklyProp-replayed-mean_InWeek3,0.0005167767630493114,0.0004746714260824766,0.0
193,WeeklyProp-interrupted-mean_InWeek3,0.0007903440586416746,0.00019344170553748622,0.0
194,FrequencyEvent-video_InWeek3,0.0004700739415336132,0.00052428723975714,0.0
195,FrequencyEvent-video.load_InWeek3,0.0006705114619691571,0.0004219886378583744,0.0
196,FrequencyEvent-video.play_InWeek3,0.0009704770278815719,0.00010243574314037726,0.0
197,FrequencyEvent-video.pause_InWeek3,0.0008146983853762789,0.001763784172031172,0.0
198,FrequencyEvent-video.stop_InWeek3,0.0013113111022213522,8.384806666157478e-05,0.0
199,FrequencyEvent-video.seekbackward_InWeek3,0.0013155996733270434,0.0018815651039288828,0.0
200,FrequencyEvent-video.seekforward_InWeek3,0.0014711346653545885,0.00019377890773508062,0.0
201,SeekLength-mean_InWeek3,0.0013653996547235566,4.895900325142281e-05,0.0
202,SeekLength-std_InWeek3,0.0006880876811321624,0.0016488664305083116,0.0
203,PauseDuration-mean_InWeek3,0.0014355769211408162,0.00017586018443662059,0.0
204,PauseDuration-std_InWeek3,0.000576286149481031,0.00030781964068683787,0.0
205,TimeSpeedingUp-mean_InWeek3,0.0005831655215919259,0.00011973865240114678,0.0
206,TimeSpeedingUp-std_InWeek3,0.0006446061796704556,0.0003066734248722677,0.0
207,FractionSpent-video.play_InWeek3,0.000665766387212326,0.0018147615037249533,0.0
208,FractionSpent-video.play-completed_InWeek3,0.0008242133316900993,4.9038141450944545e-05,0.0
209,FractionSpent-video.play-played_InWeek3,0.0007510077682922483,0.00019410892199955596,0.0
210,FrequencyEvent-video.pause-total_InWeek3,0.0006533848514857176,0.0005555305478629449,0.0
211,FractionSpent-video.pause_InWeek3,0.000707992494589817,0.0014951697445767902,0.0
212,SpeedPlayback-mean_InWeek3,0.0008760100409319012,0.0005684398735979823,0.0
213,SpeedPlayback-std_InWeek3,0.0012392719913366956,0.0003245511110264763,0.0
214,FrequencyEvent-video.seekbackward-total_InWeek3,0.0007603862229923393,0.0004664833486888929,0.0
215,FrequencyEvent-video.seekforward-total_InWeek3,0.0009259508144499781,0.0008074491837470556,0.0
216,CountUniqueElement-video_InWeek3,0.0011355372567769873,5.7329094724520456e-05,0.0
217,CompetencyCoverage_InWeek3,0.0009593394866921481,0.001764180741098646,0.0
218,CompetencyAnticipation_InWeek3,0.0012885445203458493,8.043628112611741e-05,0.0
219,ContentAlignment_InWeek3,0.0014756767920775962,0.00011758339039658954,0.0
220,ContentCoverage_InWeek3,0.001164537159144902,4.4418202681701874e-05,0.0
221,ContentAnticipation_InWeek3,0.001722235210079288,0.0002022382380975937,0.0
222,StudentSpeed_InWeek3,0.0009554746410609115,0.0005417276996134606,0.0
223,StudentActiveness_InWeek3,0.001259423225275545,0.00018810215883013676,0.0
224,StudentThoughtfulness_InWeek3,0.0012427219005059025,0.0016928373862253347,0.0
225,StudentWeeklyActiveness_InWeek3,0.001279374915322156,0.002651991666847215,0.0
226,WatchingIndex_InWeek3,0.0009602466813287289,0.0016519656456857603,0.0
227,FrequencyEvent-video.play-played_InWeek3,0.0008050396144492925,5.02810355526138e-05,0.0
228,FrequencyEvent-video.play-relative_InWeek3,0.0008470547734507561,0.002135245863792602,0.0
229,FrequencyEvent-video.pause-relative_InWeek3,0.0005477677638923587,0.0014951697445767902,0.0
230,FractionSpent-video.seek-time-backward_InWeek3,0.0007922838822930008,0.0017873727082180152,0.0
231,FractionSpent-video.seek-time-forward_InWeek3,0.0005883904510336898,0.0017536029853148065,0.0
232,FrequencyEvent-video.seelforward-total_InWeek3,0.0007801866998061263,2.5004191925894475e-05,0.0
233,FrequencyEvent-video.load-relative_InWeek3,0.0007397508019550739,0.0018269452523486148,0.0
234,NumberSubmissions-distinct_InWeek3,0.000782979369616762,0.0017748514052091991,0.0
235,NumberSubmissions_InWeek3,0.0006635706143726776,0.00030302292345040036,0.0
236,NumberSubmissions-distinct_correct_InWeek3,0.001326063687082522,0.0017224666689565152,0.0
237,NumberSubmissions-avg_InWeek3,0.0006314022126897688,0.0005974170197626965,0.0
238,NumberSubmissions-avg_time_InWeek3,0.0002180718276532541,0.0005756587273505023,0.0
239,ObsDurationProblem_InWeek3,0.0007683011661978087,0.0011006377728118057,0.0
240,NumberSubmissions-perc_correct_InWeek3,0.0009403517565999563,0.0003222427789375619,0.0
241,TimeSolveProblem_InWeek3,0.0012538834583427979,0.002346596375357285,0.0
242,ObsDurationProblem-var_InWeek3,0.0004934940521342316,0.00031037936337726654,0.0
243,ObsDurationProblem-max_InWeek3,0.0006311241512669219,2.5831205752417393e-05,0.0
244,TimeSessions-length_InWeek3,0.0013797670628842536,0.001658899714495844,0.0
245,NumberSubmissions-correct_InWeek3,0.0006266993352263033,0.0003450404074484579,0.0
246,TotalClicks_InWeek4,0.0013269263944145158,5.7442970687855246e-05,0.0
247,NumberSessions_InWeek4,0.001128961291493712,0.001533654489548218,0.0
248,Time-video-sum_InWeek4,0.0009071037120369093,0.0018591977474223444,0.0
249,Time-problem-sum_InWeek4,0.0014916486434404016,0.002134216906118046,0.0
250,video.pause-video.speedchange-video.play_InWeek4,0.0010650417947397496,0.0013448015581215696,0.0
251,video.play-video.pause-video.load_InWeek4,0.00040705845949396866,0.00017691054443920765,0.0
252,video.play-video.play-video.play_InWeek4,0.0004788870090786867,0.00089524413767762,0.0
253,video.play-video.stop-video.play_InWeek4,0.0015278880161981449,0.00029718769473402945,0.0
254,video.play-problem.check-problem.check_InWeek4,0.0014914202851542295,7.461639434154618e-05,0.0
255,video.stop-video.play-video.seek_InWeek4,0.001185992128639269,0.0002134658531169739,0.0
256,video.stop-problem.check-video.load_InWeek4,0.001240790484039744,0.000371802493884693,0.0
257,problem.check-problem.check-video.load_InWeek4,0.00128601523021159,0.0017426159303657375,0.0
258,problem.check-problem.check-problem.check_InWeek4,0.001134328117015415,0.002157378533317215,0.0
259,RegPeakTime-m1_InWeek4,0.0010435935196246406,0.00012761868610089354,0.0
260,RegPeriodicity-m1_InWeek4,0.0009256556521464455,3.4803718321342754e-05,0.0
261,DelayLecture_InWeek4,0.0011579702178290917,5.1368794536508004e-05,0.0
262,TimeSessions-sum_InWeek4,0.0012700366993750076,0.0013604354764000706,0.0
263,TimeSessions-mean_InWeek4,0.0012222891557790384,2.760830237205752e-05,0.0
264,TimeBetweenSessions-std_InWeek4,0.0013970466458414809,0.00018882364635588864,0.0
265,TimeSessions-std_InWeek4,0.0006120159830118305,0.0013561678539287586,0.0
266,TotalClicks-weekday_InWeek4,0.0005050668558552174,0.000554929953873477,0.0
267,TotalClicks-weekend_InWeek4,0.0013808108985398908,3.372357511101331e-05,0.0
268,RatioClicksWeekendDay_InWeek4,0.00021087320858145523,0.000503466346474392,0.0
269,AttendanceRate_InWeek4,0.0005754158540082134,7.22211802233412e-05,0.0
270,UtilizationRate_InWeek4,0.000666188038595225,5.539965132293488e-05,0.0
271,WatchingRatio_InWeek4,0.0007295330100269744,0.0004957821027583379,0.0
272,TotalClicks-video.load_InWeek4,0.0008119020069418457,0.0015336808994561284,0.0
273,WeeklyProp-watched-mean_InWeek4,0.001088600671661377,0.00011717524750362457,0.0
274,WeeklyProp-replayed-mean_InWeek4,0.0007299841187066941,0.0009275903381643886,0.0
275,WeeklyProp-interrupted-mean_InWeek4,0.0007700807677036025,3.9242268604720526e-05,0.0
276,FrequencyEvent-video_InWeek4,0.000774881972385608,0.0029343024529373935,0.0
277,FrequencyEvent-video.load_InWeek4,0.00041242157426862663,0.0003498961100710745,0.0
278,FrequencyEvent-video.play_InWeek4,0.0008352823061183769,9.002533730490649e-05,0.0
279,FrequencyEvent-video.pause_InWeek4,0.0007866893818456083,0.0017317490199099507,0.0
280,FrequencyEvent-video.stop_InWeek4,0.001460053990692413,7.544645263485818e-05,0.0
281,FrequencyEvent-video.seekbackward_InWeek4,0.0011138933661043223,2.8707360766069275e-05,0.0
282,FrequencyEvent-video.seekforward_InWeek4,0.0014582181118095675,0.0002050120066834031,0.0
283,SeekLength-mean_InWeek4,0.0009518026310652471,2.799870270339377e-05,0.0
284,SeekLength-std_InWeek4,0.000712807034156987,0.0015133796420731234,0.0
285,PauseDuration-mean_InWeek4,0.0013884713384041247,0.00012313831881818167,0.0
286,PauseDuration-std_InWeek4,0.0008511001373259267,0.0003192810144975015,0.0
287,TimeSpeedingUp-mean_InWeek4,0.0007279707713977497,0.0001050562431856149,0.0
288,TimeSpeedingUp-std_InWeek4,0.0006021310028178324,0.0003165220385014641,0.0
289,FractionSpent-video.play_InWeek4,0.0006113257174877329,0.0016348620061311066,0.0
290,FractionSpent-video.play-completed_InWeek4,0.0007234422500461799,0.001718178037334732,0.0
291,FractionSpent-video.play-played_InWeek4,0.0007887294772661116,0.00011302590556778643,0.0
292,FrequencyEvent-video.pause-total_InWeek4,0.0002950721381581164,0.0005640575113007706,0.0
293,FractionSpent-video.pause_InWeek4,0.0006595886642967877,0.0009587944779703482,0.0
294,SpeedPlayback-mean_InWeek4,0.0008438273642681236,0.0007001087001352777,0.0
295,SpeedPlayback-std_InWeek4,0.001424568269357494,0.0002498218791214259,0.0
296,FrequencyEvent-video.seekbackward-total_InWeek4,0.0013259205549698433,0.0002684961384857726,0.0
297,FrequencyEvent-video.seekforward-total_InWeek4,0.0012366065330277872,0.000678249062715028,0.0
298,CountUniqueElement-video_InWeek4,0.0003567175998381288,0.0010913141356130559,0.0
299,CompetencyCoverage_InWeek4,0.0010197328451822408,0.0018141033415238572,0.0
300,CompetencyAnticipation_InWeek4,0.0014670690940182557,9.071498266514323e-05,0.0
301,ContentAlignment_InWeek4,0.0012055125756257649,8.692489673656617e-05,0.0
302,ContentCoverage_InWeek4,0.0011999716381469866,2.8311933413784806e-05,0.0
303,ContentAnticipation_InWeek4,0.0015957719803127738,0.0001825090319055009,0.0
304,StudentSpeed_InWeek4,0.000867455975525693,0.00045924093820864264,0.0
305,StudentActiveness_InWeek4,0.0012247229872929433,0.00014089836248138234,0.0
306,StudentThoughtfulness_InWeek4,0.0013922258138137173,0.001685349425458693,0.0
307,StudentWeeklyActiveness_InWeek4,0.0011046894887435964,0.0027752987598896658,0.0
308,WatchingIndex_InWeek4,0.0009550325970855978,0.001101734784335047,0.0
309,FrequencyEvent-video.play-played_InWeek4,0.0006611404526090134,2.2857106326078945e-05,0.0
310,FrequencyEvent-video.play-relative_InWeek4,0.0009475602849110095,0.0010564394877740902,0.0
311,FrequencyEvent-video.pause-relative_InWeek4,0.001348386199074929,0.0009587944779703482,0.0
312,FractionSpent-video.seek-time-backward_InWeek4,0.000869282026175507,0.0014807220694707725,0.0
313,FractionSpent-video.seek-time-forward_InWeek4,0.0005522279844852003,0.0022768416732717577,0.0
314,FrequencyEvent-video.seelforward-total_InWeek4,0.0006972490139492065,0.0017248166195275429,0.0
315,FrequencyEvent-video.load-relative_InWeek4,0.0006740921591261626,0.0017064550936518633,0.0
316,NumberSubmissions-distinct_InWeek4,0.0008752985333033538,0.0019808981406107557,0.0
317,NumberSubmissions_InWeek4,0.0007075374319701949,0.00011150833824145576,0.0
318,NumberSubmissions-distinct_correct_InWeek4,0.0012707434207291466,0.0018291510391043302,0.0
319,NumberSubmissions-avg_InWeek4,0.00043578339333139434,0.0005196063794936008,0.0
320,NumberSubmissions-avg_time_InWeek4,0.00038980122543658195,0.0004673491048049023,0.0
321,ObsDurationProblem_InWeek4,0.0006183884029960531,0.001783482362797302,0.0
322,NumberSubmissions-perc_correct_InWeek4,0.0009761247666580401,0.000298837955099763,0.0
323,TimeSolveProblem_InWeek4,0.0012867491456350127,0.0015388813739594664,0.0
324,ObsDurationProblem-var_InWeek4,0.00035694944525928844,0.0005646157409791052,0.0
325,ObsDurationProblem-max_InWeek4,0.0003397013503469325,0.002516096403501315,0.0
326,TimeSessions-length_InWeek4,0.0016710148147839692,0.001533654489548218,0.0
327,NumberSubmissions-correct_InWeek4,0.0006106987875597657,0.0004413565482822895,0.0
328,TotalClicks_InWeek5,0.0013418667124572758,0.0017258981718521165,0.0
329,NumberSessions_InWeek5,0.0006890939589441079,0.0015898630179462545,0.0
330,Time-video-sum_InWeek5,0.0008171172799350279,0.0019455223183202218,0.0
331,Time-problem-sum_InWeek5,0.0011135399266310661,0.001653603672177395,0.0
332,video.pause-video.speedchange-video.play_InWeek5,0.0012389757890836502,0.00327044173702101,0.0
333,video.play-video.pause-video.load_InWeek5,0.0004296579395484666,0.00018915877387018411,0.0
334,video.play-video.play-video.play_InWeek5,0.00031338403628886275,0.0005396463874704199,0.0
335,video.play-video.stop-video.play_InWeek5,0.001320005184556334,0.00027118670084446143,0.0
336,video.play-problem.check-problem.check_InWeek5,0.001524139659313784,9.150875003630325e-05,0.0
337,video.stop-video.play-video.seek_InWeek5,0.001599261116168136,0.00018451843315483765,0.0
338,video.stop-problem.check-video.load_InWeek5,0.001401104579705952,0.0002707611229802496,0.0
339,problem.check-problem.check-video.load_InWeek5,0.0013106482692804748,0.0014925807576063885,0.0
340,problem.check-problem.check-problem.check_InWeek5,0.0010749014196880452,0.001134596372274588,0.0
341,RegPeakTime-m1_InWeek5,0.001231414883696198,0.00011861704585940772,0.0
342,RegPeriodicity-m1_InWeek5,0.0007384867514298037,0.0017839563732897957,0.0
343,DelayLecture_InWeek5,0.0007027916159595034,5.761505649884072e-05,0.0
344,TimeSessions-sum_InWeek5,0.0011228266679746593,0.0021354388090665095,0.0
345,TimeSessions-mean_InWeek5,0.001208802152151422,2.760800433683281e-05,0.0
346,TimeBetweenSessions-std_InWeek5,0.001110544731934398,9.062928498460308e-05,0.0
347,TimeSessions-std_InWeek5,0.0011150253477615287,0.001197226000032474,0.0
348,TotalClicks-weekday_InWeek5,0.0007262450045105084,0.0003162105836211232,0.0
349,TotalClicks-weekend_InWeek5,0.0014069376374164467,0.001854550397345966,0.0
350,RatioClicksWeekendDay_InWeek5,0.0013378487395893082,0.0005089043264102997,0.0
351,AttendanceRate_InWeek5,0.0010413184462951207,2.2856106911531134e-05,0.0
352,UtilizationRate_InWeek5,0.0009825493004712324,5.873662956268975e-05,0.0
353,WatchingRatio_InWeek5,0.0003528656069425085,0.0006304894846898578,0.0
354,TotalClicks-video.load_InWeek5,0.001226298792596332,0.0008272867720862723,0.0
355,WeeklyProp-watched-mean_InWeek5,0.0006573960801752862,6.505692078302068e-05,0.0
356,WeeklyProp-replayed-mean_InWeek5,0.0010026180035699129,0.002136499451343171,0.0
357,WeeklyProp-interrupted-mean_InWeek5,0.0006741424428653647,0.0012502002914261266,0.0
358,FrequencyEvent-video_InWeek5,0.00048353186337469605,0.000449024813795667,0.0
359,FrequencyEvent-video.load_InWeek5,0.0005398664821877502,0.000743776851944213,0.0
360,FrequencyEvent-video.play_InWeek5,0.0008532608522069009,4.8104569954700825e-05,0.0
361,FrequencyEvent-video.pause_InWeek5,0.0006761162778705329,0.001606544138902083,0.0
362,FrequencyEvent-video.stop_InWeek5,0.0012792876062836117,3.2496980474191964e-05,0.0
363,FrequencyEvent-video.seekbackward_InWeek5,0.0015023504487375265,0.0011642942310413965,0.0
364,FrequencyEvent-video.seekforward_InWeek5,0.001389570053450042,0.00024694878196928504,0.0
365,SeekLength-mean_InWeek5,0.000914750785828857,0.001332987738475507,0.0
366,SeekLength-std_InWeek5,0.0007093834058174386,0.0017219365097173504,0.0
367,PauseDuration-mean_InWeek5,0.0010340028483625404,8.220036681508452e-05,0.0
368,PauseDuration-std_InWeek5,0.0009518117564731354,0.00036669029374248403,0.0
369,TimeSpeedingUp-mean_InWeek5,0.0008505664612844657,0.0001285784070013661,0.0
370,TimeSpeedingUp-std_InWeek5,0.0007517372063690893,0.00020794118352751969,0.0
371,FractionSpent-video.play_InWeek5,0.0005917186806439625,0.0018560274009318842,0.0
372,FractionSpent-video.play-completed_InWeek5,0.0008430724599928616,0.001673437183807286,0.0
373,FractionSpent-video.play-played_InWeek5,0.0005036601304870134,3.7333883504796006e-05,0.0
374,FrequencyEvent-video.pause-total_InWeek5,0.0008301044037922344,0.0005190831511720571,0.0
375,FractionSpent-video.pause_InWeek5,0.0008610658470903379,0.0021429734052323176,0.0
376,SpeedPlayback-mean_InWeek5,0.0007131709350713818,0.000529933032987442,0.0
377,SpeedPlayback-std_InWeek5,0.0013154492280575754,0.0001171290047715563,0.0
378,FrequencyEvent-video.seekbackward-total_InWeek5,0.0011516862685117422,0.00014740044610318028,0.0
379,FrequencyEvent-video.seekforward-total_InWeek5,0.0008526370430121452,0.0006404575443335882,0.0
380,CountUniqueElement-video_InWeek5,0.0008346578241181964,0.0012777569766589097,0.0
381,CompetencyCoverage_InWeek5,0.0007198713294165648,0.0016646613377724045,0.0
382,CompetencyAnticipation_InWeek5,0.0013107930149927,0.00010223401138765893,0.0
383,ContentAlignment_InWeek5,0.0008877500278284415,8.453273385906761e-05,0.0
384,ContentCoverage_InWeek5,0.0012904216587176283,0.0015600416502709405,0.0
385,ContentAnticipation_InWeek5,0.0017423578837221815,0.00018185155730004763,0.0
386,StudentSpeed_InWeek5,0.0006848857058492031,0.00027916406785683824,0.0
387,StudentActiveness_InWeek5,0.001059976556316853,0.00010904601633062157,0.0
388,StudentThoughtfulness_InWeek5,0.0015013019428594574,0.0015453495895850543,0.0
389,StudentWeeklyActiveness_InWeek5,0.0010865306929453496,0.002835186133309827,0.0
390,WatchingIndex_InWeek5,0.001322222153097599,0.0013625476214849106,0.0
391,FrequencyEvent-video.play-played_InWeek5,0.0009496563606304265,0.0007925163296717548,0.0
392,FrequencyEvent-video.play-relative_InWeek5,0.0009058471019678609,0.0012918246195670277,0.0
393,FrequencyEvent-video.pause-relative_InWeek5,0.0008026174401238588,0.0021429734052323176,0.0
394,FractionSpent-video.seek-time-backward_InWeek5,0.0005265240084139142,0.001506870075374,0.0
395,FractionSpent-video.seek-time-forward_InWeek5,0.0005129449524322295,0.001170013702347068,0.0
396,FrequencyEvent-video.seelforward-total_InWeek5,0.0007119285791475004,0.001695100375987901,0.0
397,FrequencyEvent-video.load-relative_InWeek5,0.0007780024946222652,0.0017833063534041275,0.0
398,NumberSubmissions-distinct_InWeek5,0.0012554028467422565,0.0014500064085127165,0.0
399,NumberSubmissions_InWeek5,0.0005300992898159655,2.4759462319419125e-05,0.0
400,NumberSubmissions-distinct_correct_InWeek5,0.0013877645634466512,0.0016152005372374976,0.0
401,NumberSubmissions-avg_InWeek5,0.0004765771449037741,0.0003257180169664643,0.0
402,NumberSubmissions-avg_time_InWeek5,0.0005273326547918618,0.0005347814319650898,0.0
403,ObsDurationProblem_InWeek5,0.0007403013992459669,0.0011702085095862413,0.0
404,NumberSubmissions-perc_correct_InWeek5,0.0013081269646938393,0.0003299825121086031,0.0
405,TimeSolveProblem_InWeek5,0.0011817032609317177,0.0012796749725513317,0.0
406,ObsDurationProblem-var_InWeek5,0.00021464081981727677,0.00040411037541810953,0.0
407,ObsDurationProblem-max_InWeek5,0.0001643945801065419,0.0013911608828584344,0.0
408,TimeSessions-length_InWeek5,0.0005859904568152251,0.0015898630179462545,0.0
409,NumberSubmissions-correct_InWeek5,0.0007117120360027348,0.0006195292090833631,0.0
410,TotalClicks_InWeek6,0.0007015660230691341,0.0008180196651533138,0.0
411,NumberSessions_InWeek6,0.0007910974610224028,0.0013700694564279248,0.0
412,Time-video-sum_InWeek6,0.0009744297924511739,0.0022939586317556305,0.0
413,Time-problem-sum_InWeek6,0.0015639917448444852,0.0015608005601283742,0.0
414,video.pause-video.speedchange-video.play_InWeek6,0.0011535163238194832,0.00313068927920778,0.0
415,video.play-video.pause-video.load_InWeek6,0.00034827002135404855,0.00013168364686153415,0.0
416,video.play-video.play-video.play_InWeek6,0.00034423319089332426,0.0004131516460165397,0.0
417,video.play-video.stop-video.play_InWeek6,0.0016762466922118737,0.00021526971485028327,0.0
418,video.play-problem.check-problem.check_InWeek6,0.0016218485686023297,0.0001186411086251757,0.0
419,video.stop-video.play-video.seek_InWeek6,0.001219431814377003,0.000235430404209848,0.0
420,video.stop-problem.check-video.load_InWeek6,0.0013209091558331677,0.00011733250754751455,0.0
421,problem.check-problem.check-video.load_InWeek6,0.0013103191506611334,0.0016375969657478023,0.0
422,problem.check-problem.check-problem.check_InWeek6,0.0011352957697474244,0.001098127055947659,0.0
423,RegPeakTime-m1_InWeek6,0.0016396403441126123,0.0001323018501720749,0.0
424,RegPeriodicity-m1_InWeek6,0.0013054234942748305,0.002099185719403964,0.0
425,DelayLecture_InWeek6,0.0011790991150909364,7.600174410627175e-05,0.0
426,TimeSessions-sum_InWeek6,0.0010574445670980019,0.0012554407365272177,0.0
427,TimeSessions-mean_InWeek6,0.001218101250089725,0.0017647338940761923,0.0
428,TimeBetweenSessions-std_InWeek6,0.001242114154695862,6.344232382708921e-05,0.0
429,TimeSessions-std_InWeek6,0.0015348044544847919,0.0019908604815851967,0.0
430,TotalClicks-weekday_InWeek6,0.0006593914068839236,0.00018749941088306674,0.0
431,TotalClicks-weekend_InWeek6,0.0015969371945490207,0.0009197354848414701,0.0
432,RatioClicksWeekendDay_InWeek6,0.0005377467369717788,0.0003533804478064582,0.0
433,AttendanceRate_InWeek6,0.0010438047688235746,0.0018562097340427876,0.0
434,UtilizationRate_InWeek6,0.001077185985409862,2.8313588338798095e-05,0.0
435,WatchingRatio_InWeek6,0.001554298123280675,0.0006463377079044544,0.0
436,TotalClicks-video.load_InWeek6,0.000553466857524202,0.0010950475250123236,0.0
437,WeeklyProp-watched-mean_InWeek6,0.0008384384995595731,2.294890727156326e-05,0.0
438,WeeklyProp-replayed-mean_InWeek6,0.0007596813229717632,0.0014606862168763904,0.0
439,WeeklyProp-interrupted-mean_InWeek6,0.0006539057238445162,0.0017624570856568853,0.0
440,FrequencyEvent-video_InWeek6,0.0003402966521821856,0.00010524381656595124,0.0
441,FrequencyEvent-video.load_InWeek6,0.00027931085787522876,0.0005876356923243668,0.0
442,FrequencyEvent-video.play_InWeek6,0.0006976115218846477,2.834697825405329e-05,0.0
443,FrequencyEvent-video.pause_InWeek6,0.000977061334002879,0.0017142634557331562,0.0
444,FrequencyEvent-video.stop_InWeek6,0.0014396333905555912,0.001673788347036052,0.0
445,FrequencyEvent-video.seekbackward_InWeek6,0.0015409894005570983,2.6882634822673075e-05,0.0
446,FrequencyEvent-video.seekforward_InWeek6,0.0015626962028156446,0.0001900331822287773,0.0
447,SeekLength-mean_InWeek6,0.0013109692222857293,0.0011174743295963238,0.0
448,SeekLength-std_InWeek6,0.0005706770672799415,0.0014001442893826332,0.0
449,PauseDuration-mean_InWeek6,0.0015163611913569658,5.450838063604253e-05,0.0
450,PauseDuration-std_InWeek6,0.0008734516969565202,0.00044663560174375527,0.0
451,TimeSpeedingUp-mean_InWeek6,0.00035642245641530546,8.319167170775475e-05,0.0
452,TimeSpeedingUp-std_InWeek6,0.00045714602597346894,0.00012580707173148978,0.0
453,FractionSpent-video.play_InWeek6,0.0006239005204410853,0.002147063952097583,0.0
454,FractionSpent-video.play-completed_InWeek6,0.0009544921741754408,0.0017580799244492791,0.0
455,FractionSpent-video.play-played_InWeek6,0.0003435845823693125,0.0016781929698202213,0.0
456,FrequencyEvent-video.pause-total_InWeek6,0.0005305053008050919,0.000387407794382444,0.0
457,FractionSpent-video.pause_InWeek6,0.0007412603093645677,0.0012909305875645786,0.0
458,SpeedPlayback-mean_InWeek6,0.0006990201546111226,0.0002971276052567658,0.0
459,SpeedPlayback-std_InWeek6,0.0012919034717251779,4.957469155912367e-05,0.0
460,FrequencyEvent-video.seekbackward-total_InWeek6,0.0009253249636803159,9.094234625449693e-05,0.0
461,FrequencyEvent-video.seekforward-total_InWeek6,0.0012710093073370276,0.0004478727602455286,0.0
462,CountUniqueElement-video_InWeek6,0.0007799281336743025,0.0011913570042167453,0.0
463,CompetencyCoverage_InWeek6,0.0009090596530806197,0.0017387029000119258,0.0
464,CompetencyAnticipation_InWeek6,0.0013319395404373677,0.00011438683751952048,0.0
465,ContentAlignment_InWeek6,0.0009440375230107261,4.6895870959592923e-05,0.0
466,ContentCoverage_InWeek6,0.0007243013125982756,0.0016522009227450188,0.0
467,ContentAnticipation_InWeek6,0.0013629786397401052,0.00013784137441966366,0.0
468,StudentSpeed_InWeek6,0.0007156604078858674,0.0006543606944189476,0.0
469,StudentActiveness_InWeek6,0.0012517859134033506,0.00010883660828389403,0.0
470,StudentThoughtfulness_InWeek6,0.001541821223635769,0.0015348193205895998,0.0
471,StudentWeeklyActiveness_InWeek6,0.0010671009454572848,0.002762529594424148,0.0
472,WatchingIndex_InWeek6,0.0012025850824379158,0.0010023598802812138,0.0
473,FrequencyEvent-video.play-played_InWeek6,0.00047845847212362217,0.0007744537454223628,0.0
474,FrequencyEvent-video.play-relative_InWeek6,0.0005191265680249516,0.0010918588241433413,0.0
475,FrequencyEvent-video.pause-relative_InWeek6,0.0005584946572237285,0.0012909305875645786,0.0
476,FractionSpent-video.seek-time-backward_InWeek6,0.00038628825887561293,0.0019927860863104456,0.0
477,FractionSpent-video.seek-time-forward_InWeek6,0.0009059750615176028,0.00040397856390779783,0.0
478,FrequencyEvent-video.seelforward-total_InWeek6,0.0006409646851904424,0.001716806605727689,0.0
479,FrequencyEvent-video.load-relative_InWeek6,0.0012082400205156844,0.0018464465055822528,0.0
480,NumberSubmissions-distinct_InWeek6,0.0017094426018963494,0.0018477868812642503,0.0
481,NumberSubmissions_InWeek6,0.0006669619841853367,0.001527962964346918,0.0
482,NumberSubmissions-distinct_correct_InWeek6,0.0012476492170218159,0.0018233008207425264,0.0
483,NumberSubmissions-avg_InWeek6,0.0003649008399048776,0.0006215417155618386,0.0
484,NumberSubmissions-avg_time_InWeek6,0.00045252119005216964,0.0003288673338143009,0.0
485,ObsDurationProblem_InWeek6,0.0005720853779975575,0.001768831589413797,0.0
486,NumberSubmissions-perc_correct_InWeek6,0.0012280399932130808,0.0003187238125986626,0.0
487,TimeSolveProblem_InWeek6,0.0016121354811317156,0.0012953768862471774,0.0
488,ObsDurationProblem-var_InWeek6,0.0004051588094908416,0.00024717524046433207,0.0
489,ObsDurationProblem-max_InWeek6,0.0003934775059393433,0.0010995763395363531,0.0
490,TimeSessions-length_InWeek6,0.0008316184197370404,0.0013700694564279248,0.0
491,NumberSubmissions-correct_InWeek6,0.0003965297594452177,0.0006070589572961899,0.0
492,TotalClicks_InWeek7,0.0012606379209478883,0.0018529205086163084,0.0
493,NumberSessions_InWeek7,0.001163551301781361,0.001747540679111323,0.0
494,Time-video-sum_InWeek7,0.0008636097348710095,0.001828880171012701,0.0
495,Time-problem-sum_InWeek7,0.0013754949398033273,0.0012121966327498122,0.0
496,video.pause-video.speedchange-video.play_InWeek7,0.0012252557198425909,0.0031876562772163697,0.0
497,video.play-video.pause-video.load_InWeek7,0.0005363949929729929,7.731505507328732e-05,0.0
498,video.play-video.play-video.play_InWeek7,0.0002503221486020661,0.00026653352165220576,0.0
499,video.play-video.stop-video.play_InWeek7,0.0013486027657965483,0.00017276732745962733,0.0
500,video.play-problem.check-problem.check_InWeek7,0.0016712837723266082,0.00012259286165784307,0.0
501,video.stop-video.play-video.seek_InWeek7,0.001633287824593699,0.0001329576929605761,0.0
502,video.stop-problem.check-video.load_InWeek7,0.001376642182876139,0.00016673859304614332,0.0
503,problem.check-problem.check-video.load_InWeek7,0.001464697121335314,0.0016777614128314004,0.0
504,problem.check-problem.check-problem.check_InWeek7,0.0014313268917317205,0.0016388364648781504,0.0
505,RegPeakTime-m1_InWeek7,0.001271723436842202,0.0001142990775014792,0.0
506,RegPeriodicity-m1_InWeek7,0.0012397098607390229,0.0017142914334171225,0.0
507,DelayLecture_InWeek7,0.0011393830515997192,6.298214300594632e-05,0.0
508,TimeSessions-sum_InWeek7,0.0012620798264128712,0.001644612846021861,0.0
509,TimeSessions-mean_InWeek7,0.0013978634386859012,0.0019419188610279821,0.0
510,TimeBetweenSessions-std_InWeek7,0.000968600326352246,2.83077814957436e-05,0.0
511,TimeSessions-std_InWeek7,0.0012826697146588921,0.0012372501635051132,0.0
512,TotalClicks-weekday_InWeek7,0.0006520125293737894,9.956877601326583e-05,0.0
513,TotalClicks-weekend_InWeek7,0.0011174690481011316,0.0014968990824665298,0.0
514,RatioClicksWeekendDay_InWeek7,0.0005185770567377566,0.0006082009460360345,0.0
515,AttendanceRate_InWeek7,0.0012432531009608696,0.0011444318275105794,0.0
516,UtilizationRate_InWeek7,0.0006368026445181193,0.0021079411995259096,0.0
517,WatchingRatio_InWeek7,0.0005980325505649966,0.0005268871283962688,0.0
518,TotalClicks-video.load_InWeek7,0.00023253308685845464,0.0016324838338673696,0.0
519,WeeklyProp-watched-mean_InWeek7,0.000629090490887118,2.301985788115356e-05,0.0
520,WeeklyProp-replayed-mean_InWeek7,0.0007473615548697175,0.0008779914768267924,0.0
521,WeeklyProp-interrupted-mean_InWeek7,0.0006882708753880658,0.000859200325118469,0.0
522,FrequencyEvent-video_InWeek7,0.0003859856742087027,0.0002869592407535597,0.0
523,FrequencyEvent-video.load_InWeek7,0.0003303567751521408,0.0004422951467375686,0.0
524,FrequencyEvent-video.play_InWeek7,0.0006682493284710532,0.0017343591857755581,0.0
525,FrequencyEvent-video.pause_InWeek7,0.0010197843851400986,0.0017440161778658689,0.0
526,FrequencyEvent-video.stop_InWeek7,0.0016004388777442658,0.0018694774877326924,0.0
527,FrequencyEvent-video.seekbackward_InWeek7,0.001579675156161746,2.6933192496300415e-05,0.0
528,FrequencyEvent-video.seekforward_InWeek7,0.001236017264437446,0.00014772498367253236,0.0
529,SeekLength-mean_InWeek7,0.0011189158385690606,0.002134260022001468,0.0
530,SeekLength-std_InWeek7,0.0008758643341771018,0.0013207694969397652,0.0
531,PauseDuration-mean_InWeek7,0.0014920256476205478,0.0013508066595516524,0.0
532,PauseDuration-std_InWeek7,0.0011750820259307318,0.00040132055884017985,0.0
533,TimeSpeedingUp-mean_InWeek7,0.0003912835721845535,6.823753244010246e-05,0.0
534,TimeSpeedingUp-std_InWeek7,0.00036823652826465004,0.00010195241213419503,0.0
535,FractionSpent-video.play_InWeek7,0.0005952803608184137,0.0015860778674414856,0.0
536,FractionSpent-video.play-completed_InWeek7,0.000911901026778534,0.0017168404817959025,0.0
537,FractionSpent-video.play-played_InWeek7,0.0005798936390614296,0.001258600618195732,0.0
538,FrequencyEvent-video.pause-total_InWeek7,0.0005248656356435165,0.00031279674990834826,0.0
539,FractionSpent-video.pause_InWeek7,0.001362752731523184,0.0014207562073949899,0.0
540,SpeedPlayback-mean_InWeek7,0.0006406549196232353,0.0002109485082801019,0.0
541,SpeedPlayback-std_InWeek7,0.0013436081777415732,3.369492953517465e-05,0.0
542,FrequencyEvent-video.seekbackward-total_InWeek7,0.0014818386763092032,0.0012397466904337487,0.0
543,FrequencyEvent-video.seekforward-total_InWeek7,0.0016308719779322778,0.0002791398792935189,0.0
544,CountUniqueElement-video_InWeek7,0.0009568739385363289,0.0011624745677978425,0.0
545,CompetencyCoverage_InWeek7,0.000825391007988395,0.0015489171063334847,0.0
546,CompetencyAnticipation_InWeek7,0.0013084020591208074,0.00010660388332907065,0.0
547,ContentAlignment_InWeek7,0.0010893703777049928,5.208832768551139e-05,0.0
548,ContentCoverage_InWeek7,0.001055596157052992,0.001553040714905262,0.0
549,ContentAnticipation_InWeek7,0.0016243390642382667,0.0001319881713170158,0.0
550,StudentSpeed_InWeek7,0.0007014550178929795,0.000618545111447851,0.0
551,StudentActiveness_InWeek7,0.0013863357548518703,2.7615076132909516e-05,0.0
552,StudentThoughtfulness_InWeek7,0.0015591707115545016,0.0016775385493683233,0.0
553,StudentWeeklyActiveness_InWeek7,0.0010375988278160276,0.0025543279985762272,0.0
554,WatchingIndex_InWeek7,0.000745259733811831,0.0015676985885778132,0.0
555,FrequencyEvent-video.play-played_InWeek7,0.00099406425890999,0.0011852643682851952,0.0
556,FrequencyEvent-video.play-relative_InWeek7,0.0009021955894639915,0.0011931179670096892,0.0
557,FrequencyEvent-video.pause-relative_InWeek7,0.0008908201931252133,0.0014207562073949899,0.0
558,FractionSpent-video.seek-time-backward_InWeek7,0.000636523809781241,0.0017004483479533836,0.0
559,FractionSpent-video.seek-time-forward_InWeek7,0.0003455048029404162,0.0012397466904337487,0.0
560,FrequencyEvent-video.seelforward-total_InWeek7,0.0005993103246240039,0.0018127228145785321,0.0
561,FrequencyEvent-video.load-relative_InWeek7,0.001129673384384351,0.00208263873541054,0.0
562,NumberSubmissions-distinct_InWeek7,0.0005068023912949179,0.0010267668241152278,0.0
563,NumberSubmissions_InWeek7,0.0004340243862530783,0.0017021943174799447,0.0
564,NumberSubmissions-distinct_correct_InWeek7,0.0015095956164317284,0.001096849482696202,0.0
565,NumberSubmissions-avg_InWeek7,0.0005098711251828632,0.00035567265940824824,0.0
566,NumberSubmissions-avg_time_InWeek7,0.00021011218040886188,0.00041704818857962636,0.0
567,ObsDurationProblem_InWeek7,0.0010422910816184077,0.001932650847134945,0.0
568,NumberSubmissions-perc_correct_InWeek7,0.0012250493570641714,0.0003023947561404079,0.0
569,TimeSolveProblem_InWeek7,0.0014938664055711018,0.00190164744617903,0.0
570,ObsDurationProblem-var_InWeek7,0.00024015168646749773,0.00012436670909405024,0.0
571,ObsDurationProblem-max_InWeek7,0.0005055202618230834,0.0010607257430377138,0.0
572,TimeSessions-length_InWeek7,0.0014402291422319887,0.001747540679111323,0.0
573,NumberSubmissions-correct_InWeek7,0.00038598960076900745,0.0005380061949125157,0.0
574,TotalClicks_InWeek8,0.001238461788152051,0.0025492536711513056,0.0
575,NumberSessions_InWeek8,0.0008062396692141081,0.0014745018001461109,0.0
576,Time-video-sum_InWeek8,0.0005182456311614182,0.0011387459530316747,0.0
577,Time-problem-sum_InWeek8,0.0014216605684250158,0.0017344536884003683,0.0
578,video.pause-video.speedchange-video.play_InWeek8,0.0011914750113418992,8.631596532739609e-05,0.0
579,video.play-video.pause-video.load_InWeek8,0.0002728313967550444,4.3815629365208874e-05,0.0
580,video.play-video.play-video.play_InWeek8,0.00024955278280745503,0.00011097514550024209,0.0
581,video.play-video.stop-video.play_InWeek8,0.0015186602191508175,0.00012247940709358927,0.0
582,video.play-problem.check-problem.check_InWeek8,0.0014150693142364267,0.00015483516682288656,0.0
583,video.stop-video.play-video.seek_InWeek8,0.0014718795083120226,0.00024028170911079375,0.0
584,video.stop-problem.check-video.load_InWeek8,0.0015754871205968983,0.0002392787605077704,0.0
585,problem.check-problem.check-video.load_InWeek8,0.0014050289365155184,0.0015511462244550069,0.0
586,problem.check-problem.check-problem.check_InWeek8,0.0011132471395667073,0.0013398753471172509,0.0
587,RegPeakTime-m1_InWeek8,0.0011670124070449516,9.51517848890626e-05,0.0
588,RegPeriodicity-m1_InWeek8,0.0008388081057320241,0.001469342495849244,0.0
589,DelayLecture_InWeek8,0.0011101802406543104,8.612287707377514e-05,0.0
590,TimeSessions-sum_InWeek8,0.0014971256431885716,0.0019381244959404296,0.0
591,TimeSessions-mean_InWeek8,0.000753210243132858,0.0018554283615086838,0.0
592,TimeBetweenSessions-std_InWeek8,0.0004527048933185929,0.00118005621406708,0.0
593,TimeSessions-std_InWeek8,0.0013675098198819818,0.0013290988945792192,0.0
594,TotalClicks-weekday_InWeek8,0.0005067741319436903,2.4984286744199575e-05,0.0
595,TotalClicks-weekend_InWeek8,0.0011471688556331696,0.0016270190061582787,0.0
596,RatioClicksWeekendDay_InWeek8,0.0003011748679380893,0.0004158964424971875,0.0
597,AttendanceRate_InWeek8,0.0010998916568851084,0.0015240807254399069,0.0
598,UtilizationRate_InWeek8,0.0005292841473701859,0.0010320119504774988,0.0
599,WatchingRatio_InWeek8,0.00019369000891794076,0.0003256419153276118,0.0
600,TotalClicks-video.load_InWeek8,0.0006339885907960968,0.0006028312875994968,0.0
601,WeeklyProp-watched-mean_InWeek8,0.0008674050813768931,0.0015240807254399069,0.0
602,WeeklyProp-replayed-mean_InWeek8,0.0011860635094638919,0.0004096162754568277,0.0
603,WeeklyProp-interrupted-mean_InWeek8,0.0010468629460010461,0.0003390394964466177,0.0
604,FrequencyEvent-video_InWeek8,0.0002458822537915347,0.0018892098118790293,0.0
605,FrequencyEvent-video.load_InWeek8,0.0004763818076005498,0.0003243113714015455,0.0
606,FrequencyEvent-video.play_InWeek8,0.0005944669889266816,0.00168712374664796,0.0
607,FrequencyEvent-video.pause_InWeek8,0.0007681826112527508,0.0016825509358855907,0.0
608,FrequencyEvent-video.stop_InWeek8,0.0012059210778313676,0.0016509797155679201,0.0
609,FrequencyEvent-video.seekbackward_InWeek8,0.0014381157441020259,0.0017720086954328051,0.0
610,FrequencyEvent-video.seekforward_InWeek8,0.0013341222078541901,0.00010896613069975896,0.0
611,SeekLength-mean_InWeek8,0.001100248099707813,0.0008951150357413405,0.0
612,SeekLength-std_InWeek8,0.0005986746947151128,0.0014119096035574432,0.0
613,PauseDuration-mean_InWeek8,0.0013123285960702003,0.001208793551250103,0.0
614,PauseDuration-std_InWeek8,0.0010214776621516224,0.0004647117262869021,0.0
615,TimeSpeedingUp-mean_InWeek8,0.00028274135119753984,9.016145724858961e-05,0.0
616,TimeSpeedingUp-std_InWeek8,0.0004923574221638239,6.16122607303898e-05,0.0
617,FractionSpent-video.play_InWeek8,0.0005913016288093139,0.0012940970943625283,0.0
618,FractionSpent-video.play-completed_InWeek8,0.0009103391706580469,0.0015732045360177577,0.0
619,FractionSpent-video.play-played_InWeek8,0.0005384522800845598,0.0017867438120485134,0.0
620,FrequencyEvent-video.pause-total_InWeek8,0.0005188345349186888,0.0002699847070724024,0.0
621,FractionSpent-video.pause_InWeek8,0.0008077300854772895,0.0011455609306279713,0.0
622,SpeedPlayback-mean_InWeek8,0.000872391473362409,0.00011004851470988048,0.0
623,SpeedPlayback-std_InWeek8,0.0015361515557578956,2.686428275826075e-05,0.0
624,FrequencyEvent-video.seekbackward-total_InWeek8,0.0013282066281635045,0.0010005892925920943,0.0
625,FrequencyEvent-video.seekforward-total_InWeek8,0.0011077374304568634,0.00020356654215383972,0.0
626,CountUniqueElement-video_InWeek8,0.0003590669500129123,0.0007171503861153836,0.0
627,CompetencyCoverage_InWeek8,0.0007147511082381759,0.0018621571282321013,0.0
628,CompetencyAnticipation_InWeek8,0.0012658755451430543,9.423236623285997e-05,0.0
629,ContentAlignment_InWeek8,0.0009072598077580688,5.866464841916026e-05,0.0
630,ContentCoverage_InWeek8,0.0013039914237713583,0.001756204139638523,0.0
631,ContentAnticipation_InWeek8,0.0014754948985361315,0.00010580854886899146,0.0
632,StudentSpeed_InWeek8,0.0008073774398821249,0.000372323490970811,0.0
633,StudentActiveness_InWeek8,0.0013205256583851419,0.0010634337641796262,0.0
634,StudentThoughtfulness_InWeek8,0.0014627498546902575,0.0016688315586851988,0.0
635,StudentWeeklyActiveness_InWeek8,0.0011834978251000856,0.002729531225660708,0.0
636,WatchingIndex_InWeek8,0.0008252275754543002,0.0009867203647708075,0.0
637,FrequencyEvent-video.play-played_InWeek8,0.0005923916370390977,0.0011016816272741959,0.0
638,FrequencyEvent-video.play-relative_InWeek8,0.0003701604935551826,0.0007046520883571561,0.0
639,FrequencyEvent-video.pause-relative_InWeek8,0.0011920157879322258,0.0011455609306279713,0.0
640,FractionSpent-video.seek-time-backward_InWeek8,0.00042934482468446033,0.0017044493999990324,0.0
641,FractionSpent-video.seek-time-forward_InWeek8,0.000539085489471453,0.0010005892925920943,0.0
642,FrequencyEvent-video.seelforward-total_InWeek8,0.0006884708468282666,0.001965226917908914,0.0
643,FrequencyEvent-video.load-relative_InWeek8,0.0010698728759187932,0.002021573655118576,0.0
644,NumberSubmissions-distinct_InWeek8,0.0012230212216997576,0.0016836328178680962,0.0
645,NumberSubmissions_InWeek8,0.0006507058037375631,0.0016921199099984429,0.0
646,NumberSubmissions-distinct_correct_InWeek8,0.001442773801830879,0.0014175809251084305,0.0
647,NumberSubmissions-avg_InWeek8,0.0005721680549989121,0.00036108242124962517,0.0
648,NumberSubmissions-avg_time_InWeek8,0.00037617205516003775,0.0005351651407422638,0.0
649,ObsDurationProblem_InWeek8,0.0013813942166707094,0.0021490084138937786,0.0
650,NumberSubmissions-perc_correct_InWeek8,0.0011323980441602475,0.000303286288418209,0.0
651,TimeSolveProblem_InWeek8,0.0013351584725439956,0.001898615841959396,0.0
652,ObsDurationProblem-var_InWeek8,0.0008329820352166903,2.285230099113354e-05,0.0
653,ObsDurationProblem-max_InWeek8,0.00042598631022119866,0.0017456945487957223,0.0
654,TimeSessions-length_InWeek8,0.0006305616613317401,0.0014745018001461109,0.0
655,NumberSubmissions-correct_InWeek8,0.0006288965822482203,0.00040665325942803595,0.0
656,TotalClicks_InWeek9,0.0013232033355039246,0.0010953335818706575,0.0
657,NumberSessions_InWeek9,0.0009916936579091537,0.001463931350281452,0.0
658,Time-video-sum_InWeek9,0.000845117198184332,0.0011964547531725844,0.0
659,Time-problem-sum_InWeek9,0.0015561477477611099,0.0012361426221505292,0.0
660,video.pause-video.speedchange-video.play_InWeek9,0.0006889705469694827,0.0032752222072610785,0.0
661,video.play-video.pause-video.load_InWeek9,0.00023918509717223545,5.496157115109473e-05,0.0
662,video.play-video.play-video.play_InWeek9,0.00025800618423260104,3.535601765043272e-05,0.0
663,video.play-video.stop-video.play_InWeek9,0.001447663288684096,0.00011459224851060144,0.0
664,video.play-problem.check-problem.check_InWeek9,0.001609078252970761,0.00014497625284190814,0.0
665,video.stop-video.play-video.seek_InWeek9,0.0016748168937087643,0.00023247734454885478,0.0
666,video.stop-problem.check-video.load_InWeek9,0.0016256889416196144,7.156273372794393e-05,0.0
667,problem.check-problem.check-video.load_InWeek9,0.0013845376233861735,0.0016159735853568727,0.0
668,problem.check-problem.check-problem.check_InWeek9,0.00158837058010093,0.0011246645875746806,0.0
669,RegPeakTime-m1_InWeek9,0.0011490184533535066,0.00011443642693059712,0.0
670,RegPeriodicity-m1_InWeek9,0.0007031156622740614,0.0014318517437716574,0.0
671,DelayLecture_InWeek9,0.0006837064078091774,5.489536737737061e-05,0.0
672,TimeSessions-sum_InWeek9,0.0013881545483850457,0.0022461866728978952,0.0
673,TimeSessions-mean_InWeek9,0.0008996694474613192,0.0021651171420444633,0.0
674,TimeBetweenSessions-std_InWeek9,0.0013083982722816804,0.0012233021889382978,0.0
675,TimeSessions-std_InWeek9,0.0012670459684473096,0.001694173540913934,0.0
676,TotalClicks-weekday_InWeek9,0.0006266813549326585,0.0011849828156645776,0.0
677,TotalClicks-weekend_InWeek9,0.0009583262277539114,0.0010538016156920523,0.0
678,RatioClicksWeekendDay_InWeek9,0.0008270594437409655,0.0002650441361188388,0.0
679,AttendanceRate_InWeek9,0.00124729063684864,0.0014321332257981017,0.0
680,UtilizationRate_InWeek9,0.000590386396815363,0.0014697091377702646,0.0
681,WatchingRatio_InWeek9,0.0004481569093413805,0.00011204674941450642,0.0
682,TotalClicks-video.load_InWeek9,0.0010018701930694996,0.0013260331864191337,0.0
683,WeeklyProp-watched-mean_InWeek9,0.0006328333315920479,0.0014321332257981017,0.0
684,WeeklyProp-replayed-mean_InWeek9,0.0010603835872368824,0.0018868778690434075,0.0
685,WeeklyProp-interrupted-mean_InWeek9,0.0006753105513797717,0.0008455981701960506,0.0
686,FrequencyEvent-video_InWeek9,0.0009507431726523427,0.0022151111950760743,0.0
687,FrequencyEvent-video.load_InWeek9,0.0001826767780560375,0.00021222401293141468,0.0
688,FrequencyEvent-video.play_InWeek9,0.001070681725152026,0.0015941346884755401,0.0
689,FrequencyEvent-video.pause_InWeek9,0.0009207976806749813,0.0016874395819852972,0.0
690,FrequencyEvent-video.stop_InWeek9,0.0011109399527440141,0.0012533191732585008,0.0
691,FrequencyEvent-video.seekbackward_InWeek9,0.0015676614668706445,0.0017312212334168538,0.0
692,FrequencyEvent-video.seekforward_InWeek9,0.0009187151545528696,0.00010132420997963147,0.0
693,SeekLength-mean_InWeek9,0.0008707458249830129,0.0005853041369810212,0.0
694,SeekLength-std_InWeek9,0.00033839212599560286,0.0011146512809205348,0.0
695,PauseDuration-mean_InWeek9,0.001325710702121726,0.002356447207130976,0.0
696,PauseDuration-std_InWeek9,0.0012290054357417173,0.0001357541368267401,0.0
697,TimeSpeedingUp-mean_InWeek9,0.00045294919700373886,9.505387041474794e-05,0.0
698,TimeSpeedingUp-std_InWeek9,0.0003792480176139795,2.9463035706544992e-05,0.0
699,FractionSpent-video.play_InWeek9,0.0007734497313729989,0.001734649884954152,0.0
700,FractionSpent-video.play-completed_InWeek9,0.001091226213894227,0.0016409097495693047,0.0
701,FractionSpent-video.play-played_InWeek9,0.0006382097486248231,0.0016481838273537277,0.0
702,FrequencyEvent-video.pause-total_InWeek9,0.0005610499726044018,0.00015982860489524152,0.0
703,FractionSpent-video.pause_InWeek9,0.0007096532715619668,0.0021544303746657526,0.0
704,SpeedPlayback-mean_InWeek9,0.0009997236798294318,4.918267859156329e-05,0.0
705,SpeedPlayback-std_InWeek9,0.001442124046509312,0.0017945871439165489,0.0
706,FrequencyEvent-video.seekbackward-total_InWeek9,0.0007049662742710701,0.001243933559311955,0.0
707,FrequencyEvent-video.seekforward-total_InWeek9,0.0016083092166972945,4.160749434695833e-05,0.0
708,CountUniqueElement-video_InWeek9,0.0005618135482002673,0.002462774303248795,0.0
709,CompetencyCoverage_InWeek9,0.0006713233113383796,0.0016583980692162503,0.0
710,CompetencyAnticipation_InWeek9,0.0009975353915848172,8.815056861147523e-05,0.0
711,ContentAlignment_InWeek9,0.0007295160481352681,6.533185965074268e-05,0.0
712,ContentCoverage_InWeek9,0.0014082005579663273,0.0018568282487121943,0.0
713,ContentAnticipation_InWeek9,0.0017172531201123267,7.737928219941274e-05,0.0
714,StudentSpeed_InWeek9,0.0008020851357155642,0.00019965116790465084,0.0
715,StudentActiveness_InWeek9,0.0013028570355175788,0.0013836773456595882,0.0
716,StudentThoughtfulness_InWeek9,0.001210677841832742,0.00166034637623954,0.0
717,StudentWeeklyActiveness_InWeek9,0.001566189864599536,0.0028461964717911964,0.0
718,WatchingIndex_InWeek9,0.0005474519008813393,0.0012711991947640562,0.0
719,FrequencyEvent-video.play-played_InWeek9,0.0007756221599794701,0.0019976859004555416,0.0
720,FrequencyEvent-video.play-relative_InWeek9,0.0014272737226515174,0.0017062310444608338,0.0
721,FrequencyEvent-video.pause-relative_InWeek9,0.001070457718230057,0.0021544303746657526,0.0
722,FractionSpent-video.seek-time-backward_InWeek9,0.00037756900369973243,0.002198092037580745,0.0
723,FractionSpent-video.seek-time-forward_InWeek9,0.0004685401921932866,0.001243933559311955,0.0
724,FrequencyEvent-video.seelforward-total_InWeek9,0.0007344346605058346,0.001588109833887319,0.0
725,FrequencyEvent-video.load-relative_InWeek9,0.0012480880197187074,0.0017540976335851215,0.0
726,NumberSubmissions-distinct_InWeek9,0.0008570134081296403,0.0018693398321385061,0.0
727,NumberSubmissions_InWeek9,0.0005716160535787766,0.0017636604458040575,0.0
728,NumberSubmissions-distinct_correct_InWeek9,0.0014232006124854466,0.0016940300688449254,0.0
729,NumberSubmissions-avg_InWeek9,0.00045172598844709164,0.00022381443669613557,0.0
730,NumberSubmissions-avg_time_InWeek9,0.0002037355958076819,0.00015802657936363958,0.0
731,ObsDurationProblem_InWeek9,0.00026211842746732606,0.0016523301878056508,0.0
732,NumberSubmissions-perc_correct_InWeek9,0.0012239617570372835,0.00024002255079085447,0.0
733,TimeSolveProblem_InWeek9,0.0009779453462273715,0.002183604150641621,0.0
734,ObsDurationProblem-var_InWeek9,0.000824465444657837,0.00031947314000335664,0.0
735,ObsDurationProblem-max_InWeek9,0.0004471155708526782,0.0021572891191406567,0.0
736,TimeSessions-length_InWeek9,0.0007066240916103863,0.001463931350281452,0.0
737,NumberSubmissions-correct_InWeek9,0.0004008217094176906,0.00024018750604113163,0.0
738,TotalClicks_InWeek10,0.00116208235923987,0.0015961558218020703,0.0
739,NumberSessions_InWeek10,0.0007030080350934232,0.0009037189083020666,0.0
740,Time-video-sum_InWeek10,0.0012967665168208272,0.0013622471259259906,0.0
741,Time-problem-sum_InWeek10,0.0015793634808486617,0.001771139044895383,0.0
742,video.pause-video.speedchange-video.play_InWeek10,0.0019085133714523638,6.362243045238169e-05,0.0
743,video.play-video.pause-video.load_InWeek10,0.0004951910286468816,0.00013226413634825486,0.0
744,video.play-video.play-video.play_InWeek10,0.0005854889195732721,9.675505868029771e-05,0.0
745,video.play-video.stop-video.play_InWeek10,0.0011622237234034211,2.9906314099825076e-05,0.00015217480760788512
746,video.play-problem.check-problem.check_InWeek10,0.0016036784742690614,0.00010245149171049169,0.0
747,video.stop-video.play-video.seek_InWeek10,0.0014017795798180776,0.00012165694887982961,0.0
748,video.stop-problem.check-video.load_InWeek10,0.001929351778318023,3.439461858699657e-05,0.0003736749705599711
749,problem.check-problem.check-video.load_InWeek10,0.0011681369607941733,0.0009093223148891891,0.0
750,problem.check-problem.check-problem.check_InWeek10,0.0011548530413961436,0.0008777902201961114,0.0
751,RegPeakTime-m1_InWeek10,0.0013163246549490468,0.00011228226520232393,0.0
752,RegPeriodicity-m1_InWeek10,0.0005296045674331374,0.0022857764084834057,0.0
753,DelayLecture_InWeek10,0.00041349684149315306,3.4336344708400324e-05,0.0
754,TimeSessions-sum_InWeek10,0.0010107183025323296,0.002104687183357687,0.0
755,TimeSessions-mean_InWeek10,0.0014565703484645533,0.0017455443306257407,0.0
756,TimeBetweenSessions-std_InWeek10,0.0011113402706762197,0.001513346296358903,0.0
757,TimeSessions-std_InWeek10,0.0010146698047860114,0.0020237614523981044,0.0
758,TotalClicks-weekday_InWeek10,0.0007929935839031506,0.0010140236301660291,0.0
759,TotalClicks-weekend_InWeek10,0.0008475622349565468,0.0002454370971659935,0.0
760,RatioClicksWeekendDay_InWeek10,0.000528578976695411,4.7348684729298714e-05,0.0
761,AttendanceRate_InWeek10,0.0010679885063670299,0.0015319970314772947,0.0
762,UtilizationRate_InWeek10,0.0005677251271905754,0.0016301448039769252,0.0
763,WatchingRatio_InWeek10,0.0006639469212191412,0.0001359702221888066,0.0
764,TotalClicks-video.load_InWeek10,0.000499398999303588,0.0006126163708434293,0.0
765,WeeklyProp-watched-mean_InWeek10,0.0006978392943224647,0.0015319970314772947,0.0
766,WeeklyProp-replayed-mean_InWeek10,0.0014734653562703966,9.202156421731457e-05,0.0
767,WeeklyProp-interrupted-mean_InWeek10,0.0007418041495936322,0.00025014833668759816,0.0
768,FrequencyEvent-video_InWeek10,0.0006116865047080268,2.285277950631125e-05,0.0
769,FrequencyEvent-video.load_InWeek10,0.0005016843744416481,0.00010348213277740972,0.0
770,FrequencyEvent-video.play_InWeek10,0.0012860070789241162,0.0016749598920696549,0.0
771,FrequencyEvent-video.pause_InWeek10,0.0011038070912491001,0.001777548112925788,0.0
772,FrequencyEvent-video.stop_InWeek10,0.0012503765034543026,0.0016526330440966898,0.0
773,FrequencyEvent-video.seekbackward_InWeek10,0.0013387537681860038,0.0019038054387049957,0.0
774,FrequencyEvent-video.seekforward_InWeek10,0.0015909365570398338,5.639901772827358e-05,0.0
775,SeekLength-mean_InWeek10,0.0006962290992899575,0.0009049766803621758,0.0
776,SeekLength-std_InWeek10,0.0008816732724969806,0.0010061513440356897,0.0
777,PauseDuration-mean_InWeek10,0.001210395882962859,0.0017714589015244576,0.0
778,PauseDuration-std_InWeek10,0.0012980063224131535,0.00012325191883857768,0.0
779,TimeSpeedingUp-mean_InWeek10,0.0008953447172652732,9.549622160709152e-05,0.0
780,TimeSpeedingUp-std_InWeek10,0.0004158156545965228,2.793511318703431e-05,0.0
781,FractionSpent-video.play_InWeek10,0.0007102766458604543,0.0020084750046285263,0.0
782,FractionSpent-video.play-completed_InWeek10,0.0014828505191541114,0.0015967025041109433,0.0
783,FractionSpent-video.play-played_InWeek10,0.0008038989265523591,0.001815372638046701,0.0
784,FrequencyEvent-video.pause-total_InWeek10,0.0011313128880239005,7.752512852471657e-05,0.0
785,FractionSpent-video.pause_InWeek10,0.0008578597104431831,0.0019378344271628756,0.0
786,SpeedPlayback-mean_InWeek10,0.0006614164889719213,2.2862759562092665e-05,0.0
787,SpeedPlayback-std_InWeek10,0.0015492045658781772,0.0017463804171980735,0.0
788,FrequencyEvent-video.seekbackward-total_InWeek10,0.0010305019482157796,0.001492160433099787,0.0
789,FrequencyEvent-video.seekforward-total_InWeek10,0.0013529047655814457,0.0018340309664554128,0.0
790,CountUniqueElement-video_InWeek10,0.00040286439368158734,0.0005856919577100501,0.0
791,CompetencyCoverage_InWeek10,0.0006076372654011454,0.0015522726325682458,0.0
792,CompetencyAnticipation_InWeek10,0.0,8.030868573611488e-05,0.0004852822182513085
793,CompetencyAnticipation_InWeek10,0.0,8.030868573611488e-05,0.015052426268523099
794,ContentAlignment_InWeek10,0.000881825374029398,0.0015319970314772947,0.0
795,ContentCoverage_InWeek10,0.001385061019626826,0.0016599940146080835,0.0
796,ContentAnticipation_InWeek10,0.001686814458747618,8.533013943739297e-05,0.0043142220862023425
797,StudentSpeed_InWeek10,0.00041328855777054296,6.962434580081952e-05,0.0
798,StudentActiveness_InWeek10,0.0011927675663483937,0.0027950126981156373,0.0
799,StudentThoughtfulness_InWeek10,0.0007718602675497148,0.001821873355221947,0.0
800,StudentWeeklyActiveness_InWeek10,0.001157819905149527,0.0031321971289621354,0.0
801,WatchingIndex_InWeek10,0.0007156216383454847,0.001747028582043898,0.0
802,FrequencyEvent-video.play-played_InWeek10,0.0014295185399193536,0.0018362005217274263,0.0
803,FrequencyEvent-video.play-relative_InWeek10,0.001044437219087644,0.001216505531711379,0.0
804,FrequencyEvent-video.pause-relative_InWeek10,0.00042791605626212064,0.0019378344271628756,0.0
805,FractionSpent-video.seek-time-backward_InWeek10,0.000611866809828772,0.0016688473497864411,0.0
806,FractionSpent-video.seek-time-forward_InWeek10,0.0009924486897291238,0.001492160433099787,0.0
807,FrequencyEvent-video.seelforward-total_InWeek10,0.0007456713998802488,0.0022229964092975105,0.0
808,FrequencyEvent-video.load-relative_InWeek10,0.0014153637227259824,0.0016584735184757206,0.0
809,NumberSubmissions-distinct_InWeek10,0.0015552889520404733,0.0016502251341061129,0.0
810,NumberSubmissions_InWeek10,0.0006206460544535725,0.0010010684974269704,0.0
811,NumberSubmissions-distinct_correct_InWeek10,0.001598187755350567,0.001467936255336944,0.0
812,NumberSubmissions-avg_InWeek10,0.0004118856824531924,0.00010704164026635996,0.0
813,NumberSubmissions-avg_time_InWeek10,0.0011945380434520026,0.00014024574194679125,0.0
814,ObsDurationProblem_InWeek10,0.0007317246497403723,0.003014652771678607,0.0
815,NumberSubmissions-perc_correct_InWeek10,0.001565108350108913,0.00015861086467997872,0.0
816,TimeSolveProblem_InWeek10,0.001357796925111987,0.0008206275041639686,0.0
817,ObsDurationProblem-var_InWeek10,0.0010704677775847829,0.0014031772588059131,0.0
818,ObsDurationProblem-max_InWeek10,0.00043491797318762743,0.002770780597527925,0.0
819,TimeSessions-length_InWeek10,0.00045064460311898454,0.0009037189083020666,0.0
820,NumberSubmissions-correct_InWeek10,0.00027766581887388387,0.00019969426568984357,0.0
821,TotalClicks_InWeek11,0.001212823487663907,0.00118031277317344,0.0
822,NumberSessions_InWeek11,0.0012012155422096728,0.0016072230465633444,0.0
823,Time-video-sum_InWeek11,0.0012554872535149788,0.002035638545836721,0.0
824,Time-problem-sum_InWeek11,0.0015457891633827334,0.0009334408056237769,0.0
825,video.pause-video.speedchange-video.play_InWeek11,0.0018992696422783855,7.98481855417509e-05,0.0
826,video.play-video.pause-video.load_InWeek11,0.000552133304759191,0.001490041377314739,0.0
827,video.play-video.play-video.play_InWeek11,0.0010759763106353232,0.0028846606074739603,0.0
828,video.play-video.stop-video.play_InWeek11,0.0019289292150585396,3.545919500305523e-05,0.0
829,video.play-problem.check-problem.check_InWeek11,0.0013920741277194575,0.00011635850941660112,0.0
830,video.stop-video.play-video.seek_InWeek11,0.0018999787359160081,8.306695129034566e-05,0.0
831,video.stop-problem.check-video.load_InWeek11,0.0019289292150585396,3.545919500305523e-05,0.0
832,problem.check-problem.check-video.load_InWeek11,0.0014032408512690425,0.0010110746284549888,0.0
833,problem.check-problem.check-problem.check_InWeek11,0.001612774850982521,0.0010832978243229634,0.0
834,RegPeakTime-m1_InWeek11,0.0006538456747785021,9.813120955571095e-05,0.0
835,RegPeriodicity-m1_InWeek11,0.0010467153389029436,0.0017591574867214896,0.0
836,DelayLecture_InWeek11,0.0,3.6255969311569647e-05,0.012360869722131893
837,TimeSessions-sum_InWeek11,0.0007967801969942239,0.001320949688342711,0.0
838,TimeSessions-mean_InWeek11,0.0007749072495718114,0.001320949688342711,0.0
839,TimeBetweenSessions-std_InWeek11,0.0,0.0,0.0007970279932075314
840,TimeSessions-std_InWeek11,0.0,0.0,0.005534341988239868
841,TotalClicks-weekday_InWeek11,0.0004519568339162805,0.0019925905751938832,0.0
842,TotalClicks-weekend_InWeek11,0.001216397836074464,0.0013362122649923382,0.0
843,RatioClicksWeekendDay_InWeek11,0.0008540015374954332,0.0022921371235766234,0.0
844,AttendanceRate_InWeek11,0.0,0.0,0.007658503992346782
845,UtilizationRate_InWeek11,0.0,0.0,0.014800576416412192
846,WatchingRatio_InWeek11,0.0,4.338735763607061e-05,0.01401341870574401
847,TotalClicks-video.load_InWeek11,0.0005203130460688678,0.0013190508292756605,0.0
848,WeeklyProp-watched-mean_InWeek11,0.0,0.0,0.007416951040518554
849,WeeklyProp-replayed-mean_InWeek11,0.0,0.0,0.0008812297353850646
850,WeeklyProp-interrupted-mean_InWeek11,0.0,0.0,0.014488729273105785
851,FrequencyEvent-video_InWeek11,0.0001891751241786944,2.755810711355016e-05,0.0
852,FrequencyEvent-video.load_InWeek11,0.0005041387116667132,2.2860205229699725e-05,0.0
853,FrequencyEvent-video.play_InWeek11,0.000990525785726724,0.001675817833835847,0.0
854,FrequencyEvent-video.pause_InWeek11,0.0007817465506681161,2.289343679721067e-05,0.0
855,FrequencyEvent-video.stop_InWeek11,0.0012582967213661416,0.001587472815969889,0.0
856,FrequencyEvent-video.seekbackward_InWeek11,0.0015789525551552616,0.002390789076087706,0.0
857,FrequencyEvent-video.seekforward_InWeek11,0.0012198919892037953,0.0015113362298378628,0.0
858,SeekLength-mean_InWeek11,0.001223230236263914,0.0016810014025451091,0.0
859,SeekLength-std_InWeek11,0.000603276889898713,0.0016763356953496324,0.0
860,PauseDuration-mean_InWeek11,0.0012009116069125034,0.00175442986122554,0.0
861,PauseDuration-std_InWeek11,0.001127802763410786,0.00016828813547979576,0.0
862,TimeSpeedingUp-mean_InWeek11,0.0005060744402464291,9.626931094393111e-05,0.0
863,TimeSpeedingUp-std_InWeek11,0.0003196157596594227,2.2857196985289508e-05,0.0
864,FractionSpent-video.play_InWeek11,0.0,0.0,0.0084146263802698
865,FractionSpent-video.play-completed_InWeek11,0.0,0.0,0.0009636241904457599
866,FractionSpent-video.play-played_InWeek11,0.0,0.0,0.012555199214215808
867,FrequencyEvent-video.pause-total_InWeek11,0.0007175192508952412,5.8932590215694614e-05,0.0
868,FractionSpent-video.pause_InWeek11,0.0,0.0,0.0035544260168495264
869,SpeedPlayback-mean_InWeek11,0.0011799605647760433,0.0017136007860080833,0.0
870,SpeedPlayback-std_InWeek11,0.0014436783484576637,0.0018903020193366258,0.0
871,FrequencyEvent-video.seekbackward-total_InWeek11,0.0010891372260655062,0.0013449351973738339,0.0
872,FrequencyEvent-video.seekforward-total_InWeek11,0.0011793555867962028,0.0019650638610021628,0.0
873,CountUniqueElement-video_InWeek11,0.0005430982168418016,0.0013601404068134873,0.0
874,CompetencyCoverage_InWeek11,0.0008647797088203181,0.0015232385372617632,0.0
875,CompetencyAnticipation_InWeek11,0.0,6.0661125820614026e-05,0.003697996009654222
876,ContentAlignment_InWeek11,0.0,0.0,0.014734074546243734
877,ContentCoverage_InWeek11,0.0013008508717026208,0.0014229869001831563,0.0
878,ContentAnticipation_InWeek11,0.001581621849090026,6.498413840419964e-05,0.0027367113151502637
879,ContentAnticipation_InWeek11,0.001581621849090026,6.498413840419964e-05,0.00016510337429705542
880,StudentSpeed_InWeek11,0.0,2.4816181106537828e-05,0.0
881,StudentActiveness_InWeek11,0.001175084443202533,0.0018892025230926705,0.0
882,StudentThoughtfulness_InWeek11,0.000615351829727735,0.0016468924583407224,0.0
883,StudentWeeklyActiveness_InWeek11,0.0011052061307787295,0.0031462815020988897,0.0
884,WatchingIndex_InWeek11,0.0,0.0,0.014335526203298553
885,FrequencyEvent-video.play-played_InWeek11,0.0013047796409597742,0.0017576574053629903,0.0
886,FrequencyEvent-video.play-relative_InWeek11,0.0012893045018087302,0.0015152206731249207,0.0
887,FrequencyEvent-video.pause-relative_InWeek11,0.0,0.0,0.006886722633163673
888,FractionSpent-video.seek-time-backward_InWeek11,0.0,0.0,0.014745290443365642
889,FractionSpent-video.seek-time-forward_InWeek11,0.0009095997774543543,0.0013449351973738339,0.0
890,FrequencyEvent-video.seelforward-total_InWeek11,0.0010807968132261227,0.0017136007860080833,0.0
891,FrequencyEvent-video.load-relative_InWeek11,0.0019283889654191783,0.0,0.0004898522259751499
892,NumberSubmissions-distinct_InWeek11,0.0,0.0,0.006845525862340877
893,NumberSubmissions_InWeek11,0.0,0.0,0.010285899773224819
894,NumberSubmissions-distinct_correct_InWeek11,0.0019283889654191783,0.0,0.0017414399616576864
895,NumberSubmissions-avg_InWeek11,0.0,4.846371418281002e-05,0.009802590170319519
896,NumberSubmissions-avg_time_InWeek11,0.0,0.00018470221950836927,0.014233204307289391
897,ObsDurationProblem_InWeek11,0.0,0.0,0.00752163326453911
898,NumberSubmissions-perc_correct_InWeek11,0.0,0.00012218484324328627,0.0036965487336731717
899,NumberSubmissions-perc_correct_InWeek11,0.0,0.00012218484324328627,0.015052426268523099
900,TimeSolveProblem_InWeek11,0.0008226663466504319,0.0013911079845408238,0.0
901,ObsDurationProblem-var_InWeek11,0.0010054977300875524,0.0008911877967403755,0.0
902,ObsDurationProblem-max_InWeek11,0.0004260560338810555,0.002266202038288319,0.0
903,TimeSessions-length_InWeek11,0.0008903402315138204,0.0016072230465633444,0.00016510337429705542
904,NumberSubmissions-correct_InWeek11,0.0,6.578923616945052e-05,0.013345614139496769
905,TotalClicks_InWeek12,0.0015291272680780744,0.002031989305140509,0.0
906,NumberSessions_InWeek12,0.0007730700075275924,0.0014159658409218167,0.0
907,Time-video-sum_InWeek12,0.0012176834422820352,0.0018162455668721477,0.0
908,Time-problem-sum_InWeek12,0.0017559879015651785,0.0007845169349199791,0.0
909,video.pause-video.speedchange-video.play_InWeek12,0.0011567130951189877,0.0,0.0
910,video.play-video.pause-video.load_InWeek12,0.00042806010364912636,0.0018909594331124814,0.0
911,video.play-video.play-video.play_InWeek12,0.0007334360991553832,0.0010861922539023158,0.0
912,video.play-video.stop-video.play_InWeek12,0.001193914905425737,0.0,0.0
913,video.play-problem.check-problem.check_InWeek12,0.0019202303256763487,8.972891469627417e-05,0.0
914,video.stop-video.play-video.seek_InWeek12,0.0017505376871712706,9.501619524199512e-05,0.00015055289962377376
915,video.stop-problem.check-video.load_InWeek12,0.0019282778721225143,3.488225519367707e-05,0.0
916,problem.check-problem.check-video.load_InWeek12,0.0015528123358515159,6.808530829557442e-05,0.0
917,problem.check-problem.check-problem.check_InWeek12,0.0014086904848785778,0.0007023454323296184,0.0
918,RegPeakTime-m1_InWeek12,0.0014962062612219199,9.708175117332038e-05,0.0
919,RegPeriodicity-m1_InWeek12,0.0013605653660291469,0.002161392086901566,0.0
920,DelayLecture_InWeek12,0.0,0.0,0.013965339693946623
921,TimeSessions-sum_InWeek12,0.0011559795953833718,0.001683119267197928,0.0
922,TimeSessions-mean_InWeek12,0.0009616387554406458,0.001683119267197928,0.0
923,TimeBetweenSessions-std_InWeek12,0.0,0.0,0.0004108895136914462
924,TimeBetweenSessions-std_InWeek12,0.0,0.0,0.015052426268523099
925,TimeSessions-std_InWeek12,0.0,0.0,0.0006441146503025344
926,TotalClicks-weekday_InWeek12,0.00029386089193248063,0.001458244656382087,0.0
927,TotalClicks-weekend_InWeek12,0.001381099871150817,0.0005948753453134098,0.0
928,RatioClicksWeekendDay_InWeek12,0.0008206214563852554,0.0009714215962736195,0.0
929,AttendanceRate_InWeek12,0.0,0.0,0.00974426679156022
930,UtilizationRate_InWeek12,0.0,0.0,0.007374438279956199
931,WatchingRatio_InWeek12,0.0,0.0,0.01414446376313026
932,TotalClicks-video.load_InWeek12,0.001428906974132865,0.001713087403778543,0.0
933,WeeklyProp-watched-mean_InWeek12,0.0,0.0,0.010453538476062967
934,WeeklyProp-replayed-mean_InWeek12,0.0,0.0,0.0013661611906013878
935,WeeklyProp-interrupted-mean_InWeek12,0.0,0.0,0.01503338315930362
936,FrequencyEvent-video_InWeek12,0.00034149143273471316,0.00011249325809836355,0.0
937,FrequencyEvent-video.load_InWeek12,0.0003836196495662946,0.0005293000957964453,0.0
938,FrequencyEvent-video.play_InWeek12,0.0012059379008081518,0.0017069012282602061,0.0
939,FrequencyEvent-video.pause_InWeek12,0.0012938168840247234,2.2872273220860613e-05,0.0
940,FrequencyEvent-video.stop_InWeek12,0.0012005807544420172,0.0020288624700223047,0.0
941,FrequencyEvent-video.seekbackward_InWeek12,0.0015208722899553511,0.0011277846428486376,0.0
942,FrequencyEvent-video.seekforward_InWeek12,0.0008998013253574677,0.0011527684961460368,0.0
943,SeekLength-mean_InWeek12,0.0007938395386758093,0.0012729197703580867,0.0
944,SeekLength-std_InWeek12,0.0009511625610279514,0.0024543946410087287,0.0
945,PauseDuration-mean_InWeek12,0.001036819602157573,0.0011064947254347012,0.0
946,PauseDuration-std_InWeek12,0.0007733864640173501,0.00022236176854124385,0.0
947,TimeSpeedingUp-mean_InWeek12,0.0003709760993176938,5.552720892053649e-05,0.0
948,TimeSpeedingUp-std_InWeek12,0.00041668432930100125,2.2906584697273736e-05,0.0
949,FractionSpent-video.play_InWeek12,0.0,0.0,0.011429768722053106
950,FractionSpent-video.play-completed_InWeek12,0.0,0.0,0.0010452573209177537
951,FractionSpent-video.play-played_InWeek12,0.0,0.0,0.009052496682624455
952,FrequencyEvent-video.pause-total_InWeek12,0.000636931910107289,2.2891710061628342e-05,0.0
953,FractionSpent-video.pause_InWeek12,0.0,0.0,0.006226343770877372
954,SpeedPlayback-mean_InWeek12,0.001100503927892716,0.0019786615425179525,0.0
955,SpeedPlayback-std_InWeek12,0.0015260155779035665,0.001891050667519116,0.0
956,FrequencyEvent-video.seekbackward-total_InWeek12,0.0013039445127473585,0.0008870223624534898,0.0
957,FrequencyEvent-video.seekforward-total_InWeek12,0.0014350357169576142,0.0018574857570757472,0.0
958,CountUniqueElement-video_InWeek12,0.00039880602241583707,0.0022606268489403134,0.0
959,CompetencyCoverage_InWeek12,0.0006305333583983052,0.001583951418772998,0.0
960,CompetencyAnticipation_InWeek12,0.0,0.0,0.006624138209276075
961,ContentAlignment_InWeek12,0.0,0.0,0.014751015944412743
962,ContentCoverage_InWeek12,0.0011327721015591795,0.0020897337812792187,0.0
963,ContentAnticipation_InWeek12,0.00142171758443836,4.5654374292064567e-05,0.0017080684438283043
964,StudentSpeed_InWeek12,0.0,0.0003647418919738976,0.0
965,StudentActiveness_InWeek12,0.0012345292052288546,0.0011625955597617443,0.0
966,StudentThoughtfulness_InWeek12,0.0005569014945375314,0.0016948887056578718,0.0
967,StudentWeeklyActiveness_InWeek12,0.0011742295183270132,0.00026557187304965827,0.0
968,WatchingIndex_InWeek12,0.0,0.0,0.014826605105549475
969,FrequencyEvent-video.play-played_InWeek12,0.0010441106792742907,0.0023177377684300833,0.0
970,FrequencyEvent-video.play-relative_InWeek12,0.0006265248053143974,0.00115368520916284,0.0
971,FrequencyEvent-video.pause-relative_InWeek12,0.0,0.0,0.005512336038732697
972,FractionSpent-video.seek-time-backward_InWeek12,0.0,0.0,0.01444700907948788
973,FractionSpent-video.seek-time-forward_InWeek12,0.0009666469548711082,0.0008870223624534898,0.0
974,FrequencyEvent-video.seelforward-total_InWeek12,0.0004658696449828266,0.0019786615425179525,0.0
975,FrequencyEvent-video.load-relative_InWeek12,0.0,0.0,0.0012440324425814736
976,NumberSubmissions-distinct_InWeek12,0.0,0.0,0.0053782688750142514
977,NumberSubmissions_InWeek12,0.0,0.0,0.0043505927711886255
978,NumberSubmissions-distinct_correct_InWeek12,0.0,0.0,0.0016175286844150596
979,NumberSubmissions-avg_InWeek12,0.0,0.0,0.01505825054363618
980,NumberSubmissions-avg_time_InWeek12,0.0,0.000124470553891127,0.014406139236225827
981,ObsDurationProblem_InWeek12,0.0,0.0,0.006922837252285615
982,NumberSubmissions-perc_correct_InWeek12,0.0,7.936313839555304e-05,0.00589873830264727
983,NumberSubmissions-perc_correct_InWeek12,0.0,7.936313839555304e-05,0.015052426268523099
984,TimeSolveProblem_InWeek12,0.0013874634042357484,0.001255228281592011,0.0
985,ObsDurationProblem-var_InWeek12,0.0010787091632140746,0.0008999195117234673,0.0
986,ObsDurationProblem-max_InWeek12,0.0005211545478746869,0.0004299704015779523,0.0
987,TimeSessions-length_InWeek12,0.0008051044046602025,0.0014159658409218167,0.0
988,NumberSubmissions-correct_InWeek12,0.0,0.0,0.014518177285448772
989,TotalClicks_InWeek13,0.0016822191449657783,0.0014018154106934118,0.0
990,NumberSessions_InWeek13,0.0007140723819341433,0.0008272939087619088,0.0
991,Time-video-sum_InWeek13,0.0006303921795057094,0.002386129437183478,0.0
992,Time-problem-sum_InWeek13,0.001795998748296657,0.002310041602162073,0.0
993,video.pause-video.speedchange-video.play_InWeek13,0.0007822292556961079,0.0,0.0
994,video.play-video.pause-video.load_InWeek13,0.00038703072718653593,0.0001252150440150351,0.0
995,video.play-video.play-video.play_InWeek13,0.0006390052736641153,2.6844801966545993e-05,0.0
996,video.play-video.stop-video.play_InWeek13,0.0,0.0,0.015063230693011733
997,video.play-problem.check-problem.check_InWeek13,0.0016593318252103662,7.719641066010673e-05,0.0
998,video.stop-video.play-video.seek_InWeek13,0.0019250838273535392,0.00013957196597801674,0.0001552389904994261
999,video.stop-problem.check-video.load_InWeek13,0.0019271838463165796,3.5182982090590386e-05,0.0
1000,problem.check-problem.check-video.load_InWeek13,0.001195763344278621,0.001411970000398278,0.0
1001,problem.check-problem.check-problem.check_InWeek13,0.0013323081840080208,0.00038329990154390786,0.0
1002,RegPeakTime-m1_InWeek13,0.0014529946601880618,7.402379161118007e-05,0.0
1003,RegPeriodicity-m1_InWeek13,0.0009353383233589941,0.0008878240080831254,0.0
1004,DelayLecture_InWeek13,0.0,0.0,0.014427903222826681
1005,TimeSessions-sum_InWeek13,0.0012810303245023918,0.0026433917690694775,0.0
1006,TimeSessions-mean_InWeek13,0.001453223994000332,0.0026433917690694775,0.0
1007,TimeBetweenSessions-std_InWeek13,0.0,0.0,0.005084835949541799
1008,TimeSessions-std_InWeek13,0.0,0.0,0.0006436215319582993
1009,TotalClicks-weekday_InWeek13,0.000667244303534389,0.0004447782333219813,0.0
1010,TotalClicks-weekend_InWeek13,0.0012006943074068597,0.000727656874227706,0.0
1011,RatioClicksWeekendDay_InWeek13,0.0014104692234226503,4.08520814026444e-05,0.0
1012,AttendanceRate_InWeek13,0.0,0.0,0.007018229617325654
1013,AttendanceRate_InWeek13,0.0,0.0,0.015052426268523099
1014,UtilizationRate_InWeek13,0.0,0.0,0.014703050281358735
1015,WatchingRatio_InWeek13,0.0,0.0,0.014717723965062489
1016,TotalClicks-video.load_InWeek13,0.0015987599365546506,0.0009849155653420846,0.0
1017,WeeklyProp-watched-mean_InWeek13,0.0,0.0,0.014657665979852057
1018,WeeklyProp-replayed-mean_InWeek13,0.0,0.0,0.0011377533086251214
1019,WeeklyProp-interrupted-mean_InWeek13,0.0,0.0,0.007291040640785643
1020,FrequencyEvent-video_InWeek13,0.00021621511508692248,0.00017200372495724276,0.0
1021,FrequencyEvent-video.load_InWeek13,0.00047844898339760155,0.0008240424158430658,0.0
1022,FrequencyEvent-video.play_InWeek13,0.0010000550129553927,0.0017187284878307236,0.0
1023,FrequencyEvent-video.pause_InWeek13,0.0004072413449454157,0.0014520873536107753,0.0
1024,FrequencyEvent-video.stop_InWeek13,0.0008353486233959432,0.0008388154884823405,0.0
1025,FrequencyEvent-video.seekbackward_InWeek13,0.0014711364966616671,0.0017562286215913544,0.0
1026,FrequencyEvent-video.seekforward_InWeek13,0.0010893060589606354,0.0013444294404638428,0.0
1027,SeekLength-mean_InWeek13,0.0014852525664818279,0.00139094144448231,0.0
1028,SeekLength-std_InWeek13,0.0010675572136632143,0.0020838597636022166,0.0
1029,PauseDuration-mean_InWeek13,0.0015554009226871734,0.0022570357578812,0.0
1030,PauseDuration-std_InWeek13,0.0011157179000875629,0.00017774533030656494,0.0
1031,TimeSpeedingUp-mean_InWeek13,0.0002923836216961828,2.2857973267235103e-05,0.0
1032,TimeSpeedingUp-std_InWeek13,0.0002926749813832387,0.0013856766057318624,0.0
1033,FractionSpent-video.play_InWeek13,0.0,0.0,0.006630389031362728
1034,FractionSpent-video.play_InWeek13,0.0,0.0,0.00016510337429705542
1035,FractionSpent-video.play-completed_InWeek13,0.0,0.0,0.0017128008136764617
1036,FractionSpent-video.play-played_InWeek13,0.0,0.0,0.014842408459028266
1037,FrequencyEvent-video.pause-total_InWeek13,0.0002826907604159522,0.0006926939093603098,0.0
1038,FractionSpent-video.pause_InWeek13,0.0,0.0,0.002930030972019348
1039,FractionSpent-video.pause_InWeek13,0.0,0.0,0.015052426268523099
1040,SpeedPlayback-mean_InWeek13,0.0013682619836757855,0.0015816921080351704,0.0
1041,SpeedPlayback-std_InWeek13,0.001728273524975518,0.0022385933683212924,0.0
1042,FrequencyEvent-video.seekbackward-total_InWeek13,0.0013664097629813147,0.0012622144124412279,0.0
1043,FrequencyEvent-video.seekforward-total_InWeek13,0.0010600601258429034,0.0007797283970849329,0.0
1044,CountUniqueElement-video_InWeek13,0.00023497491916930443,0.001772983488540285,0.0
1045,CompetencyCoverage_InWeek13,0.0006401754989535506,0.0016044686427956036,0.0
1046,CompetencyAnticipation_InWeek13,0.0,0.0,0.00028188612959397603
1047,ContentAlignment_InWeek13,0.0,0.0,0.007227627131378344
1048,ContentCoverage_InWeek13,0.0015620570288998603,0.0017520279279193904,0.0
1049,ContentAnticipation_InWeek13,0.0015944139158670335,0.0,0.006145885667917764
1050,StudentSpeed_InWeek13,0.0,0.0019432086406785305,0.0
1051,StudentActiveness_InWeek13,0.0013080123171344315,0.0011209904475414714,0.0
1052,StudentThoughtfulness_InWeek13,0.0004134589900162195,0.0016495318844855003,0.0
1053,StudentWeeklyActiveness_InWeek13,0.0014617980405104076,0.0001472039493813118,0.0
1054,WatchingIndex_InWeek13,0.0,0.0,0.01479478947812541
1055,FrequencyEvent-video.play-played_InWeek13,0.0008673865562702167,0.0016950691298448413,0.0
1056,FrequencyEvent-video.play-relative_InWeek13,0.0003762590344973133,0.0011687700586770352,0.0
1057,FrequencyEvent-video.pause-relative_InWeek13,0.0,0.0,0.0040739563977463126
1058,FractionSpent-video.seek-time-backward_InWeek13,0.0,0.0,0.008608957861723734
1059,FractionSpent-video.seek-time-forward_InWeek13,0.0008285567708591679,0.0012622144124412279,0.0
1060,FrequencyEvent-video.seelforward-total_InWeek13,0.0009771580620620442,0.0015816921080351704,0.0
1061,FrequencyEvent-video.load-relative_InWeek13,0.0,0.0,0.00043140208516551917
1062,NumberSubmissions-distinct_InWeek13,0.0,0.0,0.014967898354758986
1063,NumberSubmissions_InWeek13,0.0,0.0,0.006729437061000576
1064,NumberSubmissions-distinct_correct_InWeek13,0.0,0.0,0.0019086487517048323
1065,NumberSubmissions-avg_InWeek13,0.0,0.0,0.007325904299802769
1066,NumberSubmissions-avg_time_InWeek13,0.0,2.2851435014865803e-05,0.012639130578648794
1067,ObsDurationProblem_InWeek13,0.0,0.0,0.015070086137850637
1068,NumberSubmissions-perc_correct_InWeek13,0.0,0.0,0.0025461435609080056
1069,TimeSolveProblem_InWeek13,0.0009400893504879376,0.0008481687663670204,0.0
1070,ObsDurationProblem-var_InWeek13,0.00039280455301138914,0.002452240100525219,0.0
1071,ObsDurationProblem-max_InWeek13,0.0009021023888346289,0.0027989705876520425,0.0
1072,TimeSessions-length_InWeek13,0.0006673576390154946,0.0008272939087619088,0.0
1073,NumberSubmissions-correct_InWeek13,0.0,0.0,0.014209569982248517
1074,TotalClicks_InWeek14,0.0010395973252236572,0.0005055382968059915,0.0
1075,NumberSessions_InWeek14,0.000682255563948291,0.0005827267225402124,0.0
1076,Time-video-sum_InWeek14,0.001497296810857654,0.001243313905642752,0.0
1077,Time-problem-sum_InWeek14,0.0017126624003076605,0.000348208693282247,0.0
1078,video.pause-video.speedchange-video.play_InWeek14,0.0,0.0,0.0
1079,video.play-video.pause-video.load_InWeek14,0.00018543669684127487,0.001320659598764332,0.0
1080,video.play-video.play-video.play_InWeek14,0.001338768403067975,0.00012070255279524462,0.0
1081,video.play-video.stop-video.play_InWeek14,0.0,0.0,0.008362373190110435
1082,video.play-problem.check-problem.check_InWeek14,0.001927916080959477,3.070773190007681e-05,0.000374956377437117
1083,video.stop-video.play-video.seek_InWeek14,0.00192433623368495,6.202751864881028e-05,0.0001467562339777585
1084,video.stop-problem.check-video.load_InWeek14,0.0,0.0,0.0058853654802408705
1085,problem.check-problem.check-video.load_InWeek14,0.001518800640998259,0.0033132733390779335,0.0
1086,problem.check-problem.check-problem.check_InWeek14,0.001642538718777604,0.0005481222449526642,0.0
1087,RegPeakTime-m1_InWeek14,0.0008218485447804425,2.6860249918800865e-05,0.0
1088,RegPeriodicity-m1_InWeek14,0.0005425711759664804,0.0022836896400408833,0.0
1089,DelayLecture_InWeek14,0.0,0.0,0.013229435835893533
1090,TimeSessions-sum_InWeek14,0.00045064963900431627,0.0016412293576995337,0.0
1091,TimeSessions-mean_InWeek14,0.0013952341539815115,0.0016412293576995337,0.0
1092,TimeBetweenSessions-std_InWeek14,0.0,0.0,0.0003772250913243805
1093,TimeSessions-std_InWeek14,0.0,0.0,0.002062820573228682
1094,TimeSessions-std_InWeek14,0.0,0.0,0.015052426268523099
1095,TotalClicks-weekday_InWeek14,0.0007481888666905745,0.0013585867603166115,0.0
1096,TotalClicks-weekend_InWeek14,0.0006923351853023407,0.00019854596552031808,0.0
1097,RatioClicksWeekendDay_InWeek14,0.0008789535354773692,0.0013726297528763713,0.0
1098,AttendanceRate_InWeek14,0.0,0.0,0.01506499179266056
1099,UtilizationRate_InWeek14,0.0,0.0,0.014760159915574743
1100,WatchingRatio_InWeek14,0.0,0.0,0.008858882887905314
1101,TotalClicks-video.load_InWeek14,0.001673087261917061,0.0013709859979781503,0.0
1102,WeeklyProp-watched-mean_InWeek14,0.0,0.0,0.015067182403491908
1103,WeeklyProp-replayed-mean_InWeek14,0.0,0.0,0.0007106153976399843
1104,WeeklyProp-interrupted-mean_InWeek14,0.0,0.0,0.008740883811233603
1105,FrequencyEvent-video_InWeek14,0.0002675704572924657,0.00024359356112869113,0.0
1106,FrequencyEvent-video.load_InWeek14,0.0008315729080064637,0.0003657833782740475,0.0
1107,FrequencyEvent-video.play_InWeek14,0.0009693265810346728,0.0021196939595509844,0.0
1108,FrequencyEvent-video.pause_InWeek14,0.0013288992651002487,0.0017062334090674,0.0
1109,FrequencyEvent-video.stop_InWeek14,0.0010808803469311847,0.001411429646246355,0.0
1110,FrequencyEvent-video.seekbackward_InWeek14,0.001188760228769437,0.0013293313661822518,0.0
1111,FrequencyEvent-video.seekforward_InWeek14,0.00029352521530274524,0.0020785449048960993,0.0
1112,SeekLength-mean_InWeek14,0.0011794655869149207,0.0011352752682206244,0.0
1113,SeekLength-std_InWeek14,0.0014391029689516327,0.0018855538154692048,0.0
1114,PauseDuration-mean_InWeek14,0.0010054665848830899,0.0025822264054044496,0.0
1115,PauseDuration-std_InWeek14,0.0011306429962453755,5.393283074162831e-05,0.0
1116,TimeSpeedingUp-mean_InWeek14,0.0003931986541507329,0.002948037318903788,0.0
1117,TimeSpeedingUp-std_InWeek14,0.00040217752555603883,0.00150369933662995,0.0
1118,FractionSpent-video.play_InWeek14,0.0,0.0,0.0
1119,FractionSpent-video.play-completed_InWeek14,0.0,0.0,0.0016814436848948486
1120,FractionSpent-video.play-played_InWeek14,0.0,0.0,0.00015217480760788512
1121,FrequencyEvent-video.pause-total_InWeek14,0.0004464981409703434,0.00011026797510937707,0.0
1122,FractionSpent-video.pause_InWeek14,0.0,0.0,0.0066943152389364905
1123,SpeedPlayback-mean_InWeek14,0.0013831927640769201,0.00182975587821097,0.0
1124,SpeedPlayback-std_InWeek14,0.001722977136631864,0.0015144390235739234,0.0
1125,FrequencyEvent-video.seekbackward-total_InWeek14,0.0015976403437292352,0.003170357735431378,0.0
1126,FrequencyEvent-video.seekforward-total_InWeek14,0.0014013884414368826,0.0012870351445479899,0.0
1127,CountUniqueElement-video_InWeek14,0.00020196359673613234,0.00037377179268205895,0.0
1128,CompetencyCoverage_InWeek14,0.0005869678672244679,0.0016263678248093104,0.0
1129,CompetencyAnticipation_InWeek14,0.0,0.0,0.0002579239956927304
1130,ContentAlignment_InWeek14,0.0,0.0,0.0063972905382158355
1131,ContentCoverage_InWeek14,0.0015784422885723962,0.0017716047793335805,0.0
1132,ContentAnticipation_InWeek14,0.0018602095253893427,0.0,0.004689919901560334
1133,StudentSpeed_InWeek14,0.0,6.62063817958409e-05,0.0
1134,StudentActiveness_InWeek14,0.0013091392758699518,0.00024601751772522463,0.0
1135,StudentThoughtfulness_InWeek14,0.0002793693531635248,0.0015234387079013751,0.0
1136,StudentWeeklyActiveness_InWeek14,0.0011426090380819596,8.371311851413862e-05,0.0
1137,WatchingIndex_InWeek14,0.0,0.0,0.014966685880674286
1138,FrequencyEvent-video.play-played_InWeek14,0.0005291416156966023,0.001736257939388462,0.0
1139,FrequencyEvent-video.play-relative_InWeek14,0.0014190702767625648,0.0023754776716396558,0.0
1140,FrequencyEvent-video.pause-relative_InWeek14,0.0,0.0,0.0004952583435759458
1141,FractionSpent-video.seek-time-backward_InWeek14,0.0,0.0,0.014928506709137779
1142,FractionSpent-video.seek-time-forward_InWeek14,0.001435594374113931,0.003170357735431378,0.0
1143,FrequencyEvent-video.seelforward-total_InWeek14,0.0012036180423716301,0.00182975587821097,0.0
1144,FrequencyEvent-video.load-relative_InWeek14,0.0,0.0,0.004339824165817381
1145,NumberSubmissions-distinct_InWeek14,0.0,0.0,0.000457555109408974
1146,NumberSubmissions_InWeek14,0.0,0.0,0.006227283751174368
1147,NumberSubmissions-distinct_correct_InWeek14,0.0,0.0,0.0010329753960556943
1148,NumberSubmissions-avg_InWeek14,0.0,0.0,0.0
1149,NumberSubmissions-avg_time_InWeek14,0.0,0.0,0.014433676623402177
1150,ObsDurationProblem_InWeek14,0.0,0.0,0.006988102920599146
1151,NumberSubmissions-perc_correct_InWeek14,0.0,0.0,0.0020333701243837924
1152,TimeSolveProblem_InWeek14,0.000850252011385596,0.002076950685657099,0.0
1153,ObsDurationProblem-var_InWeek14,0.0012704757068226484,3.106001526155578e-05,0.0
1154,ObsDurationProblem-max_InWeek14,0.0006199020035199808,3.214336934944526e-05,0.0
1155,TimeSessions-length_InWeek14,0.0004314425788425705,0.0005827267225402124,0.0
1156,NumberSubmissions-correct_InWeek14,0.0,0.0,0.014423436427571133
