,feature,importance,pn,perc_importance
0,SpeedPlayback-mean,-7.092576240780527e-10,-1.0,-1.0
1,FrequencyEvent-video.seelforward-total,-7.092576240780527e-10,-1.0,-1.0
2,StudentWeeklyActiveness,-2.2476665437149042e-10,-1.0,-0.3169041075359032
3,problem.check-problem.check-problem.check,-4.244571076953954e-11,-1.0,-0.05984526542765574
4,TotalClicks-video.load,-1.7263137724477614e-11,-1.0,-0.02433972810220766
5,Time-video-sum,-1.3962729684326083e-11,-1.0,-0.01968640055505347
6,TotalClicks-weekend,-1.3920862264436008e-11,-1.0,-0.01962737063634869
7,UtilizationRate,-1.3569834381650518e-11,-1.0,-0.019132447676244054
8,TotalClicks,-5.269529723866235e-12,-1.0,-0.0074296412826241704
9,TimeSessions-mean,-3.644388117147069e-12,-1.0,-0.005138313630233195
10,RatioClicksWeekendDay,-2.60998026968537e-12,-1.0,-0.0036798762270310766
11,FractionSpent-video.play-played,-1.4248701249035047e-12,-1.0,-0.0020089598990996535
12,FrequencyEvent-video.pause-total,-3.7856046381438e-13,-1.0,-0.0005337418322523665
13,FrequencyEvent-video,9.883714263901784e-13,1.0,2.095163636922716e-10
14,TimeSolveProblem,2.7913811369900868e-12,1.0,5.917208954910489e-10
15,WeeklyProp-replayed-mean,1.2186820910353573e-11,1.0,2.5833794198520676e-09
16,WatchingIndex,2.7831882183826583e-11,1.0,5.899841490930631e-09
17,WeeklyProp-interrupted-mean,6.979471786443922e-10,1.0,1.4795182359017907e-07
18,AttendanceRate,2.8872321745306503e-09,1.0,6.12039533105834e-07
19,problem.check-problem.check-video.load,1.5901623167315247e-08,1.0,3.370848421821374e-06
20,RegPeriodicity-m1,5.404644460574011e-07,1.0,0.0001145684126629157
21,FractionSpent-video.pause,3.38899854682972e-06,1.0,0.0007184046737201503
22,NumberSubmissions,4.667145454687949e-06,1.0,0.000989348051127401
23,FrequencyEvent-video.play-relative,4.824238243738106e-06,1.0,0.0010226488012758303
24,FrequencyEvent-video.play-played,5.051711045656892e-06,1.0,0.0010708688054406434
25,FractionSpent-video.play,7.218065819949215e-06,1.0,0.0015300957343643644
26,ObsDurationProblem-var,7.747732512113912e-06,1.0,0.0016423752239855588
27,TimeSpeedingUp-std,1.0003316869588037e-05,1.0,0.002120517165325521
28,TimeSessions-std,1.1683917026914213e-05,1.0,0.0024767731480279556
29,WeeklyProp-watched-mean,1.59672856199278e-05,1.0,0.0033847676407861957
30,video.play-video.pause-video.load,2.0669475153331057e-05,1.0,0.004381544384958876
31,CountUniqueElement-video,2.0956124565231885e-05,1.0,0.004442308730054665
32,TimeSessions-sum,2.6009208760324566e-05,1.0,0.005513468617642071
33,RegPeakTime-m1,2.826587471644116e-05,1.0,0.00599183983778198
34,FrequencyEvent-video.play,3.4297148454806195e-05,1.0,0.007270357719172133
35,FrequencyEvent-video.pause-relative,3.715107670351528e-05,1.0,0.007875337439288133
36,TotalClicks-weekday,4.608998601878634e-05,1.0,0.009770219995687758
37,Time-problem-sum,5.814463380375415e-05,1.0,0.01232558117070872
38,PauseDuration-std,7.709495428906574e-05,1.0,0.016342696733616806
39,FrequencyEvent-video.load-relative,8.445835415652698e-05,1.0,0.01790360058357655
40,video.play-video.play-video.play,0.00011996747697938394,1.0,0.02543087433219083
41,ContentAlignment,0.0002396896079599843,1.0,0.05080973987483244
42,TimeSpeedingUp-mean,0.000334271237622858,1.0,0.0708592866241043
43,NumberSessions,0.00035680176922939813,1.0,0.0756353403709197
44,CompetencyAnticipation,0.00040065344458577293,1.0,0.08493108012741751
45,ContentAnticipation,0.000411518006932286,1.0,0.08723416531904747
46,TimeSessions-length,0.00043285845569795837,1.0,0.09175794363311199
47,FrequencyEvent-video.pause,0.00044082523197806165,1.0,0.09344675206280666
48,SpeedPlayback-std,0.00048588319596239073,1.0,0.10299820257757214
49,FractionSpent-video.play-completed,0.0005923695314210457,1.0,0.12557132558831896
50,FrequencyEvent-video.load,0.0006154608090935637,1.0,0.130466247074085
51,NumberSubmissions-avg,0.0007013057723273179,1.0,0.14866378299812805
52,video.pause-video.speedchange-video.play,0.0007218874002338476,1.0,0.15302670540027888
53,CompetencyCoverage,0.0009256386142028548,1.0,0.19621817402112504
54,NumberSubmissions-avg_time,0.0009419073637619195,1.0,0.19966684641130591
55,ContentCoverage,0.0009743291149051203,1.0,0.20653965477330882
56,PauseDuration-mean,0.0010231632470990202,1.0,0.21689158273090087
57,StudentThoughtfulness,0.0011972705962669697,1.0,0.2537991032396624
58,TimeBetweenSessions-std,0.0015403807122891658,1.0,0.326532067726057
59,video.play-problem.check-problem.check,0.0016483137149060749,1.0,0.34941185727367186
60,ObsDurationProblem-max,0.001971333433133591,1.0,0.4178860310072357
61,WatchingRatio,0.0023094019127810244,1.0,0.48955026233108123
62,StudentSpeed,0.0033002384696899263,1.0,0.6995891878543804
63,NumberSubmissions-distinct,0.004717394904017401,1.0,1.0
