inst,AttendanceRate_InWeek3 > 1.00,AttendanceRate_InWeek8 <= 0.00,CompetencyAnticipation_InWeek4 <= 0.00,CompetencyAnticipation_InWeek5 <= 0.00,CompetencyAnticipation_InWeek6 <= 0.00,CompetencyAnticipation_InWeek7 <= 0.00,CompetencyAnticipation_InWeek7 > 0.00,CompetencyAnticipation_InWeek8 <= 0.00,CompetencyCoverage_InWeek1 <= 0.00,CompetencyCoverage_InWeek2 <= 0.00,CompetencyCoverage_InWeek2 > 0.00,CompetencyCoverage_InWeek3 <= 0.00,ContentAlignment_InWeek8 <= 0.00,ContentAnticipation_InWeek7 <= 0.00,ContentAnticipation_InWeek8 <= 0.00,FractionSpent-video.pause_InWeek8 <= 0.00,FractionSpent-video.play-completed_InWeek8 <= 0.00,FractionSpent-video.play-completed_InWeek8 > 0.00,FractionSpent-video.play-played_InWeek8 <= 0.00,FractionSpent-video.play_InWeek8 <= 0.00,FrequencyEvent-video.load-relative_InWeek8 <= 0.00,FrequencyEvent-video.pause-relative_InWeek8 <= 0.00,NumberSubmissions-avg_InWeek3 <= 0.00,NumberSubmissions-avg_InWeek3 > 0.00,NumberSubmissions-avg_InWeek4 <= 0.00,NumberSubmissions-avg_InWeek4 > 0.00,NumberSubmissions-avg_InWeek5 <= 0.00,NumberSubmissions-avg_InWeek5 > 0.00,NumberSubmissions-avg_InWeek6 <= 0.00,NumberSubmissions-avg_InWeek7 <= 0.00,NumberSubmissions-avg_InWeek8 <= 0.00,NumberSubmissions-avg_time_InWeek3 <= 0.00,NumberSubmissions-avg_time_InWeek4 <= 0.00,NumberSubmissions-avg_time_InWeek5 <= 0.00,NumberSubmissions-avg_time_InWeek6 <= 0.00,NumberSubmissions-avg_time_InWeek7 <= 0.00,NumberSubmissions-avg_time_InWeek7 > 0.00,NumberSubmissions-avg_time_InWeek8 <= 0.00,NumberSubmissions-distinct_InWeek3 <= 0.00,NumberSubmissions-distinct_InWeek4 <= 0.00,NumberSubmissions-distinct_InWeek5 <= 0.00,NumberSubmissions-distinct_InWeek6 <= 0.00,NumberSubmissions-distinct_InWeek7 <= 0.00,NumberSubmissions-distinct_InWeek7 > 0.00,NumberSubmissions-distinct_InWeek8 <= 0.00,NumberSubmissions_InWeek3 <= 0.00,NumberSubmissions_InWeek4 <= 0.00,NumberSubmissions_InWeek5 <= 0.00,NumberSubmissions_InWeek6 <= 0.00,NumberSubmissions_InWeek6 > 0.00,NumberSubmissions_InWeek7 <= 0.00,NumberSubmissions_InWeek8 <= 0.00,TimeBetweenSessions-std_InWeek8 <= 0.00,TimeSessions-std_InWeek8 <= 0.00,UtilizationRate_InWeek8 <= 0.00,WatchingIndex_InWeek8 <= 0.00,WatchingRatio_InWeek8 <= 0.00,WeeklyProp-interrupted-mean_InWeek8 <= 0.00,WeeklyProp-replayed-mean_InWeek8 <= 0.00,WeeklyProp-watched-mean_InWeek8 <= 0.00,exp number,problem.check-problem.check-video.load_InWeek6 > 0.00,real value,video.play-problem.check-problem.check_InWeek3 <= 0.00,video.play-problem.check-problem.check_InWeek4 <= 0.00,video.play-problem.check-problem.check_InWeek5 <= 0.00,video.play-problem.check-problem.check_InWeek5 > 0.00,video.play-problem.check-problem.check_InWeek6 <= 0.00,video.play-problem.check-problem.check_InWeek7 <= 0.00,video.play-problem.check-problem.check_InWeek8 <= 0.00
28,,,,,,,,-0.008652582559107122,,,,,,,,,-0.03416950907265345,,,-0.016445500051967522,,,-0.09889866552824185,,-0.0993894566655145,,,,,-0.06336672332887111,,,,,,,,,,,,,0.005979653012826675,,,,-0.06102731400564294,,,,,,,-0.04411077240253677,,,,,,0.059436100027709084,28,,pass,,,,,,,
45,,,,,,,,,,,,,,,,-0.0035517358787042395,,,,,,,-0.02429379198196207,,,,-0.019241985398852975,,-0.0845382517543434,,0.03301583404689533,0.005584953014384948,,,,,,-0.015025608273564806,,,,-0.06250420325606604,,,,,-0.04591903195713658,0.013059568589405306,,,,,,,,,,,,,45,,fail,,,,,,,
46,,,,,,,,,,0.08686429553754474,,,-0.02981084724872568,,,,,,,0.06114858942151759,,,,,-0.12621837590891616,,,,,,,,,0.07407830802965262,,,,,0.07249490985934126,,,,,,-0.04816168525092941,-0.04162676154177352,-0.05136576681992382,,,,,,,,,,,-0.02878257681755041,,,46,,fail,,,,,,,
58,,,,,,-0.017176879684721685,,,,,,0.041111639442407824,,,,,,,,,,,-0.09380528809898438,,-0.07326882477085137,,,,-0.012215879775890543,,,,,,,,,,,,0.04110748312248766,,,,-0.02388301917966357,,-0.11323753511780994,-0.04641694403162343,,,,,,,,,,,,,58,,pass,,,,,,0.07494233940101698,
61,,,,,,,,0.022466866984211444,,,,,,,,,,,,,,,-0.09876023611008937,,-0.12154560848478231,,,,,,,-0.05807571938945495,,,,,,,,,0.022884639100778342,,-0.05477578510409338,,,-0.0661617741722921,,,,,,0.008785740177974559,,,,,0.08647519876216316,,,,61,,pass,,,,,,0.02575919898532188,
66,,,,,,,,,-0.038360924552148935,,,,,0.033729367769555145,,,,,0.027161826152696144,,,,-0.07361739418548686,,-0.03796934804962281,,,,,-0.06627872598534967,,,,,,,,,,,,,,,,,,,,,,-0.04708643273735879,0.04688952486950703,,,,0.056323414777727086,,,,66,,fail,,,,,,0.052677329292256964,
89,,,,0.018812890737623007,,,,,,,,-0.05425505874262536,0.011481730859448059,,,,,,0.03144652962474653,0.05510057419360844,,,-0.06948673870178536,,,,,,-0.09042311817439991,,,,,,,,,,,,,,,,,-0.03217137245272955,-0.06115349913553325,,,,-0.036025976888017994,,,,,,,,,,89,,fail,,,,,,,
135,,,,,,,,,,,,,,,,,,,,,,,-0.11273312302835348,,-0.06271531019190003,,,,,,,,-0.021194002364759233,-0.02340326106622516,,-0.036007534959867284,,,,,,-0.010985881300315718,,,0.09598572989027172,,,,,,,,,,,,,,,,135,,fail,,,0.08468412207587535,,0.10238089567423488,0.05695973691043613,
157,,-0.043367392174163966,,,,,,,-0.03346914628602826,,,,,,-0.04265136486557313,,,,,,,,-0.04584540062693843,,,,,,-0.08741545879520764,,,-0.0031564664354800233,,,,,,-0.06529204442155746,,,-0.037273724952076266,,,,,,,-0.05311594263660305,,,,,,,,,,0.08585703665632055,,,157,,pass,,,,,,,
208,,,,,,,,0.02911172543346313,,,,,,,,,0.07845320783250131,,,,,,,,-0.05592347497139941,,,,-0.07640455373146049,,,,,,,0.11031693799549827,,,,0.08865986994040372,,-0.05327558107922175,,,,,,,,,,,0.09829804240949602,,,,0.07175083210803007,,-0.04278098330837159,,208,,pass,,,,,,,
210,,,,,,,,,-0.029506483558847996,,,,,,,,,,,,,,-0.04058808857669637,,-0.0897304246346145,,,,-0.001305039275329623,,-0.007230169709853445,,,,,,,,,0.009953142075707409,,,,,,,-0.0406992165640471,,,,-0.038198340245744075,,,-0.046296571970289004,,,,,,,210,,fail,,,,-0.08322722858368764,,,
218,,,,,,,,,,,,,,,,,,,,,-0.0008426378063586583,,-0.008272363816692784,,-0.0826510871730037,,-0.052906894699116636,,,,,,,,,,,,,,,-0.031495151205333645,,,,-0.07634328132962408,-0.07289967595547092,,,,,,,,0.009807885338110738,,0.03380026423751842,,,,218,,pass,,,,,0.09890858579491485,,
231,,,,,,,,,-0.0764957885123175,,,,0.018752946225938594,,,,,,,,,,-0.07562407645549371,,-0.05249704329272976,,-0.08121038887685278,,,,,,,,,,,,,-0.02290380266780862,,,,,,-0.07540996432352683,,,-0.08962640123957195,,,,,,,,,,0.05845942505107796,,231,,pass,,,,,,,0.06476232177793302
236,,-0.0515318988580793,,,,,,0.02980981312653772,,,,,,,,,-0.04666222864444349,,-0.002065494818175639,,,,-0.13142503452348175,,-0.06693636814736133,,,,,,,0.030005645502788312,,,,,,,,,,,,,,-0.054385867013792014,,-0.042440877832054795,,,,,,,,,,,,,236,,pass,,,0.08395673654328133,,,,
255,,,,,,,,,,,,,,,,,,,,,0.03270756745483007,,,,-0.016880330977970336,,,,,-0.056491685119538414,,,,-0.06535214205252932,,,,,,,0.06229849958899284,,,,,,,-0.05885771527407891,-0.025726926363333055,,,,0.030534178190483183,-0.07452388762693932,,,0.04504402053054586,,,,255,,pass,,,,,,,
261,,,,,,,,,,,,,,,,,,,,0.1004020916246253,0.05121114653916793,,,,,,-0.05009651921204035,,-0.022879461134709,0.0029587884118528335,,,,-0.07928263837118957,,,,,,,,,,,,,-0.04080827027722257,-0.08112647096255751,,,,0.0196507370198469,,,,,,,,,261,,fail,,,,,0.08026046766573693,,
314,,,,,,,,0.04469409363470041,,,,,-0.03985345215350802,,,,,,-0.03565464107593435,,-0.029505398445453704,,,,-0.018012716296613225,,-0.09720660555538829,,-0.04855714964373916,,,,,,,,,,,-0.05499113289553665,,,,,,,-0.027641274288131575,,-0.03882972083648385,,,,,,,,,,,,314,,pass,,,,,,,
330,,,,,-0.020746363655542617,,,,,,,,,,,,,,,,,,-0.10571066036393025,,,,,,-0.05030089064659815,0.09280699924534903,,,,,,,,,,,,,,,-0.025030122377710896,-0.08816737717131894,-0.010518165945427817,,,,,0.015419253536477951,,,,,0.03724872783742179,,,,330,,fail,,,,,,0.06071520811955893,
364,,,,,,,,0.12469833306825769,,,,,,,,,,,,,,,-0.04163922218969837,,-0.07521407017077789,,-0.10596328322968909,,-0.03339604993849312,,,-0.05529791687027173,,,,,,0.043772207496180104,,,-0.01740289967231407,,,,,,-0.04954175054895677,,,,,,,,,-0.011967131189345885,,,,,364,,fail,,,,,,,
481,,,0.10400447273845151,,,,,,,,,,,,,,,,,,0.053670924330630164,0.07428215562070065,,,-0.014054056057598817,,,,,,,,,,,,,,0.04952808627373732,,,,,,,,-0.08635162627408821,,-0.06461049574101317,,,,,,,,0.04580063818346936,,,,481,,fail,,,0.05503078344421548,,0.07503775098677715,,
546,,-0.07246021823390984,,,,,,,,-0.09218868058953335,,,,,0.10585090886210162,,,,-0.05564909127859035,,,,,,,,,,,,,0.09397048030776232,,,-0.04026126148203154,,,,,,,,,,,,,-0.03249337032398519,-0.043293271594300166,,-0.01303251383361741,,,,,,0.049303951328486695,,,,546,,pass,,,,,,,
615,,,,,,0.01142325076864795,,,,-0.005184786933469365,,,,,,,,,,,,,-0.13003554374213835,,,,-0.0879545017761446,,-0.0622754236809446,,,,,,,,,,,,,,,,,,-0.018130098420367627,-0.02236052722113755,-0.08534454211432689,,-0.08065817655585036,,,,,,,,,,615,,pass,,,,,,,0.0379531162220813
620,,,,,,,,,-0.05505658913295569,,,,-0.023798984319596515,,,,,,,,,-0.016728636679873114,-0.07035746926715314,,-0.07081371074342241,,,,,-0.039251290168278205,,,,,,,,,0.033709488266426856,,,,,,,-0.10997226941346958,-0.07083679868688476,,,,,,0.03072485202976714,,,,,,,,620,,pass,,,,,,,
675,,,,,,,,,,,,,,,,,,,,0.07172706452985707,,,-0.01623089840903459,,-0.0745378818526126,,-0.021748949034589835,,,,,,,,,0.017618047298423305,,,0.04949754134881947,,,,,,,-0.024902555186412892,,-0.0513498414852207,,,,,-0.013909960866229523,,,,,,,,675,0.06044329325331577,fail,,,,,,,
696,,,,,,,,,,,,,,,,,,,,,,-0.0684323516826415,,,-0.08772230737732999,,0.008342849646254381,,-0.06336110938273923,,,,0.12192266084387679,,,,,,,,,,-0.055479864403878525,,,,,,,,,-0.02866506495920051,,,,,,,0.06106501007313912,0.04540499136463389,696,,pass,,,0.05297345537502187,,,,
745,,,,,,,,0.021229805192084242,,,,,,-0.037973492511084325,,,,,,,,,,,-0.1118162077351734,,,,,-0.022559857892017764,0.02898672539449575,0.047673734106401855,,,0.0003762487730029769,,,,,0.06578992238692756,,,,,,,,,,,,,,-0.06342184460236122,,,,,,,745,,pass,,,,,,,0.07349734936335138
888,,-0.05954398634763212,0.07117046248735905,,,,,,0.011614043617050603,,,,,,-0.02180826911271269,,,,,,,,,,-0.09675567317286733,,-0.07669809628013269,,,,,,,,,0.006820648017017181,,,,,,,,,,0.0002811344061071499,-0.07443426251566101,,,,,,,,,-0.007911660629260185,,,,,888,,fail,,,,,,,
948,,,0.028057374123393312,,,,,,,,,0.058134001994139935,,,,,0.07074945542820342,,,,,,,,-0.06970459788564387,,,,,,,,,,,,,,,0.07712907025635828,,,,,,-0.06217729748207406,,,0.006940774884489345,,,,,,-0.03822041143980268,,,,,,948,,fail,,0.07328601645205546,,,0.07916721683150262,,
1107,,,,,,,,-0.01928123737234894,,,,,,,,,,,-0.015196010307909458,,,,-0.05416126991715331,,,,-0.060417544729030305,,,-0.04056193674625312,,,0.05032483527602993,,,,,,,,,,,,,,,,,,-0.0014395750939385622,,,,,,0.003036090940219114,,-0.04701644079493356,-0.036627119724220426,1107,,pass,,,,,,,
1121,,,,,,,,,,,,,,,,,,,,-0.05540179961132177,,,-0.07191867151487405,,-0.06743591362622589,,-0.10128677348614486,,,,,,,,-0.03819024010672188,,,,0.04006242653477337,,,,,,,,-0.009908308759250901,,,,,,,,,-0.03866693064963662,0.034881779344304524,,,0.02535831405600459,1121,,fail,,,,,,,
1188,,,-0.01550262256886344,,,,,,,,,,,,,,,,,,,,-0.012187533256365261,,-0.07117167986559747,,-0.0580198196502583,,-0.05460988340413606,,,,,,,,,,,0.04899605349812514,,,,,,-0.09423301587520495,,,,,,,0.04501748701234331,0.09182928132476069,,,,,,,1188,,fail,,,0.0632128077185605,,,,
1250,,,,,,,,,,,,0.015448906686264198,,,,,,,,-0.03514301483594768,,,,,-0.11162317494733572,,,,-0.08473504979937534,,,,,,,,,0.08029822107161226,,,,,0.007696850719983136,,0.021777558374944245,-0.04890562092950511,-0.0472031217159662,,,,,-0.0495572538555971,,,,,,,,,1250,,fail,,,,,,,
1342,,,,-0.00910767690550168,0.07712198822364137,,,,,,,0.06236341171491236,-0.03815768934931019,,,,,,,,,-0.03441312954242134,-0.07266075992598628,,-0.04946539312911024,,,,-0.1027221145303567,,,,,,,,,,,,,,,,,,-0.03334997780827781,-0.08106694366185953,,,,,,,,,,,,,1342,,fail,,,,,,,
1344,,,,,,,,-0.033553450824757004,,,,,,,-0.05942897187281025,,,,,,,,-0.08478348026312153,,-0.05808065144400703,,-0.0714487519762085,,,-0.007731042750588864,,,,,,,,,,,,,,,,,,-0.0384316013313741,,,,,,,0.030015972567215048,,,0.07345711000330134,,,1344,,fail,,,,,0.07618054263241786,,
1389,,,,0.07231977244444539,,,,,,,,,0.048120724102411964,,,,,,,,,0.015027629848081085,-0.035763211013088714,,-0.06651258484157302,,-0.05060681633678213,,,-0.054684772510241744,,,,,,,,,,,,,,,,,,-0.06922211878040552,,,,,,,,,,-0.061447268253516645,,,1389,,fail,,,,,0.09162934749914188,,
1400,,0.1026463494966451,,,,,,,,,,,0.0016686761017174368,,,,-0.05222823526268726,,,,0.030479008485837,,-0.05649148723795621,,,,-0.05185915398539575,,,,,,,,,,,,,,,,,,0.12236557034943109,-0.04021689866871147,,,,,,,,,,,,,-0.09265421559463097,-0.004713846394917135,1400,,fail,,,,,,,
1440,,,,,,,,,,,,,0.02780286144936067,,,,-0.013729073886080717,,,,,,,,-0.02931402516347829,,-0.08333364612785878,,,,,,,,,,,,,-0.036685620961284617,,0.046754299625459454,,,,,-0.059357443978251906,-0.05328277711174143,,,,,,,,,0.03539815640588649,,,,1440,,pass,0.09895960144146716,,,,,,
1462,,,,,,,,0.03051814930052629,,,,,,,,,,,,,,,-0.08816607265005566,,-0.045502953898170655,,-0.07499070763492381,,,,,,,,,,,,,,,,,,,,,,-0.04159818749204625,,,,,0.035360954631330134,,,0.05041645827774625,-0.03621885334762458,-0.040268054313558524,,1462,,pass,,,,,,,0.047592760649255744
1487,,,0.017765156116346607,,,,,,,,,,,,,-0.06283954518222333,-0.06017286893783945,,0.02173041813146774,,,,,,,,,,,,0.039117886303127916,,-0.05799694171051268,,,,,,,,-0.06736839810112447,,,,,-0.06856387290075812,,,-0.06679639451104848,,,,,,,-0.04618605251074126,,,,,1487,,fail,,,,,,,
1496,,,,,,-0.022012624453125566,,,,-0.022620652416417395,,,,,,0.06299925545432723,,,,,,,-0.12319321416675173,,-0.004118872740720086,,,,,,,,,,,,,,,,,,,,,-0.026480874993580823,-0.07637312788735337,-0.10932880787437821,,,,,,,,,,,,0.036356996093852234,1496,,fail,,,0.05131633110935244,,,,
1505,,0.03926277845648734,,,,-0.035158712392963094,,,,0.007023465060655919,,,,,,,,,,,,,-0.07021276135503386,,-0.0440222169452662,,-0.039394641441910974,,,-0.01772624114425877,0.11251656592654237,,,,,,,,,,,,,,,,,,,,,,0.07265088619133807,,,,0.1153303421928418,,,,1505,,pass,,,,,,,
1534,,,,,,,,,,,,,-0.00450710623399689,,,,,,-0.05885739122385566,,,,-0.040033957252568864,,,,-0.055147396230430884,,-0.0504840703953304,,,,,0.0753592401158041,,,,,,,,,0.0467762756400867,,,,,,,,,,,,,0.10614645728083799,,0.08839678499683075,-0.03727261587854633,,1534,,pass,,,,,,,
1561,,,,,,,,,,,,,,,,,,,,,0.11396673561550678,,-0.11301205496343035,,-0.03188089209858935,,,,,-0.0765242696579797,,,,,,,,,,,-0.04458749317924346,,,,,-0.0706638546284938,,-0.10112396845657236,,,-0.05438812042659762,,,,,,,,,-0.056109775631146525,1561,,pass,,,,,,0.060341818743421934,
1579,,0.03662505053304471,,,0.0008094683768089636,-0.023234524297179964,,,,,,,,,0.01896417728443156,-0.03916995518510219,,,,,,,-0.044530757645833745,,-0.039351251444614176,,-0.10945499011534127,,,,,,,,,,,,0.05423263976898279,,,,,,,,,-0.04468823508459508,,,,,,,,,,,,,1579,,fail,,,,,,,
1652,,-0.007477805371794683,,,,,,,,,,,,,,,0.03975273793120555,,,,,,-0.10575332193082758,,-0.07244522322951441,,,,,,,,,,,,,,,0.08924281138011435,0.0513016885624171,,,,,-0.10730087173518858,,,,,,-0.0032347843172994247,,,,0.003870663991067275,-0.04657094726915853,,,,1652,,fail,,,,,,,
1655,,,,,,0.004846995655615576,,,,,,,,-0.04837912479984527,,,,,,,,,,,-0.09746101506834359,,,,-0.044573362714714904,,,0.04968816059047824,,,,0.04169428129735467,,,,,-0.0668083271007718,,,,,,,,,,,,,,,,0.09437722489612113,0.011317207938120088,,,1655,,pass,,,,,,0.07238744673728559,
1657,,,-0.02368635184572042,,,,,,,,,,,,,,,,-0.00025786305154219726,,,-0.0590317001110551,-0.10304088824525834,,,,-0.03916888871440808,,-0.048728803127356675,,,-0.056285610202693306,,,,,,,,,,-0.056713009128390654,,,,-0.0542525765732561,,-0.07886878155578285,,,,,,,,,,,,,1657,,pass,,,,,,,
1659,,,,,,,,-0.04536599504781785,,,,,,0.0738647568323029,,-0.0343948742583145,,,,,,,-0.11492407845956512,,-0.06709404665389278,,,,,,,,-0.04617938649061157,,,,,,,,-0.01847770334970882,,0.05497432786828855,,,-0.07646853721640652,,,,,,-0.04820944460448988,,,,,,,,,1659,,pass,,,,,,,
1683,,,,,,,,,,,,-0.027296992728841993,,,,,,,-0.01070815345948021,0.0527089962180188,,0.040066881862770395,,,-0.09198937705893481,,,,,,-0.013517468396210286,,,,,,,,0.04362901384149178,,,,,,0.008148353673153929,,,-0.05987955214791161,,,,,,0.03297539851111375,,,,,,,1683,,fail,,,,,,,
1687,,0.060163711342266925,,,,,,,,0.04084688924037948,,,,,,,,,,0.008991287489110118,-0.053222526579468146,,-0.11822984632604375,,-0.13157572378833896,,,,-0.06292595220875896,,,,,,,,,,,,,,,,,-0.061478027132507315,-0.04798122830888301,,,,,0.03532784664240513,,,,,,,,,1687,,fail,,,,,,,
1702,,,0.08560211024627673,,,,,,-0.02757343477651574,,,,,,,,,,,,,,,,-0.0954815984975484,,,,-0.05258705659395326,-0.00401391769826492,,,,,,,,,,,,,,,-0.0036355872602858207,,,-0.01609890874413675,,,,,0.0475436491944559,,0.09576685953987685,,,,,,1702,,pass,,,,,,0.1034063325846642,
1715,,,,,,,,,-0.048375358560058104,0.04249989255481189,,,,,0.043968508713037736,,,,,,,,-0.11292649045511433,,,,,,-0.011511454444478531,-0.04574269693924197,,,,,,,,,,,,,,,0.008059573164213083,,-0.07423048983678444,,,,,,,,,,,0.029444164071761213,,,1715,,pass,,,0.05541750424356714,,,,
1749,,,,,,,,,0.04608143017562451,,,,-0.011433851405228042,,,,-0.037762131238719424,,,,,,-0.1181089610242605,,,,-0.08446142341768209,,-0.05220158323665501,,,,0.030671400487090883,0.034145287545293,,,,,,,,,,,,,,,,,,,,,,,0.06605868955551983,,,,1749,,fail,,,,,,0.052955750667718446,
1871,,,,-0.05564340351524993,,,,,,,,,0.009639210201671241,-0.043497681501051454,0.06952082678582953,,,,,,,,,,,,-0.09396641421452695,,,-0.038680724598042546,,,,,,,,,,,,,,,-0.038752146426237026,,-0.008115841344624432,,-0.08059518782459912,,,,,,,-0.056401093392559803,,,,,1871,,fail,,,,,,,
1929,,,,,,0.00036560197613751567,,,-0.0075011587789178364,,,,,,-0.0050390948238972465,,,,,,,,-0.024706229635022357,,,,,,,,,,,0.005556455827712065,,,,,,,-0.006714116257836911,,,,-0.008493575262292602,,,,-0.049590152543129304,,,,,,,,,,,,1929,,pass,,,,,,0.036884484260605595,0.045693718856957034
2010,,,,,,,,,,,,-0.025174683616277276,,,,,,,0.07791420214008081,,0.062377646062513205,,,,,,-0.09741791167002531,,,,,,,,,,,,,0.0683268552994313,,,,,,-0.06385576834710559,-0.05393490276397251,-0.06255894721741952,,,,,,,,,,,,,2010,,fail,,,0.07838908998361618,,0.07927190972390592,,
2022,,,0.11172439689105093,,,-0.033101520125087054,,,,,,,,,,,,,,,,,-0.026801012942446217,,-0.071194332276342,,,,-0.022658639031273915,,,,,,,,,-0.009514315899856414,,,,-0.05562027942035788,,,,,-0.06858589143097174,,,,-0.0887289726877529,,,,0.0753462284856626,,,,,,2022,,fail,,,,,,,
2040,,,0.0768943810047139,,,,,,,,,,,,,,,,0.04967201860933122,,,,-0.053917469754013264,,-0.03773755550051649,,,,,,,0.05990549087014123,0.028968843612547576,,,,,,0.006044795527211213,,,,,,0.07714569883737701,,,,,,,0.01676565992630002,,-0.01667335975217403,,,,,,,2040,,pass,,,,,,,
2163,,,0.032458762948367484,,,,,0.015122309551309264,,,,,,,,,,,,,,0.005841466904534226,-0.03851086417327623,,,,-0.05721382422370687,,,,,,,,,-0.04832138097607923,,,,,,,,,,-0.07615803184237695,-0.025391460232442035,,,,,,,0.02971651898847847,,,,0.07514002789411689,,,2163,,fail,,,,,,,
2361,,,,,,0.09011849688214141,,,,,,,,,,,,,-0.06091867794303838,,,,0.031018217389027342,,-0.04278471099600652,,-0.11037590275192319,,,,0.014136047136180201,,,,0.04377443467921057,,,,,,,,,,,,-0.0028495105915808173,,,,,,-0.011866210080825241,,,-0.04278811669443171,,,,,2361,,pass,,,,,,,
2380,,,,,,,,,,,,,,,,,-0.08740736785006913,,,,,,-0.06740082760973216,,,,-0.060609938943759954,,,-0.05439654668473479,,0.06675295201597285,,0.004056945389318988,,,,,,,,,,,,,-0.10935577480588433,,,,,,,,,,,0.03391500040382351,,0.054003206859184895,2380,,fail,,,,,0.05395747869853416,,
2389,,,,,,0.11315452362336488,,,,0.07535574041672474,,0.04397622791745449,,,,,-0.011808517944981594,,,,,,,,-0.011024088119638663,,,,,-0.06209780110285326,,,,,,,,,-0.060023579860272236,,,-0.00491918960496532,,,,,,,,,,-0.034310129495678826,,,-0.04378876627011685,,,,,,2389,,fail,,,,,,,
2401,,0.03515835163979222,-0.055583554865339974,0.11510190990300635,,,,,,,,,,,,,-0.05213311806649746,,,,,,,,-0.030436453785529376,,,,,,0.03394014736337086,,,0.0397744089490404,,,,,,,,,,,,,-0.05431083462614458,,-0.08843851790336275,,,,,,,,,,-0.08008173979723124,,2401,,pass,,,,,,,
2417,,,,,-0.0432630944343906,,,,,,,0.06223654603091294,,,,,,,,,,,-0.09492186132372675,,-0.04252296038927601,,,,-0.05769873738176364,,,0.09233503986198136,,,,,,,,,,-0.06749345626349765,-0.014368056300601482,,,,,,,,,-0.0729081808905875,,0.029988100409124252,,,,,,,2417,,pass,,,,,,,
2427,,,,,-0.06519927947175133,,,,,0.10480112471248024,,,,,,,0.06564977717164111,,,,,,-0.06566342878743682,,,,-0.09087152969948727,,,-0.06158327481072662,,,,,,,,,,-0.05183361879594862,,,,,,-0.050447824433313554,-0.05879051856588901,,,,,,,,0.11798553764737668,,,,,,2427,,fail,,,,,,,
2435,,,,,,0.0816091442393461,,,,,,,,,,,,,,0.003846590950175029,,,,,,,-0.06453072978826072,,-0.03079306132405507,-0.032397804843431306,,,,,,,,0.04919316126665599,,,,,,,,-0.07169351690393916,-0.01616914207306137,,0.06029807979076719,,,,,,,,,,0.062044549360443964,,2435,,pass,,,,,,,
2436,,,0.037617879420071526,,,,,,,,,,,,0.0658446694016653,,,,,,,,-0.09002440058356072,,-0.06642101155056374,,,,-0.08703958010665806,,0.06024811619730713,,,,,,,,,,,,-0.09504129456444725,,,-0.05186408431575637,,-0.12187772583660192,,,,,,,,,0.07937020418787528,,,,2436,,fail,,,,,,,
2474,,,-0.007013062992993806,,,,,,0.0393837820653354,0.07516981328392164,,,,,,,,,,,,,0.0020191608730571057,,-0.07791445907628698,,,,,,,,,,,,,,,,,-0.06388466014860027,-0.00041599578169994826,,,,,-0.01685096584945556,,,,,-0.056407773307859656,,,,,,,,2474,,fail,,,,,,0.13484469296411394,
2477,,,,,,,,-0.10331421655353304,,,,,,-0.014692978541278705,,,,,,0.059057570753139575,,,-0.10299743863155536,,-0.08080140008931525,,,,,,0.09180711693549264,,0.0670855522660349,,,,,,0.07014469331936803,,,,,,-0.04957975361398374,,,,,,,,,,,,-0.03625128308092037,,,,2477,,fail,,,,,,,
2516,,,,,,0.027276359494727287,,,,-0.003764623671023719,,,,,,,,,,,,,,,-0.04655918006618548,,-0.042702256792753086,,,,,,,,,,,,,0.017955739606705944,,,,,,,-0.0660302386303905,-0.010992992799148353,,,,,,-0.018441702865170394,,,,,-0.0008282045710476918,0.000455527886006311,2516,,pass,,,,,,,
2529,,0.0732597382220862,,,,,,,0.05207747251750659,,,,-0.05329861826631017,,,0.07006330375802074,,,,,0.04311967622373501,,,,,,,,-0.049460266157995335,,,,,,,,,,,,,,-0.030436182134577702,,,,,,,,,,,,,0.07256098775025269,,-0.05232213142408697,,,2529,,pass,,,0.08976596145914674,,,,
2549,,-0.020513411060485254,,,,,,,,,,,,,,,,,-0.04318071037586714,,0.0213637239045269,-0.022097859663034274,-0.12478059916338342,,-0.06325400395968149,,-0.06375957608044255,,,,,,,,0.057033210529411474,,,,,,,,,,,,-0.0528193530192651,-0.018731382385347772,,,,,,,,,,,,,2549,,pass,,,,,,,
2574,,,,,,-0.06748835498048478,,,,,,,,0.07399307600114721,0.03480294169344406,,,,,,,0.05070841074098614,-0.051549713342616876,,-0.05931251884937401,,,,,-0.06345422737497781,,,,,,,,,,,,,0.016415527954610633,,,,,-0.04254315587509396,,,,,0.039140152461632674,,,,,,,,2574,,pass,,,,,,,
2634,,,,0.047185564932235906,,,,,,,,,,,,,,,,,,,-0.026949145987306657,,,,-0.061909176239714724,,,,0.026774027549117948,,,,,,,,,,-0.013259361477178877,,,,,,-0.03204141010110683,-0.09894757669348482,,,,,0.04332139658149099,,,,0.08591180080864949,,,0.09351908084229324,2634,,pass,,,,,,,
2655,,,,,0.03444359855455874,,,,0.07427521879663979,,,,,,,,,,,,,,-0.05858419468535859,,-0.09834864113457105,,-0.01741538950122781,,,-0.03966467413882982,,-0.012434213788647999,,,,,,,,,,,,,-0.0786918692707852,,-0.0788028984570916,,-0.057793938643384245,,,,,,,,,,,,2655,,pass,,,,,,,
2688,,0.00029080895785618514,,,,,,,,,,,,,,-0.06973837177637923,,,,,,,-0.06462033457379551,,,,,,-0.0524922744223643,,,,,,,,,,,,0.07971267679196653,-0.005270716330809887,,,,,-0.0744213585091694,-0.05894929250878213,,,,,0.035932308386482044,,,,,,,,2688,,fail,,,,,,,0.09724009703889712
2735,,,,,,,,,,,,,,,,,-0.040024164700587665,,,,,,,,-0.033202645750278176,,-0.048387806436923184,,-0.11636905349499074,,,,,,,,,,,0.1214715000899331,,,-0.016140207667656396,,,,-0.09251453160850909,,-0.05457708051629416,,,,0.06667896293412387,,-0.02239016876146544,,,,,,2735,,pass,,,,,,,
2798,,,,,-0.030521962187748674,,,,,,,0.040368688050446,,,,,,,,,,,-0.06000219109941065,,-0.08010047721265444,,-0.045627242687891215,,,,,,0.041827527589884325,,,,,,,,,,,,,,,-0.05160018180750021,-0.038361615726054316,,,,,0.005652507314836936,,,0.002274801333898471,,,,2798,,fail,,,,,,,
2823,,-0.07524975401814801,,,,,,,,,,,,,,,,,,,,,,,-0.03778339826116602,,,,-0.060475110588646505,,,0.011433917138314901,,,,,,-0.04464481609948101,,,-0.06943720355420104,,,,,-0.03349277555129451,-0.07214626481208204,,-0.08286105729411011,,,,,,,,,,,,2823,,fail,,,,,0.10632210368388992,,
2839,,,,,-0.007525160124552359,,,,,,,0.03691408416871891,,,,,,,,,,,,,,,-0.08386394655898166,,,-0.06879317695370675,,,-0.0817406152623382,,,,,,0.011874407060409414,,,-0.03535526686125544,,,,,-0.10854214655132297,,-0.090769837700493,,,,,,,,0.07434053555717392,,,,2839,,fail,,,,,,,
2866,,0.047315793435128824,0.059122119406093486,,,,,,,,,-0.06315912077838041,,,,,,,,0.038869821046406544,,,-0.046340999388067995,,-0.05060913011937334,,,,,,,,,,,,,,0.0076856154069500715,,0.12317571319658664,,,,,-0.03010716623442092,-0.08554589153025938,,,,,,,,,,,,,,2866,,fail,,,,,,,
2873,,,,,,,,,,,,0.0810600458487829,,,,,-0.018303803719341736,,,,,,,,,,,,-0.058466830675928026,,,,,0.06225986932511229,,,,,,,,,,,-0.050704590913683664,,-0.03052627447386094,-0.04757650755448991,,,,,0.06524515430096363,0.03833922085797376,,,,,,,2873,,pass,,,,,,-0.04760843276554931,
2907,,-0.0825158525250754,,,,,,,,-0.07673546918762442,,,,,,,,,,,,,-0.024460222623175907,,,,,,,,-0.034078512186650305,,,0.1300029286367139,,,,,,,,,,,,-0.028719530836786775,-0.05379691877210993,,,,,,,,,,0.1038148961231161,,,,2907,,pass,,0.078619049123796,,,,0.03168478229426144,
2948,,,,,,,,,,,,,,,,0.02015090006284991,-0.07048527141309377,,,,,-0.047248447225895024,-0.08826554359638673,,,,-0.0816420052573605,,-0.04197715347578387,,,,-0.061347785320773125,,,,,,,,,,,,,-0.08225669548730617,,,-0.043415724041945006,,,,,-0.05930606820271908,,,,,,,2948,,fail,,,,,,,
2960,,,,,,,,,,,,,0.03145335648598053,,,,,,,,,-0.021857742704998098,,,-0.07308687551835806,,-0.06069715926179539,,,,,0.1179618516601589,,,,,,,0.016439197554080055,,,,,,,-0.07814813583542939,-0.010216598679940143,-0.03336123465222736,-0.05477273615412839,,,,,,,,,,,,2960,,pass,,,,,,,
2986,,,0.08486283063433145,-0.041129817408060286,,,,,,,,,,,,,,,,,,,-0.055108973759549415,,-0.0655896145627411,,-0.015546215201366514,,,,,,,-0.034552392770810764,,-0.011149314011057078,,-0.004809387396434659,,,,,,,,0.005206405444178702,,,,,,,,,,,0.05061142083614365,,,,2986,,pass,,,,,,,
3028,,,-0.022026363588612777,,,-0.024986494315148294,,,,,,,,,,,,,,,,,-0.034129629543693626,,-0.05858488131936741,,,,-0.06087779695185003,,,,,,,,,,0.06862827369429204,,,,,,0.0204069372358064,,,,,,,,,,0.02569019089500044,,0.1014253651766035,,,,3028,,pass,,,,,,0.07866280679375462,
3037,,,,,,,,,,,,,,0.07869323364911411,,-0.009467662574908102,,,,,,,-0.0940539192092254,,-0.07829977082878628,,-0.07416461198604438,,,,,,,,,,,,,,0.05616644199278082,,0.04902755542456046,,,,,,0.06429171102128194,,,,,,,0.05592644982106388,0.09351190409346882,,,,3037,,pass,,,,,,,
3109,,-0.040369108119338144,,,,,,,,-0.04762668070175821,,,0.03142397917368903,0.08230866847478575,,,,,,0.07840722087085471,,,,,-0.0479531068420479,,-0.08788897147086493,,,,,,,,,,,,,,,,,,,,,-0.08623412981459798,-0.02318384661881221,,,,,,,,,,,,3109,,fail,,,,,0.07968289427835518,,
3113,,,,,,,,0.011909862545858494,,,,,,,,,,,0.03513780504252257,,,,-0.05419739146244979,,,,,,,,,,0.05995102412430655,,,,,,,,,,0.004358144309825626,,-0.07055000398641441,-0.06422826458198405,-0.07975226983989506,-0.052608721254991345,,,,,,,,,,,,0.06134903812131778,3113,,fail,,,,,,,
3132,,,,,,,,,,,,,-0.0364490884776446,,0.07862968042942134,,,,,,,,,,-0.06999085379914385,,,,,,0.05870786164265663,,,,,,,,,,-0.04742341129926081,,,,,,,-0.04710804471337301,,,-0.07539468250483891,,,,,0.031665106319141614,0.0859566618842808,,,,3132,,fail,,,,,0.06985453978229988,,
3182,,,,,,,,,,,,,,,,,,,-0.01151102118097614,,,,-0.06014466329362254,,,,,,,,,0.0666949732653318,,-0.02828718316944767,0.005980516707619797,-0.00738972882286047,,-0.024454903750298688,,0.04346499631724596,,,,,,,,,,,,-0.02905964855877994,,,,,,,,,3182,,pass,,0.10900990459437204,,,,,
3211,,-0.061842411247150994,,-0.023429648673808683,-0.06621396090996384,,,,,,,,,,0.0779190658958611,,,,,,,,,,-0.11509343076730597,,-0.08739390796101888,,-0.06278823613035937,,,0.06167562697917082,,,,,,,,,,,,,,,-0.0903430331703753,,,,,,,0.1548615820314493,,,,,,,3211,,pass,,,,,,,
3216,,,,0.019961305691293195,,,,-0.031201389311360392,,,,,0.06450245963132648,,,,,,,,,,-0.0564265632065554,,,,,,-0.06845139309115839,,,,,-0.04502476849427182,,,,,,,,,,,,-0.047488124885452496,,,-0.052871006514690094,,,,,-0.0640536854342064,,,,-0.047379885595983204,,,3216,,fail,,,,,,,
3223,,,,-0.02970500855430495,,,,,-0.050263954966831025,,,,-0.0839494684121219,,,,,,,,,,,,,,-0.10204087457427352,,,-0.0743843859205069,,,,,,,,,,0.06476605781841127,,,,,,,-0.06245304226691782,-0.07943044150850266,,,-0.07770584823380275,,,,,,,,,,3223,,pass,,,0.06209434176493386,,,,
3332,,,0.019923734403592634,,-0.07618448185901922,,,,,0.037804420076032,,-0.05095714726743403,,,,,,,,,,,,,-0.06784100277066057,,,,-0.06262050689033026,,,,0.026009118261231836,0.0013605272601850385,,,,,,,0.0020886708131229535,0.06532611031772068,,,,,,,,,,,,,,,,,,,3332,,fail,,,,,,,
3370,,,,,,,,,-0.022405309586183406,,,,,,,,,,,0.08194513273679715,,,-0.07657964693077268,,,,-0.03654814216405696,,,,-0.042742652044708014,,-0.051796512548496314,,,,,,,,,,,,,,,-0.03312705841214678,-0.054058578029403774,,,0.04013111743112369,,,,,0.10145375189618472,,,,3370,,pass,,,,,,,
3428,,,0.04752038694368639,,,,,,,,,,,,,0.025122703441381383,,,,-0.03294826456862154,,,,,-0.07672127681651894,,,,-0.024315817747620674,,,,,,,,,,,0.11288071864055009,,,,,,,,,,,,-0.06784109048009246,,,,,,,0.10781688360721693,,3428,,fail,,,0.11155696516036767,,,0.07241030388201984,
3441,,,,,,,,,,,,,,,,,,,,,,-0.03055800963832738,-0.06353108304305477,,-0.11842503046335837,,-0.11825231032463746,,,,,,-0.023760656528712485,,,,,,,,,,,,0.1337688808155302,-0.044282644343078326,-0.046782973696271386,-0.04233162647029093,,,,,,,-0.04905130040561278,,,,,,3441,,pass,,,,,,,
3565,-0.02153203072232615,,,,,,0.054690022421908346,,,,0.06159414341343015,,,,,,,0.011872156221377883,,,,,,0.07448876223386931,,0.08229950783657058,,0.08743003290012377,,,,,,,,,0.02409311198330093,,,,,,,-0.0317042823732786,,,,,,0.025283311284941157,,,,,,,,,,,3565,,fail,,,,,,,
