,feature,importance,pn,perc_importance
0,NumberSubmissions-avg,-0.015666652409578288,-1.0,-1.0
1,NumberSubmissions,-0.011881333978835758,-1.0,-0.7583837100752769
2,FractionSpent-video.play-completed,-0.0012920447807603294,-1.0,-0.08247101850363377
3,FrequencyEvent-video.pause-relative,-0.0011444133227117334,-1.0,-0.07304772537189
4,ContentAlignment,-0.0007641316163489804,-1.0,-0.04877440287637996
5,AttendanceRate,-0.0007084064329739818,-1.0,-0.04521747304107391
6,WeeklyProp-replayed-mean,-0.0005151638616644193,-1.0,-0.03288282960496769
7,FractionSpent-video.play-played,-0.0005093625501452451,-1.0,-0.032512532788040324
8,FractionSpent-video.pause,-0.0004082598213905232,-1.0,-0.026059161250103505
9,TimeSessions-std,0.00031895671212671075,1.0,0.020968889707846758
10,problem.check-problem.check-video.load,0.0006044329325331577,1.0,0.03973670098857521
11,WatchingIndex,0.0006624868009638799,1.0,0.043553285239525404
12,CompetencyCoverage,0.0008475830949449682,1.0,0.05572190758310765
13,NumberSubmissions-distinct,0.0011396555365048846,1.0,0.07492336841124152
14,NumberSubmissions-avg_time,0.001268257195615677,1.0,0.08337791382011514
15,CompetencyAnticipation,0.0013641935410785438,1.0,0.0896849723346435
16,WeeklyProp-interrupted-mean,0.001713766165255125,1.0,0.11266661693577443
17,UtilizationRate,0.0020116202759624465,1.0,0.13224817693746335
18,WeeklyProp-watched-mean,0.002784325135007179,1.0,0.18304743072331708
19,ContentAnticipation,0.0028230945188222212,1.0,0.18559621211699986
20,FrequencyEvent-video.load-relative,0.0032532586578546663,1.0,0.21387611357290287
21,video.play-problem.check-problem.check,0.004702089054195736,1.0,0.3091252920074445
22,FractionSpent-video.play,0.004722663607662519,1.0,0.3104779067229541
23,TimeBetweenSessions-std,0.005397926503071695,1.0,0.35487111946716876
24,WatchingRatio,0.015210949009253174,1.0,1.0
