,feature,mean_score_shap,mean_score_cem,mean_score_lime
0,TotalClicks_InWeek1,0.0014026575388981968,0.0022201327421899216,0.0
1,NumberSessions_InWeek1,0.0030663696283157694,0.0003645950965842065,0.0
2,Time-video-sum_InWeek1,0.0033848909760184837,0.0033601964706531425,0.0
3,Time-problem-sum_InWeek1,0.0008427996391242893,0.0036057879759395406,0.0
4,video.pause-video.speedchange-video.play_InWeek1,0.0006136163006767716,0.0017065033829914186,0.0
5,video.play-video.pause-video.load_InWeek1,0.0041562529298657044,0.0031118975708834566,0.0
6,video.play-video.play-video.play_InWeek1,0.004993738959088836,6.787183470195307e-05,0.0
7,video.play-problem.check-problem.check_InWeek1,0.004478725849358977,0.0,0.0
8,problem.check-problem.check-video.load_InWeek1,0.0024237988141315443,0.006165963320972742,0.0
9,problem.check-problem.check-problem.check_InWeek1,0.001628975933645925,0.004639883333942522,0.0
10,RegPeakTime-m1_InWeek1,0.003743332897538447,0.0001368070685312649,0.0
11,RegPeriodicity-m1_InWeek1,0.002307317406231887,0.002146939049941809,0.0
12,TimeSessions-sum_InWeek1,0.0035396711350088182,0.00012283414622567157,0.0
13,TimeSessions-mean_InWeek1,0.0008390528664847748,0.0036947827034238415,0.0
14,TimeBetweenSessions-std_InWeek1,0.0029117411010450515,0.0030762885061920995,0.0
15,TimeSessions-std_InWeek1,0.0032752973169639594,8.619784853727316e-05,0.0
16,TotalClicks-weekday_InWeek1,0.0010041227662824807,0.004255676651303714,0.0
17,TotalClicks-weekend_InWeek1,0.0016400540631380653,0.003421327868407415,0.0
18,RatioClicksWeekendDay_InWeek1,0.0003981605197563295,0.005757673995565199,0.0
19,AttendanceRate_InWeek1,0.002949502143998062,0.003942608111325194,0.0
20,UtilizationRate_InWeek1,0.0014584783694068795,0.004388989472575277,0.0
21,WatchingRatio_InWeek1,0.0013110597918659455,0.00244140270736605,0.0
22,TotalClicks-video.load_InWeek1,0.001633253479538164,0.0040550050724726516,0.0
23,WeeklyProp-watched-mean_InWeek1,0.0032099853321529846,0.003942608111325194,0.0
24,WeeklyProp-replayed-mean_InWeek1,0.0004541965018313253,0.002376934102105298,0.0
25,WeeklyProp-interrupted-mean_InWeek1,0.00197531152319817,0.002397486121704391,0.0
26,FrequencyEvent-video_InWeek1,0.0003483845070218065,0.001964300770986513,0.0
27,FrequencyEvent-video.load_InWeek1,0.004253714403567552,0.0002394877195045973,0.0
28,FrequencyEvent-video.play_InWeek1,0.0017578873958592244,0.0032014921844763715,0.0
29,FrequencyEvent-video.pause_InWeek1,0.0026103264846385264,0.0002083449393943536,0.0
30,PauseDuration-mean_InWeek1,0.002476427413670612,0.003498848686165497,0.0
31,PauseDuration-std_InWeek1,0.002048445044227976,0.0030682045417260778,0.0
32,TimeSpeedingUp-mean_InWeek1,0.001202155288989024,0.0027610817162704534,0.0
33,TimeSpeedingUp-std_InWeek1,0.0026321037308676353,0.00010828987023055227,0.0
34,FractionSpent-video.play_InWeek1,0.0010476018819069212,0.005002115300354011,0.0
35,FractionSpent-video.play-completed_InWeek1,0.002369654343721607,0.0002667814379780392,0.0
36,FractionSpent-video.play-played_InWeek1,0.0037290163609594333,0.004219281197948795,0.0
37,FrequencyEvent-video.pause-total_InWeek1,0.0015353945658085108,0.0016023220485557688,0.0
38,FractionSpent-video.pause_InWeek1,0.004089483246652757,0.002606425738542175,0.0
39,SpeedPlayback-mean_InWeek1,0.0016788868834648417,0.0027153736166712975,0.0
40,SpeedPlayback-std_InWeek1,0.0008462311890028825,0.0021454952051433492,0.0
41,CountUniqueElement-video_InWeek1,0.002859822403955906,0.004074116187130153,0.0
42,CompetencyCoverage_InWeek1,0.0,0.0,0.01817402366885491
43,CompetencyAnticipation_InWeek1,0.0028041292628744503,9.727648178111161e-05,0.0
44,ContentAlignment_InWeek1,0.0029081476248248184,0.003942608111325194,0.0
45,ContentCoverage_InWeek1,0.002933909461836105,0.003942608111325194,0.0
46,ContentAnticipation_InWeek1,0.0008903370576936342,0.0037723244096956343,0.0
47,StudentSpeed_InWeek1,0.0009988442410154034,0.000123303291257843,0.0
48,StudentThoughtfulness_InWeek1,0.003640559174971144,0.0030654338398691575,0.0
49,StudentWeeklyActiveness_InWeek1,0.0024787457446316607,0.004135746574057735,0.0
50,WatchingIndex_InWeek1,0.0010307978474300068,0.0025561636768575047,0.0
51,FrequencyEvent-video.play-played_InWeek1,0.0014410746910823102,0.004253454042052249,0.0
52,FrequencyEvent-video.play-relative_InWeek1,0.0013785328885394515,0.0019888273612637046,0.0
53,FrequencyEvent-video.pause-relative_InWeek1,0.002580575869988275,0.002606425738542175,0.0
54,FrequencyEvent-video.seelforward-total_InWeek1,0.0036565049992305313,0.0027153736166712975,0.0
55,FrequencyEvent-video.load-relative_InWeek1,0.0031193523300347354,0.0028936858073428033,0.0
56,NumberSubmissions-distinct_InWeek1,0.002288029560598095,0.00037114059582331424,0.0
57,NumberSubmissions_InWeek1,0.0010938861582920148,0.0012339138395687237,0.0
58,NumberSubmissions-avg_InWeek1,0.0004432948207820272,0.001265793138942313,0.0
59,NumberSubmissions-avg_time_InWeek1,0.004782734969515164,0.0002128935919590928,0.0
60,TimeSolveProblem_InWeek1,0.00042957085659646547,0.0030578325855042496,0.0
61,ObsDurationProblem-var_InWeek1,0.004260770081919127,5.483920547730386e-05,0.0
62,ObsDurationProblem-max_InWeek1,0.0008414547694892803,0.00015323685279731842,0.0
63,TimeSessions-length_InWeek1,0.00371567712478615,0.00030884295606016206,0.0
64,TotalClicks_InWeek2,0.0006892046205507214,0.0023441469042683252,0.0
65,NumberSessions_InWeek2,0.003962272846335642,0.00016325752694052256,0.0
66,Time-video-sum_InWeek2,0.0021306794732963543,0.003997197912880586,0.0
67,Time-problem-sum_InWeek2,0.0006677990479939523,0.00012180415160539939,0.0
68,video.pause-video.speedchange-video.play_InWeek2,0.0004942709562377003,0.005909903670614433,0.0
69,video.play-video.pause-video.load_InWeek2,0.0034911833560836397,0.0032878056242435284,0.0
70,video.play-video.play-video.play_InWeek2,0.004972381975454112,0.006165604957518658,0.0
71,video.play-problem.check-problem.check_InWeek2,0.004990819112630004,4.500221285221726e-05,0.0
72,problem.check-problem.check-video.load_InWeek2,0.0011168901908481437,0.00012263171535688698,0.0
73,problem.check-problem.check-problem.check_InWeek2,0.002305793785047677,0.00496093324544204,0.0
74,RegPeakTime-m1_InWeek2,0.003981178905993979,0.004637288665714766,0.0
75,RegPeriodicity-m1_InWeek2,0.0020707672948740664,0.00349938773202864,0.0
76,TimeSessions-sum_InWeek2,0.0033973082880433144,7.735865079764673e-05,0.0
77,TimeSessions-mean_InWeek2,0.0009874655736843087,0.004391004908488718,0.0
78,TimeBetweenSessions-std_InWeek2,0.003781292910397767,6.26850512217596e-05,0.0
79,TimeSessions-std_InWeek2,0.002426221029430885,0.0029164596104918066,0.0
80,TotalClicks-weekday_InWeek2,0.0015773719698914273,0.0025347282389430953,0.0
81,TotalClicks-weekend_InWeek2,0.0009364702410451637,0.00416395745325861,0.0
82,RatioClicksWeekendDay_InWeek2,0.0007196559975433882,0.004901344624381733,0.0
83,AttendanceRate_InWeek2,0.00209467335907426,0.0031626186497947678,0.0
84,UtilizationRate_InWeek2,0.0017696937342821762,0.0028393569332751784,0.0
85,WatchingRatio_InWeek2,0.004251852874328496,7.392240639635749e-05,0.0
86,TotalClicks-video.load_InWeek2,0.001466508393079025,0.001483371004343881,0.0
87,WeeklyProp-watched-mean_InWeek2,0.0024551512237345756,0.0031626186497947678,0.0
88,WeeklyProp-replayed-mean_InWeek2,0.00046560376064910694,0.0016159077950475397,0.0
89,WeeklyProp-interrupted-mean_InWeek2,0.0016423237026933855,0.002582094819600017,0.0
90,FrequencyEvent-video_InWeek2,0.00045484123600650654,0.00544073944537012,0.0
91,FrequencyEvent-video.load_InWeek2,0.004429754973472779,0.00022096047970531033,0.0
92,FrequencyEvent-video.play_InWeek2,0.00287533669012562,4.50141903096921e-05,0.0
93,FrequencyEvent-video.pause_InWeek2,0.0029555842976765638,0.00011093941484883648,0.0
94,PauseDuration-mean_InWeek2,0.0013443258320139093,0.001245343409910888,0.0
95,PauseDuration-std_InWeek2,0.0036316340225055867,0.0034406155106512333,0.0
96,TimeSpeedingUp-mean_InWeek2,0.0016117029644721072,0.0019319586917027226,0.0
97,TimeSpeedingUp-std_InWeek2,0.0021928177546106827,5.484762525902297e-05,0.0
98,FractionSpent-video.play_InWeek2,0.001566637562784694,0.002097458169620268,0.0
99,FractionSpent-video.play-completed_InWeek2,0.002629010485881643,9.77048239791439e-05,0.0
100,FractionSpent-video.play-played_InWeek2,0.0012232971682485077,0.002479893374141949,0.0
101,FrequencyEvent-video.pause-total_InWeek2,0.0009565357088528836,0.003988556718714795,0.0
102,FractionSpent-video.pause_InWeek2,0.003201949825845611,0.002908265501938441,0.0
103,SpeedPlayback-mean_InWeek2,0.0019917455396308106,0.0031255243215362306,0.0
104,SpeedPlayback-std_InWeek2,0.0005163464067812622,0.0033006972516702753,0.0
105,CountUniqueElement-video_InWeek2,0.0041108538632116135,0.0036233155552803957,0.0
106,CompetencyCoverage_InWeek2,0.0,0.0,0.01758602395396808
107,CompetencyCoverage_InWeek2,0.0,0.0,0.00029109685337462153
108,CompetencyAnticipation_InWeek2,0.0025196682323064975,9.532108440614951e-05,0.0
109,ContentAlignment_InWeek2,0.002794609707386004,0.0031626186497947678,0.0
110,ContentCoverage_InWeek2,0.001928209520129699,0.0001288380481726113,0.0
111,ContentAnticipation_InWeek2,0.00164306721165437,0.0014327049826841985,0.0
112,StudentSpeed_InWeek2,0.0003290553569091257,0.0011256534690023846,0.0
113,StudentThoughtfulness_InWeek2,0.0033063491219903164,0.003222866025183158,0.0
114,StudentWeeklyActiveness_InWeek2,0.0016569274094526546,0.004104924605871241,0.0
115,WatchingIndex_InWeek2,0.0010723799489127995,0.003443467303947364,0.0
116,FrequencyEvent-video.play-played_InWeek2,0.002165282964001938,0.0030970011572815405,0.0
117,FrequencyEvent-video.play-relative_InWeek2,0.0032609973603340264,0.00298881389295375,0.0
118,FrequencyEvent-video.pause-relative_InWeek2,0.00407085512094411,4.5002259320683884e-05,0.0
119,FrequencyEvent-video.seelforward-total_InWeek2,0.0023183603851593885,0.0031255243215362306,0.0
120,FrequencyEvent-video.load-relative_InWeek2,0.003120180895491662,4.501812526321625e-05,0.0
121,NumberSubmissions-distinct_InWeek2,0.0029304994292186385,0.0005136020638135707,0.0
122,NumberSubmissions_InWeek2,0.0008921404688213046,5.791090416619178e-05,0.0
123,NumberSubmissions-avg_InWeek2,0.00041277498649993694,0.0010781870335206892,0.0
124,NumberSubmissions-avg_time_InWeek2,0.004259250971459903,0.00024032129710445702,0.0
125,TimeSolveProblem_InWeek2,0.0005778772107737222,0.0034249361390691043,0.0
126,ObsDurationProblem-var_InWeek2,0.0014807945608331728,0.003747939632407782,0.0
127,ObsDurationProblem-max_InWeek2,0.0005430336376555099,0.0011815348024525002,0.0
128,TimeSessions-length_InWeek2,0.00295642889846678,0.00018533561022292185,0.0
129,TotalClicks_InWeek3,0.0008298792537017988,0.004152232728059685,0.0
130,NumberSessions_InWeek3,0.003970889630957617,0.0022481898831619835,0.0
131,Time-video-sum_InWeek3,0.0040158409055506975,0.0033079627834696913,0.0
132,Time-problem-sum_InWeek3,0.0007226146343404357,0.00046421068909850173,0.0
133,video.pause-video.speedchange-video.play_InWeek3,0.0018829923495880538,0.00018719001941438048,0.0
134,video.play-video.pause-video.load_InWeek3,0.00394914269082401,4.500280413734359e-05,0.0
135,video.play-video.play-video.play_InWeek3,0.0,0.0,0.0
136,video.play-problem.check-problem.check_InWeek3,0.0,0.0001317504704772973,0.0003568881826471295
137,problem.check-problem.check-video.load_InWeek3,0.0025127768032342825,0.0,0.0
138,problem.check-problem.check-problem.check_InWeek3,0.0012670747903995522,0.005665208847068853,0.0
139,RegPeakTime-m1_InWeek3,0.002108878951060176,0.0026492982819056854,0.0
140,RegPeriodicity-m1_InWeek3,0.0014526090439845882,0.0036637428410081965,0.0
141,TimeSessions-sum_InWeek3,0.002586802674907686,5.287860500051822e-05,0.0
142,TimeSessions-mean_InWeek3,0.0006821676633252117,0.0019683093506291903,0.0
143,TimeBetweenSessions-std_InWeek3,0.0038869938885107524,0.00025911646957218706,0.0
144,TimeSessions-std_InWeek3,0.0007901291469865168,0.0036233658501367153,0.0
145,TotalClicks-weekday_InWeek3,0.0020331927234261177,0.003322554686309309,0.0
146,TotalClicks-weekend_InWeek3,0.00059271981694526,0.0041308662925748614,0.0
147,RatioClicksWeekendDay_InWeek3,0.0008803099940310742,0.005023634162080952,0.0
148,AttendanceRate_InWeek3,0.003150828948981572,0.002387157271487799,0.03639430149274676
149,UtilizationRate_InWeek3,0.001127935731937035,0.0026626645277308446,0.0
150,WatchingRatio_InWeek3,0.004828567813886407,7.185539332161543e-05,0.0
151,TotalClicks-video.load_InWeek3,0.0020693232965959406,0.0031224713439957728,0.0
152,WeeklyProp-watched-mean_InWeek3,0.0030015099227727383,0.002387157271487799,0.0
153,WeeklyProp-replayed-mean_InWeek3,0.0006756760260131971,0.0006310143421338263,0.0
154,WeeklyProp-interrupted-mean_InWeek3,0.0010375337388387183,0.00098355370102212,0.0
155,FrequencyEvent-video_InWeek3,0.0004285929817991895,0.0003916039997451838,0.0
156,FrequencyEvent-video.load_InWeek3,0.0031404380303441935,0.00017185223356371867,0.0
157,FrequencyEvent-video.play_InWeek3,0.0029449480365469367,4.500644877716234e-05,0.0
158,FrequencyEvent-video.pause_InWeek3,0.0030714681896914504,0.0001227594896143592,0.0
159,PauseDuration-mean_InWeek3,0.0016870197476089935,4.500182635077994e-05,0.0
160,PauseDuration-std_InWeek3,0.0039352888916519575,0.003179863447054916,0.0
161,TimeSpeedingUp-mean_InWeek3,0.001851948477299025,0.004218705460862027,0.0
162,TimeSpeedingUp-std_InWeek3,0.0025155039780882017,0.003938220316301812,0.0
163,FractionSpent-video.play_InWeek3,0.0010688689410251737,0.003816414945997299,0.0
164,FractionSpent-video.play-completed_InWeek3,0.001670440129288895,0.0034981995859835135,0.0
165,FractionSpent-video.play-played_InWeek3,0.0013930729677281634,0.0027992713076637455,0.0
166,FrequencyEvent-video.pause-total_InWeek3,0.0007266803248974307,0.0013657604179207997,0.0
167,FractionSpent-video.pause_InWeek3,0.004678825228098273,0.0022254750912235996,0.0
168,SpeedPlayback-mean_InWeek3,0.0024060170503199074,0.0030996052289093685,0.0
169,SpeedPlayback-std_InWeek3,0.0005719933648090123,0.0016426473210721408,0.0
170,CountUniqueElement-video_InWeek3,0.0020167689995931612,0.0033073969622382225,0.0
171,CompetencyCoverage_InWeek3,0.0,0.00013528039142284533,0.016632231963268483
172,CompetencyAnticipation_InWeek3,0.0025546560201317394,0.00014166403585387359,0.0
173,ContentAlignment_InWeek3,0.003079490975980572,0.002387157271487799,0.0
174,ContentCoverage_InWeek3,0.0017922206160539162,0.0002070305035652623,0.0
175,ContentAnticipation_InWeek3,0.00387580139080876,0.0016440924834850805,0.0
176,StudentSpeed_InWeek3,0.0008605182000858318,0.0009929722468838857,0.0
177,StudentThoughtfulness_InWeek3,0.002764504424787972,0.003381508336008093,0.0
178,StudentWeeklyActiveness_InWeek3,0.0015751643418452825,0.005073662075379641,0.0
179,WatchingIndex_InWeek3,0.0007572085278991524,0.003059487516803823,0.0
180,FrequencyEvent-video.play-played_InWeek3,0.0015777759907341258,0.0031858328806458965,0.0
181,FrequencyEvent-video.play-relative_InWeek3,0.001815836670796404,0.0024650370716410323,0.0
182,FrequencyEvent-video.pause-relative_InWeek3,0.004042620088611227,8.424075013853783e-05,0.0
183,FrequencyEvent-video.seelforward-total_InWeek3,0.0020136392895148732,0.0030996052289093685,0.0
184,FrequencyEvent-video.load-relative_InWeek3,0.0025133437402166036,7.199525238057602e-05,0.0
185,NumberSubmissions-distinct_InWeek3,0.0,0.0003530179332683476,0.017878107006827383
186,NumberSubmissions_InWeek3,0.0,0.0003449335055225164,0.028520860691865497
187,NumberSubmissions-avg_InWeek3,0.0,0.001022193081409685,0.019690781780347038
188,NumberSubmissions-avg_InWeek3,0.0,0.001022193081409685,0.00029109685337462153
189,NumberSubmissions-avg_time_InWeek3,0.0,0.00012493937321996913,0.013153591437916699
190,TimeSolveProblem_InWeek3,0.0008391797065995199,0.002494661042651126,0.0
191,ObsDurationProblem-var_InWeek3,0.0003728553317842542,0.0033918835759337417,0.0
192,ObsDurationProblem-max_InWeek3,0.0007920025431981594,0.001234931829339051,0.0
193,TimeSessions-length_InWeek3,0.002375610554965394,4.5003179894759485e-05,0.0
194,TotalClicks_InWeek4,0.0006081248916886068,0.00449347656852693,0.0
195,NumberSessions_InWeek4,0.003794059292424246,0.003234054434774362,0.0
196,Time-video-sum_InWeek4,0.004190763189763267,0.004488803624097768,0.0
197,Time-problem-sum_InWeek4,0.00048241250092896496,0.0005221941637320863,0.0
198,video.pause-video.speedchange-video.play_InWeek4,0.001011523123264065,8.288042270270012e-05,0.0
199,video.play-video.pause-video.load_InWeek4,0.004092617377487508,4.500356104859784e-05,0.0
200,video.play-video.play-video.play_InWeek4,0.0016018959314164638,0.0,0.0
201,video.play-problem.check-problem.check_InWeek4,0.0,0.00022638983906079376,0.0008218816973470891
202,problem.check-problem.check-video.load_InWeek4,0.00041322000402266133,0.00011433437291866128,0.0
203,problem.check-problem.check-problem.check_InWeek4,0.0010315072627473073,0.0027863081618985045,0.0
204,RegPeakTime-m1_InWeek4,0.001201258087082224,0.002871838834643638,0.0
205,RegPeriodicity-m1_InWeek4,0.0016692470414878832,0.0030857135560987273,0.0
206,TimeSessions-sum_InWeek4,0.002829750323176398,0.002509984129332017,0.0
207,TimeSessions-mean_InWeek4,0.0007106835703561979,0.0021407388462482656,0.0
208,TimeBetweenSessions-std_InWeek4,0.0037274210012341303,0.0002528325812293268,0.0
209,TimeSessions-std_InWeek4,0.0007236723504618414,0.002188892377671137,0.0
210,TotalClicks-weekday_InWeek4,0.0011621403041140739,0.00210189057628299,0.0
211,TotalClicks-weekend_InWeek4,0.0004125304077068509,0.004003788341672479,0.0
212,RatioClicksWeekendDay_InWeek4,0.0022596732968095693,0.003513772164760274,0.0
213,AttendanceRate_InWeek4,0.0034495179826246817,0.002858641609416007,0.0
214,UtilizationRate_InWeek4,0.0010785877191304993,0.0041275682834008166,0.0
215,WatchingRatio_InWeek4,0.004948035287083904,0.00036170152316100846,0.0
216,TotalClicks-video.load_InWeek4,0.0007566654459831478,0.004154074538839154,0.0
217,WeeklyProp-watched-mean_InWeek4,0.0033603812519958447,5.223428134183125e-05,0.0
218,WeeklyProp-replayed-mean_InWeek4,0.0013155652703926324,0.0035627880165477843,0.0
219,WeeklyProp-interrupted-mean_InWeek4,0.0013996769318300013,0.002239370887115368,0.0
220,FrequencyEvent-video_InWeek4,0.0003338496927792389,0.0006102463539047224,0.0
221,FrequencyEvent-video.load_InWeek4,0.0006669682667449128,0.0001004650237827952,0.0
222,FrequencyEvent-video.play_InWeek4,0.002998652107520647,4.500723828330118e-05,0.0
223,FrequencyEvent-video.pause_InWeek4,0.002092048495269112,6.172585268873721e-05,0.0
224,PauseDuration-mean_InWeek4,0.002748777939856029,0.0002068965611474728,0.0
225,PauseDuration-std_InWeek4,0.003546053293074615,0.003197337588478407,0.0
226,TimeSpeedingUp-mean_InWeek4,0.0019505715942111385,0.004332992969564312,0.0
227,TimeSpeedingUp-std_InWeek4,0.003044498768735467,0.0022448993881413522,0.0
228,FractionSpent-video.play_InWeek4,0.0018854508853800448,0.0032382856493241427,0.0
229,FractionSpent-video.play-completed_InWeek4,0.0017448958565405336,0.0033324310299776543,0.0
230,FractionSpent-video.play-played_InWeek4,0.0014231752944720904,0.003108198874142162,0.0
231,FrequencyEvent-video.pause-total_InWeek4,0.001533948016374293,0.0024375682006620054,0.0
232,FractionSpent-video.pause_InWeek4,0.0027954530014710653,0.003168501441164744,0.0
233,SpeedPlayback-mean_InWeek4,0.0024768084273233924,0.003253581284614615,0.0
234,SpeedPlayback-std_InWeek4,0.0009848999559865764,0.004183435563344756,0.0
235,CountUniqueElement-video_InWeek4,0.0030172695207936803,0.0031324389995693383,0.0
236,CompetencyCoverage_InWeek4,0.0025137247667399894,0.00016530956248704808,0.0
237,CompetencyAnticipation_InWeek4,0.0,0.0001063176649157717,0.013569636084337087
238,ContentAlignment_InWeek4,0.0033477640926022813,8.646881946800734e-05,0.0
239,ContentCoverage_InWeek4,0.002001833328520292,0.00022106963381616468,0.0
240,ContentAnticipation_InWeek4,0.003906161940749141,7.7716861726786e-05,0.0
241,StudentSpeed_InWeek4,0.0003722867802868785,0.0009831495248161818,0.0
242,StudentThoughtfulness_InWeek4,0.0028430817030272427,0.003324418354272731,0.0
243,StudentWeeklyActiveness_InWeek4,0.0015206140830122388,0.0050758095874826915,0.0
244,WatchingIndex_InWeek4,0.0008888349459525718,0.0025011610175478816,0.0
245,FrequencyEvent-video.play-played_InWeek4,0.0015186294239301124,0.0029699170152900295,0.0
246,FrequencyEvent-video.play-relative_InWeek4,0.0015704534951666612,0.003238700023237383,0.0
247,FrequencyEvent-video.pause-relative_InWeek4,0.0038422850090458903,9.633241481284955e-05,0.0
248,FrequencyEvent-video.seelforward-total_InWeek4,0.002176921335550538,0.003253581284614615,0.0
249,FrequencyEvent-video.load-relative_InWeek4,0.002139959844932691,8.688943503768308e-05,0.0
250,NumberSubmissions-distinct_InWeek4,0.0,0.0001676890817446515,0.01271837732886795
251,NumberSubmissions_InWeek4,0.0,0.00041278290838015364,0.02807974259782355
252,NumberSubmissions-avg_InWeek4,0.0,0.0007885303538673042,0.024419373712753854
253,NumberSubmissions-avg_InWeek4,0.0,0.0007885303538673042,0.00029109685337462153
254,NumberSubmissions-avg_time_InWeek4,0.0,4.500107673406912e-05,0.014837325340981538
255,TimeSolveProblem_InWeek4,0.0005511320095556224,0.0023496716958118138,0.0
256,ObsDurationProblem-var_InWeek4,0.00038449377352217976,0.0030864638426000303,0.0
257,ObsDurationProblem-max_InWeek4,0.0005445485583677442,0.0008694462147058812,0.0
258,TimeSessions-length_InWeek4,0.0014349326077938204,0.003234054434774362,0.0
259,TotalClicks_InWeek5,0.0005268310592846839,0.005215377769675603,0.0
260,NumberSessions_InWeek5,0.0037699910236301103,0.0044582678302242315,0.0
261,Time-video-sum_InWeek5,0.002703983581847835,0.003924756699451638,0.0
262,Time-problem-sum_InWeek5,0.00028686115503616464,0.00032637426174672503,0.0
263,video.pause-video.speedchange-video.play_InWeek5,0.0024632365891247947,0.00017692208059149716,0.0
264,video.play-video.pause-video.load_InWeek5,0.0039035239948626618,4.500278839536162e-05,0.0
265,video.play-video.play-video.play_InWeek5,0.004996839062966544,0.006233901247768458,0.0
266,video.play-problem.check-problem.check_InWeek5,0.004995899097813723,0.00035625513792471476,0.0025083474166733167
267,video.play-problem.check-problem.check_InWeek5,0.004995899097813723,0.00035625513792471476,0.03628907884011721
268,problem.check-problem.check-video.load_InWeek5,5.0439329007853726e-05,6.275605580495177e-05,0.0
269,problem.check-problem.check-problem.check_InWeek5,0.0011142672403949146,0.003424398675825684,0.0
270,RegPeakTime-m1_InWeek5,0.000745393459603685,0.001924638341654286,0.0
271,RegPeriodicity-m1_InWeek5,0.0015232392592059501,0.0027628130353838437,0.0
272,TimeSessions-sum_InWeek5,0.0017357149263685673,0.0039779336219096595,0.0
273,TimeSessions-mean_InWeek5,0.0012927653239395123,0.0022230060045510106,0.0
274,TimeBetweenSessions-std_InWeek5,0.0038816485716528498,0.00033352591339528057,0.0
275,TimeSessions-std_InWeek5,0.001271474268314318,0.003585587778805531,0.0
276,TotalClicks-weekday_InWeek5,0.003909896757247342,0.0016540370434748818,0.0
277,TotalClicks-weekend_InWeek5,0.0005420164580132862,0.003166575693395579,0.0
278,RatioClicksWeekendDay_InWeek5,0.002536447676285034,0.0007870545634959924,0.0
279,AttendanceRate_InWeek5,0.0037299129210621017,0.0018776198047570705,0.0
280,UtilizationRate_InWeek5,0.0021793698502856054,0.003735192341749016,0.0
281,WatchingRatio_InWeek5,0.0034680084175198207,0.0007988850241801519,0.0
282,TotalClicks-video.load_InWeek5,0.0009707206606117294,0.0031035718048345925,0.0
283,WeeklyProp-watched-mean_InWeek5,0.0037191713965959443,7.824356634577364e-05,0.0
284,WeeklyProp-replayed-mean_InWeek5,0.0034058256822339533,0.002512860939792447,0.0
285,WeeklyProp-interrupted-mean_InWeek5,0.00412447229251019,0.0034520471916564153,0.0
286,FrequencyEvent-video_InWeek5,0.0014499770520195127,0.0029044927987206316,0.0
287,FrequencyEvent-video.load_InWeek5,0.0006690797045147041,0.0013337713495708283,0.0
288,FrequencyEvent-video.play_InWeek5,0.0029518424907867906,4.501222582263191e-05,0.0
289,FrequencyEvent-video.pause_InWeek5,0.0030159391009237824,4.500705400175959e-05,0.0
290,PauseDuration-mean_InWeek5,0.003585532743006572,0.00036233954847929935,0.0
291,PauseDuration-std_InWeek5,0.004019100487417097,4.5010920995457685e-05,0.0
292,TimeSpeedingUp-mean_InWeek5,0.002751650243331783,8.362156399263668e-05,0.0
293,TimeSpeedingUp-std_InWeek5,0.001310315946287764,0.0021492770766325456,0.0
294,FractionSpent-video.play_InWeek5,0.0011870048745209567,0.00198946501704689,0.0
295,FractionSpent-video.play-completed_InWeek5,0.0013637024872339295,0.003291152817675689,0.0
296,FractionSpent-video.play-played_InWeek5,0.0024863645090639212,0.0033891084208272134,0.0
297,FrequencyEvent-video.pause-total_InWeek5,0.0007855557448888817,0.004375307062576453,0.0
298,FractionSpent-video.pause_InWeek5,0.003753609139351977,5.3980236514033654e-05,0.0
299,SpeedPlayback-mean_InWeek5,0.0023313199249930315,0.0029361680084067665,0.0
300,SpeedPlayback-std_InWeek5,0.0014502264132776122,0.0025961160862668802,0.0
301,CountUniqueElement-video_InWeek5,0.003050514991382007,4.500578244264324e-05,0.0
302,CompetencyCoverage_InWeek5,0.002491549222066643,0.0002217615734869017,0.0
303,CompetencyAnticipation_InWeek5,0.0,0.0,0.012183885249474875
304,ContentAlignment_InWeek5,0.003632014135322679,0.00013780543537584512,0.0
305,ContentCoverage_InWeek5,0.0021277902913208278,0.00022024362943916695,0.0
306,ContentAnticipation_InWeek5,0.004214161374485017,0.00010760500923602664,0.0
307,StudentSpeed_InWeek5,0.0003857648180456769,0.0010184437936153106,0.0
308,StudentThoughtfulness_InWeek5,0.002971642905093937,0.002988688017587604,0.0
309,StudentWeeklyActiveness_InWeek5,0.0014188899844455912,0.005166154481650797,0.0
310,WatchingIndex_InWeek5,0.0013885630935779197,0.0037588633103055233,0.0
311,FrequencyEvent-video.play-played_InWeek5,0.0014269907484608158,0.0037952714698300375,0.0
312,FrequencyEvent-video.play-relative_InWeek5,0.002926414561085901,0.0024066231483878928,0.0
313,FrequencyEvent-video.pause-relative_InWeek5,0.002546879087842917,0.00016407160138967838,0.0
314,FrequencyEvent-video.seelforward-total_InWeek5,0.0021945566792206054,0.0029361680084067665,0.0
315,FrequencyEvent-video.load-relative_InWeek5,0.0008006607936213606,8.929708086182435e-05,0.0
316,NumberSubmissions-distinct_InWeek5,0.0,0.0,0.013296508566613812
317,NumberSubmissions_InWeek5,0.0,0.00020314224422579368,0.027829132396758022
318,NumberSubmissions-avg_InWeek5,0.0,0.0007134576340973289,0.02522399194798232
319,NumberSubmissions-avg_InWeek5,0.0,0.0007134576340973289,0.00029109685337462153
320,NumberSubmissions-avg_time_InWeek5,0.0,0.0,0.014149406735005941
321,TimeSolveProblem_InWeek5,0.00045570002966694107,0.0022893710709371833,0.0
322,ObsDurationProblem-var_InWeek5,0.00019831010158515548,0.0010012863145317072,0.0
323,ObsDurationProblem-max_InWeek5,0.0003201511707289052,0.0008409159017347316,0.0
324,TimeSessions-length_InWeek5,0.0012173896336294062,0.0044582678302242315,0.0
325,TotalClicks_InWeek6,0.0014450817205654686,0.002672757377789552,0.0
326,NumberSessions_InWeek6,0.001954221213623892,0.0042891430279369674,0.0
327,Time-video-sum_InWeek6,0.0031865748747017266,0.0045397853215044925,0.0
328,Time-problem-sum_InWeek6,0.000968769808606168,0.0022735795063702382,0.0
329,video.pause-video.speedchange-video.play_InWeek6,0.003320453113354014,0.0004047304339191682,0.0
330,video.play-video.pause-video.load_InWeek6,0.0037197616845143096,4.502189029319469e-05,0.0
331,video.play-video.play-video.play_InWeek6,0.0,0.00016766378588238168,0.0
332,video.play-problem.check-problem.check_InWeek6,0.0,0.00046221735656553655,0.003324929001266464
333,problem.check-problem.check-video.load_InWeek6,8.627793042015737e-05,0.00012532045343782746,0.00034754946586972333
334,problem.check-problem.check-problem.check_InWeek6,0.0008597704556951115,0.002408374606375812,0.0
335,RegPeakTime-m1_InWeek6,0.0025186814003180413,0.002643580812738668,0.0
336,RegPeriodicity-m1_InWeek6,0.0015502262407207663,0.0029121373503651453,0.0
337,TimeSessions-sum_InWeek6,0.0010917900629389126,0.003987641957171739,0.0
338,TimeSessions-mean_InWeek6,0.0011618881965435484,0.0037392761974678946,0.0
339,TimeBetweenSessions-std_InWeek6,0.004428341472276157,0.0003804720771195925,0.0
340,TimeSessions-std_InWeek6,0.001113206844173042,0.0033511516049857014,0.0
341,TotalClicks-weekday_InWeek6,0.0026920560372044604,0.0037001757261453366,0.0
342,TotalClicks-weekend_InWeek6,0.0007607673307602088,0.00453849415454604,0.0
343,RatioClicksWeekendDay_InWeek6,0.0008733964681154458,0.004138051302266401,0.0
344,AttendanceRate_InWeek6,0.003654100662812399,0.002591328438286083,0.0
345,UtilizationRate_InWeek6,0.003587927952891903,0.0030568968158975994,0.0
346,WatchingRatio_InWeek6,0.004682701895420419,0.0010989474066227976,0.0
347,TotalClicks-video.load_InWeek6,0.001173596568261559,0.0031777441220742276,0.0
348,WeeklyProp-watched-mean_InWeek6,0.003741851284782346,0.00010706088723520196,0.0
349,WeeklyProp-replayed-mean_InWeek6,0.002722057718680335,0.0016933592710871993,0.0
350,WeeklyProp-interrupted-mean_InWeek6,0.004081049795665284,0.0019022680797632803,0.0
351,FrequencyEvent-video_InWeek6,0.003035791574091143,0.00572559461916092,0.0
352,FrequencyEvent-video.load_InWeek6,0.000652630571647103,0.0030613792424809064,0.0
353,FrequencyEvent-video.play_InWeek6,0.0029695693726476996,0.003380721478143442,0.0
354,FrequencyEvent-video.pause_InWeek6,0.003278591859813389,0.002441009735042694,0.0
355,PauseDuration-mean_InWeek6,0.003325696118628689,0.000519874728383212,0.0
356,PauseDuration-std_InWeek6,0.0037359205642534922,0.00010684172904763354,0.0
357,TimeSpeedingUp-mean_InWeek6,0.003974982859013964,0.00021078769084046517,0.0
358,TimeSpeedingUp-std_InWeek6,0.001963931187422446,0.003451376686797418,0.0
359,FractionSpent-video.play_InWeek6,0.003333477082005088,0.00284599447239451,0.0
360,FractionSpent-video.play-completed_InWeek6,0.0014980842741951952,0.0028829055405725106,0.0
361,FractionSpent-video.play-played_InWeek6,0.0006552751998558813,0.003623846292952901,0.0
362,FrequencyEvent-video.pause-total_InWeek6,0.002639413021031489,0.003917757432798209,0.0
363,FractionSpent-video.pause_InWeek6,0.003812050133081818,6.486540223865751e-05,0.0
364,SpeedPlayback-mean_InWeek6,0.0018908153484986157,0.00299091797823509,0.0
365,SpeedPlayback-std_InWeek6,0.0040177373062456586,5.443626848359367e-05,0.0
366,CountUniqueElement-video_InWeek6,0.003798138483245283,4.500512147368855e-05,0.0
367,CompetencyCoverage_InWeek6,0.002437233263551176,0.0002190455861378557,0.0
368,CompetencyAnticipation_InWeek6,0.0,0.0,0.017755959607141738
369,ContentAlignment_InWeek6,0.003694290149492622,0.00012944386151478738,0.0
370,ContentCoverage_InWeek6,0.0023375402613504126,9.92243150498214e-05,0.0
371,ContentAnticipation_InWeek6,0.004217287511754969,0.0001448276699125521,0.0
372,StudentSpeed_InWeek6,0.000664101087184327,0.0011045019051329089,0.0
373,StudentThoughtfulness_InWeek6,0.0023628803466420553,0.00295958430896627,0.0
374,StudentWeeklyActiveness_InWeek6,0.0017187604875133497,0.004133896893090846,0.0
375,WatchingIndex_InWeek6,0.001573038778099699,0.0022446706315872055,0.0
376,FrequencyEvent-video.play-played_InWeek6,0.003612207630327499,0.002783987675584858,0.0
377,FrequencyEvent-video.play-relative_InWeek6,0.0022219226769726688,0.0029699033412304283,0.0
378,FrequencyEvent-video.pause-relative_InWeek6,0.0019009959069353796,7.409749360110959e-05,0.0
379,FrequencyEvent-video.seelforward-total_InWeek6,0.0025832130638368854,0.00299091797823509,0.0
380,FrequencyEvent-video.load-relative_InWeek6,0.001221216812581353,0.0001013658410036484,0.0
381,NumberSubmissions-distinct_InWeek6,0.0,0.0,0.017692417397719467
382,NumberSubmissions_InWeek6,0.0,0.0,0.018792998767238597
383,NumberSubmissions_InWeek6,0.0,0.0,0.00029109685337462153
384,NumberSubmissions-avg_InWeek6,0.0,0.0006215916223979689,0.0301072605556012
385,NumberSubmissions-avg_time_InWeek6,0.0,0.0,0.015290443890637353
386,TimeSolveProblem_InWeek6,0.000661355136777303,0.0020344181023219704,0.0
387,ObsDurationProblem-var_InWeek6,0.00030095938178922784,0.0015896399794015081,0.0
388,ObsDurationProblem-max_InWeek6,0.0006955481804981415,0.0008324031420369948,0.0
389,TimeSessions-length_InWeek6,0.001223804125647924,0.0042891430279369674,0.0
390,TotalClicks_InWeek7,0.0003866070563813933,0.0023377758666775243,0.0
391,NumberSessions_InWeek7,0.0011585777131609687,0.0036511104485394508,0.0
392,Time-video-sum_InWeek7,0.003190992415629528,0.0046273861983411714,0.0
393,Time-problem-sum_InWeek7,0.0003889051328242114,0.005562706160421565,0.0
394,video.pause-video.speedchange-video.play_InWeek7,0.0027557052142842585,0.0005422304791073946,0.0
395,video.play-video.pause-video.load_InWeek7,0.003308477554463804,0.0021541384573503463,0.0
396,video.play-video.play-video.play_InWeek7,0.0,0.00026554388310653796,0.0
397,video.play-problem.check-problem.check_InWeek7,0.0,0.00045398377580971723,0.01127117885845242
398,problem.check-problem.check-video.load_InWeek7,5.0494146052761487e-05,6.370422972752892e-05,0.0
399,problem.check-problem.check-problem.check_InWeek7,0.0015605345215630884,0.005527640219451169,0.0
400,RegPeakTime-m1_InWeek7,0.0012211917092797547,0.00214925610294718,0.0
401,RegPeriodicity-m1_InWeek7,0.002010225241778241,0.0030920510196833376,0.0
402,TimeSessions-sum_InWeek7,0.0016836032003756949,0.003551891332208124,0.0
403,TimeSessions-mean_InWeek7,0.002318156665375717,0.0018681265541763692,0.0
404,TimeBetweenSessions-std_InWeek7,0.004012521236270384,0.0003268883465283678,0.0
405,TimeSessions-std_InWeek7,0.0011677081712723758,0.00431438375247072,0.0
406,TotalClicks-weekday_InWeek7,0.00397712890043636,0.00012268711351334536,0.0
407,TotalClicks-weekend_InWeek7,0.000725627821333548,0.0025933591160877735,0.0
408,RatioClicksWeekendDay_InWeek7,0.0020182956564085692,0.005651685098121065,0.0
409,AttendanceRate_InWeek7,0.003826925785131278,0.0029392569839940138,0.0
410,UtilizationRate_InWeek7,0.003227854916014915,0.003085173625196717,0.0
411,WatchingRatio_InWeek7,0.004948146733109101,0.0010175915473762049,0.0
412,TotalClicks-video.load_InWeek7,0.0019125474592744714,0.004082257585035169,0.0
413,WeeklyProp-watched-mean_InWeek7,0.003916568174192022,0.0029392569839940138,0.0
414,WeeklyProp-replayed-mean_InWeek7,0.002897149692200854,0.006016223669888401,0.0
415,WeeklyProp-interrupted-mean_InWeek7,0.003989689826823695,0.0024172686128794392,0.0
416,FrequencyEvent-video_InWeek7,0.0007159906717617535,0.004731112777437418,0.0
417,FrequencyEvent-video.load_InWeek7,0.0006150695465689787,0.0012481969737260761,0.0
418,FrequencyEvent-video.play_InWeek7,0.0031151241555314574,0.0028900628211497846,0.0
419,FrequencyEvent-video.pause_InWeek7,0.003283814550823546,0.0025716748337700495,0.0
420,PauseDuration-mean_InWeek7,0.003811172047155194,0.0005104536696604461,0.0
421,PauseDuration-std_InWeek7,0.004097953616429863,0.00014406266178509952,0.0
422,TimeSpeedingUp-mean_InWeek7,0.004607833476850332,0.0002396748218061219,0.0
423,TimeSpeedingUp-std_InWeek7,0.0007923141647406852,0.0021110692258853817,0.0
424,FractionSpent-video.play_InWeek7,0.0031419324308233835,0.0024615029065617605,0.0
425,FractionSpent-video.play-completed_InWeek7,0.001732243234963975,0.003434138673121945,0.0
426,FractionSpent-video.play-played_InWeek7,0.0011627720587459864,0.0025192094527404026,0.0
427,FrequencyEvent-video.pause-total_InWeek7,0.0022841119199743967,0.005432549910848847,0.0
428,FractionSpent-video.pause_InWeek7,0.003382744851969689,5.484768287095174e-05,0.0
429,SpeedPlayback-mean_InWeek7,0.0018822184967937586,0.0024366537773226156,0.0
430,SpeedPlayback-std_InWeek7,0.0045920473158388864,0.00019687833201004383,0.0
431,CountUniqueElement-video_InWeek7,0.0036286087975858634,5.9416872111919514e-05,0.0
432,CompetencyCoverage_InWeek7,0.002333492389945729,0.00018067237332820366,0.0
433,CompetencyAnticipation_InWeek7,0.0,0.0,0.013914084489700263
434,CompetencyAnticipation_InWeek7,0.0,0.0,0.00029109685337462153
435,ContentAlignment_InWeek7,0.003944954554662311,0.00017238842631632804,0.0
436,ContentCoverage_InWeek7,0.0023027430593095437,0.00011150070435522225,0.0
437,ContentAnticipation_InWeek7,0.0,0.000288657457249151,0.01412007011764603
438,StudentSpeed_InWeek7,0.0004684511338495438,0.00130624891030933,0.0
439,StudentThoughtfulness_InWeek7,0.00330176431991516,0.00013221228053951386,0.0
440,StudentWeeklyActiveness_InWeek7,0.0012861356503107166,0.0040357038302061745,0.0
441,WatchingIndex_InWeek7,0.001202201349007142,0.0018252303998748543,0.0
442,FrequencyEvent-video.play-played_InWeek7,0.0009513764148242855,0.0010779835728933617,0.0
443,FrequencyEvent-video.play-relative_InWeek7,0.0032861051575596117,0.00488176506371909,0.0
444,FrequencyEvent-video.pause-relative_InWeek7,0.0015687167838816713,0.0031292516758911664,0.0
445,FrequencyEvent-video.seelforward-total_InWeek7,0.0023628439329482455,0.0024366537773226156,0.0
446,FrequencyEvent-video.load-relative_InWeek7,0.0010119996674571594,8.803722093571547e-05,0.0
447,NumberSubmissions-distinct_InWeek7,0.0,0.0,0.023027892972140473
448,NumberSubmissions-distinct_InWeek7,0.0,0.0,0.03639430149274676
449,NumberSubmissions_InWeek7,0.0,0.0,0.034664567402829284
450,NumberSubmissions-avg_InWeek7,0.0,0.0,0.014602350059917122
451,NumberSubmissions-avg_time_InWeek7,0.0,0.0,0.011327720133092493
452,NumberSubmissions-avg_time_InWeek7,0.0,0.0,0.00029109685337462153
453,TimeSolveProblem_InWeek7,0.0009219047744328488,0.0023945711877443577,0.0
454,ObsDurationProblem-var_InWeek7,0.0003044636609637381,0.005789105720071468,0.0
455,ObsDurationProblem-max_InWeek7,0.0003646856890650347,0.0005738479639524005,0.0
456,TimeSessions-length_InWeek7,0.001075911862400055,0.0036511104485394508,0.0
457,TotalClicks_InWeek8,0.0015984517515020768,0.002438440804899711,0.0
458,NumberSessions_InWeek8,0.001609456887438567,0.002020306315031091,0.0
459,Time-video-sum_InWeek8,0.00434171871854942,0.0028834364887462788,0.0
460,Time-problem-sum_InWeek8,0.0015237178558216045,0.0015888190590897778,0.0
461,video.pause-video.speedchange-video.play_InWeek8,0.0021990746454447043,0.0006558217115145962,0.0
462,video.play-video.pause-video.load_InWeek8,0.0018695810520616932,0.005699690642598412,0.0
463,video.play-video.play-video.play_InWeek8,0.0006207089929481782,0.0003495976492549517,0.0
464,video.play-problem.check-problem.check_InWeek8,0.0,0.0004260754614030409,0.0013855387086695876
465,problem.check-problem.check-video.load_InWeek8,8.80008906118207e-05,5.720886404794183e-05,0.0
466,problem.check-problem.check-problem.check_InWeek8,0.002220856958220467,0.00022511779079643484,0.0
467,RegPeakTime-m1_InWeek8,0.000788351301049236,0.0014290969090359395,0.0
468,RegPeriodicity-m1_InWeek8,0.004343972428530782,5.215960208946616e-05,0.0
469,TimeSessions-sum_InWeek8,0.0022057335489743847,0.004078565963482304,0.0
470,TimeSessions-mean_InWeek8,0.004016990907003144,0.004078565963482304,0.0
471,TimeBetweenSessions-std_InWeek8,0.0,0.0002623438595769339,0.0146224479793729
472,TimeSessions-std_InWeek8,0.0,0.0,0.011962895665798971
473,TotalClicks-weekday_InWeek8,0.004136066855191155,0.0003249230228326416,0.0
474,TotalClicks-weekend_InWeek8,0.0007863749851012881,0.005057108126017118,0.0
475,RatioClicksWeekendDay_InWeek8,0.004137886316505036,0.003629982882351405,0.0
476,AttendanceRate_InWeek8,0.0,0.0,0.016083059872431676
477,UtilizationRate_InWeek8,0.0,0.0,0.011209570644391865
478,WatchingRatio_InWeek8,0.0,0.0008003601903818552,0.013912226539569002
479,TotalClicks-video.load_InWeek8,0.003177155781351828,0.0032782094214036817,0.0
480,WeeklyProp-watched-mean_InWeek8,0.0,0.0,0.014429144253125034
481,WeeklyProp-replayed-mean_InWeek8,0.0,0.0,0.016854650272033186
482,WeeklyProp-interrupted-mean_InWeek8,0.0,0.0,0.015469875502738917
483,FrequencyEvent-video_InWeek8,0.0022264714816876393,0.001963092187954002,0.0
484,FrequencyEvent-video.load_InWeek8,0.000357608466376048,0.0012018400607627404,0.0
485,FrequencyEvent-video.play_InWeek8,0.00218561393634266,0.003085842919134018,0.0
486,FrequencyEvent-video.pause_InWeek8,0.0038170343531098517,0.002964800390475176,0.0
487,PauseDuration-mean_InWeek8,0.0016859385822709935,0.0005093412081910515,0.0
488,PauseDuration-std_InWeek8,0.004328189002929207,0.0001803743969144859,0.0
489,TimeSpeedingUp-mean_InWeek8,0.004247243469992212,0.00031006658862039354,0.0
490,TimeSpeedingUp-std_InWeek8,0.0012478822718770268,0.0023436909657038756,0.0
491,FractionSpent-video.play_InWeek8,0.0,0.00034700548604016645,0.014120291114484257
492,FractionSpent-video.play-completed_InWeek8,0.0,0.0,0.018684332366764207
493,FractionSpent-video.play-completed_InWeek8,0.0,0.0,0.00029109685337462153
494,FractionSpent-video.play-played_InWeek8,0.0,0.0,0.015947950824981006
495,FrequencyEvent-video.pause-total_InWeek8,0.00421360293055701,0.002285010544709952,0.0
496,FractionSpent-video.pause_InWeek8,0.0,0.0,0.018171362829207983
497,SpeedPlayback-mean_InWeek8,0.001437399308129058,0.003501773124978442,0.0
498,SpeedPlayback-std_InWeek8,0.004546356664540116,0.0003887442774342086,0.0
499,CountUniqueElement-video_InWeek8,0.00403454498853363,8.772096127011912e-05,0.0
500,CompetencyCoverage_InWeek8,0.0026436300986050917,5.7530195221739964e-05,0.0
501,CompetencyAnticipation_InWeek8,0.0,0.0,0.016770747062517487
502,ContentAlignment_InWeek8,0.0,4.500107673406912e-05,0.02054500858395049
503,ContentCoverage_InWeek8,0.002574834413448708,0.0040256948586010815,0.0
504,ContentAnticipation_InWeek8,0.0,0.0005151466977526897,0.014010222442566635
505,StudentSpeed_InWeek8,0.00022242746412470024,0.00013897435904630784,0.0
506,StudentThoughtfulness_InWeek8,0.003962627379082594,0.00028448516825443595,0.0
507,StudentWeeklyActiveness_InWeek8,0.0012238256952357325,0.005303652202457076,0.0
508,WatchingIndex_InWeek8,0.0,0.0,0.012829596405657819
509,FrequencyEvent-video.play-played_InWeek8,0.0036580716883954294,7.738176804107059e-05,0.0
510,FrequencyEvent-video.play-relative_InWeek8,0.004192431709013736,7.94635806270672e-05,0.0
511,FrequencyEvent-video.pause-relative_InWeek8,0.0,0.0,0.017226937421835068
512,FrequencyEvent-video.seelforward-total_InWeek8,0.0015167220376888495,0.003501773124978442,0.0
513,FrequencyEvent-video.load-relative_InWeek8,0.0,6.727615010450352e-05,0.012368316876742837
514,NumberSubmissions-distinct_InWeek8,0.0,0.0,0.01373445892960502
515,NumberSubmissions_InWeek8,0.0,0.0,0.022877854704340297
516,NumberSubmissions-avg_InWeek8,0.0,0.0,0.011032389313987579
517,NumberSubmissions-avg_time_InWeek8,0.0,0.0,0.016475124553053513
518,TimeSolveProblem_InWeek8,0.0009849553171360735,0.0015068379014033994,0.0
519,ObsDurationProblem-var_InWeek8,0.0003691095509554696,0.005376495260812876,0.0
520,ObsDurationProblem-max_InWeek8,0.0003022836842351197,0.0011458893808023662,0.0
521,TimeSessions-length_InWeek8,0.0016402502485402912,0.002020306315031091,0.0
