,feature,importance,pn,perc_importance
0,frequency_action_relative_Video.Pause,-2.2014939709724337e-11,-1.0,-1.0
1,weekly_prop_replayed_mean,-1.3568633829476091e-11,-1.0,-0.6163375420684263
2,time_sessions_sum,-6.3010194617852265e-12,-1.0,-0.2862156128913662
3,time_sessions_std,-5.581121574666461e-12,-1.0,-0.2535151877886449
4,speed_playback__mean,-4.9209172268989074e-12,-1.0,-0.22352626406354692
5,student_speed,-4.544520413044632e-12,-1.0,-0.206428928398893
6,time_between_sessions_std,-1.9394778192708668e-12,-1.0,-0.08809825713100498
7,regularity_peak_dayhour,-1.5280950804104403e-12,-1.0,-0.06941173133149472
8,time_in__problem_sum,-1.525515542318292e-12,-1.0,-0.06929455916903776
9,watching_index,-5.219869977946285e-13,-1.0,-0.02371058039119039
10,time_speeding_up_mean,3.735816259518902e-14,1.0,3.267967208323513e-11
11,content_anticipation,5.519603165671722e-13,1.0,4.828364377507356e-10
12,time_speeding_up_std,6.684167029828959e-13,1.0,5.84708592473743e-10
13,fraction_spent_ratio_played_Video.Pause,6.976863618340082e-13,1.0,6.103127118092505e-10
14,ratio_clicks_weekend_day,1.9986591673753878e-12,1.0,1.7483602420101556e-09
15,number_submissions,2.1743630043706072e-12,1.0,1.9020600863785567e-09
16,total_clicks,2.7392632455049447e-12,1.0,2.3962159376726983e-09
17,total_clicks_weekday,3.1933763885762082e-12,1.0,2.7934589382202483e-09
18,time_solve_problem,4.1366517176238616e-12,1.0,3.6186046706672926e-09
19,utilization_rate,4.359758395102336e-12,1.0,3.813770935630109e-09
20,fraction_spent_completed_Video.Play,4.77154095939502e-12,1.0,4.173984560601365e-09
21,obs_duration_problem_amax,5.96977589746217e-12,1.0,5.222160437959764e-09
22,time_sessions_mean,6.884494839269657e-12,1.0,6.022325997238156e-09
23,total_clicks_Video.Load,8.097336880081734e-12,1.0,7.083279679890755e-09
24,delay_lecture,1.6268753912084353e-11,1.0,1.4231362200833508e-08
25,frequency_action_Video.Pause,1.8660371733397887e-11,1.0,1.632346954015465e-08
26,frequency_action_Video.Play,2.8848818263572832e-11,1.0,2.523598205453002e-08
27,number_sessions,3.90753229456456e-11,1.0,3.4181786568236075e-08
28,frequency_action_relative_Video.Play,8.92547956304161e-11,1.0,7.807711221412674e-08
29,count_unique_elements_video,1.7769553464715888e-10,1.0,1.5544211490936995e-07
30,frequency_action_relative_Video.Load,2.1736442154741003e-10,1.0,1.9014313138746877e-07
31,weekly_prop_watched_mean,5.366872626810597e-10,1.0,4.694760806551215e-07
32,content_alignment,5.366872626810597e-10,1.0,4.694760806551215e-07
33,attendance_rate,5.366872626810597e-10,1.0,4.694760806551215e-07
34,video.play-video.pause-video.load,2.477153945381786e-07,1.0,0.00021669314819351947
35,total_clicks_video,1.1198801228764656e-06,1.0,0.000979633703742404
36,number_submissions_avg,1.402703637125923e-06,1.0,0.0012270382617034718
37,speed_playback__std,2.0630547608400348e-06,1.0,0.0018046913549943095
38,pause_duration_std,4.271244827840735e-06,1.0,0.0037363422252202727
39,fraction_spent_entirety_Video.Play,4.619448337344761e-06,1.0,0.004040939017951418
40,video.play-problem.check-problem.check,6.484338491452332e-06,1.0,0.005672282597877311
41,weekly_prop_interrupted_mean,9.38336165350088e-06,1.0,0.008208251171172467
42,time_sessions_length,1.1696377233554308e-05,1.0,0.010231599896821361
43,frequency_action_total_Video.Pause,1.2825928172030278e-05,1.0,0.011219693306839841
44,regularity_periodicity_m1,1.5981191245352323e-05,1.0,0.013979811990668901
45,total_clicks_weekend,1.7105141495636635e-05,1.0,0.014963006105839102
46,problem.check-problem.check-video.load,2.5325503799894115e-05,1.0,0.022153904315140135
47,pause_duration_mean,4.1084497142151456e-05,1.0,0.03593934500630456
48,video.pause-video.speedchange-video.play,4.41030208093086e-05,1.0,0.03857984862761712
49,frequency_action_Video.Load,7.369790039443385e-05,1.0,0.06446846019196831
50,video.play-video.play-video.play,8.349132166297497e-05,1.0,0.07303541780968904
51,fraction_spent_spent_Video.Play,9.523257270496361e-05,1.0,0.08330627181439174
52,total_clicks_Video,9.769470101595998e-05,1.0,0.08546005937354147
53,time_in__video_sum,0.00017128216803276346,1.0,0.14983191613757596
54,fraction_spent_ratio_duration_Video.Play,0.0002283760407659674,1.0,0.19977572785821293
55,frequency_action_Video,0.00025679348463388023,1.0,0.2246343580084743
56,problem.check-problem.check-problem.check,0.00027904505534957926,1.0,0.2440992883961269
57,obs_duration_problem_var,0.0003494521387873027,1.0,0.305689051897453
58,watching_ratio,0.0003637030355227053,1.0,0.31815526007935585
59,number_submissions_distinct,0.00039182447983440255,1.0,0.34275495971050346
60,total_clicks_problem,0.0011431621008937231,1.0,1.0
