,feature,importance,pn,perc_importance
0,watching_ratio,-0.0032137564866484857,-1.0,-1.0
1,video.play-video.play-video.play,-0.002109774909032713,-1.0,-0.656482505067745
2,video.pause-video.speedchange-video.play,-0.001821085381293317,-1.0,-0.5666531950566246
3,number_submissions_distinct,-0.0014525337934151112,-1.0,-0.45197381925159735
4,total_clicks_weekend,-0.0013612360233176016,-1.0,-0.4235653911467284
5,fraction_spent_ratio_duration_Video.Play,-0.0005010123358116049,-1.0,-0.15589617256100605
6,fraction_spent_spent_Video.Play,-0.0004997532383554654,-1.0,-0.1555043888457898
7,weekly_prop_replayed_mean,0.0008075140222018281,1.0,0.00543210808582197
8,weekly_prop_interrupted_mean,0.0021169851897678243,1.0,0.014240857806465373
9,time_sessions_std,0.0024097392460261527,1.0,0.016210200297660623
10,number_submissions,0.0040308392505951935,1.0,0.02711526225402696
11,content_anticipation,0.0047102499538296035,1.0,0.031685625459077535
12,weekly_prop_watched_mean,0.005011733883677827,1.0,0.033713693391085035
13,fraction_spent_completed_Video.Play,0.0052632915139155575,1.0,0.03540590950089155
14,number_submissions_avg,0.005406987239026337,1.0,0.036372543749723485
15,fraction_spent_entirety_Video.Play,0.00546490330793556,1.0,0.036762142366677505
16,time_between_sessions_std,0.0057329136300473425,1.0,0.0385650349453816
17,ratio_clicks_weekend_day,0.005943157327246295,1.0,0.03997933420972563
18,attendance_rate,0.006123500540578749,1.0,0.04119249435361411
19,delay_lecture,0.00938933073432883,1.0,0.06316157738454303
20,content_alignment,0.016745665220879512,1.0,0.11264728654590712
21,total_clicks_problem,0.04358663068049374,1.0,0.29320517346269553
22,utilization_rate,0.04553131055416948,1.0,0.30628694167437986
23,watching_index,0.05828579350103632,1.0,0.3920857365451359
24,video.play-problem.check-problem.check,0.14865573538742236,1.0,1.0
