,feature,mean_score_shap,mean_score_cem,mean_score_lime
0,total_clicks_InWeek1,0.0016602928557704173,0.0007563383279150197,0.0
1,number_sessions_InWeek1,0.0013889775459429115,0.0021431710979236125,0.0
2,time_in__video_sum_InWeek1,0.001073371305663711,0.0018626618368531912,0.0
3,time_in__problem_sum_InWeek1,0.001814745905106555,0.0020784309230981006,0.0
4,video.pause-video.speedchange-video.play_InWeek1,2.874964882976668e-05,7.416454442058167e-05,0.0
5,video.play-video.pause-video.load_InWeek1,0.001602817122977327,0.0020551875320431114,0.0
6,video.play-video.play-video.play_InWeek1,0.0013111389866032898,3.5665991946125586e-05,0.0
7,video.play-problem.check-problem.check_InWeek1,0.0,0.0,0.02133594217784295
8,problem.check-problem.check-video.load_InWeek1,0.0016216381544450456,0.0001465181478435975,0.0
9,problem.check-problem.check-problem.check_InWeek1,0.0017235111002662517,0.0,0.0
10,regularity_peak_dayhour_InWeek1,0.0015679549187250748,0.0019170270546628582,0.0
11,regularity_periodicity_m1_InWeek1,0.0018577694361909764,0.0018165362965211573,0.0
12,delay_lecture_InWeek1,0.0018358348478655989,0.0019276402082511247,0.0
13,time_sessions_sum_InWeek1,0.001777621227962718,0.000817410693133273,0.0
14,time_sessions_mean_InWeek1,0.0013349556557576041,0.0021484480506386676,0.0
15,time_between_sessions_std_InWeek1,0.0016760732057684974,0.0021606713961585173,0.0
16,time_sessions_std_InWeek1,0.001625271337680585,0.0019326259968940251,0.0
17,total_clicks_weekday_InWeek1,0.0016715337350256285,0.0030381076711732376,0.0
18,total_clicks_weekend_InWeek1,0.00197788554599765,0.0004123062489310062,0.0
19,ratio_clicks_weekend_day_InWeek1,0.0015469706992089307,0.00024317797704362796,0.0
20,total_clicks_video_InWeek1,0.0013441746067811976,0.0018615901957594386,0.0
21,total_clicks_problem_InWeek1,0.00198289087833411,0.00018713465936435645,0.0
22,attendance_rate_InWeek1,0.0017132213728751292,0.0016886918131593096,0.0
23,utilization_rate_InWeek1,0.0011382865040820598,0.003185943255297432,0.0
24,watching_ratio_InWeek1,0.0014091516441104477,3.3982982401335724e-05,0.0
25,total_clicks_Video.Load_InWeek1,0.0017096229196783142,0.0011347528010420729,0.0
26,weekly_prop_watched_mean_InWeek1,0.0015392125665689457,0.0016886918131593096,0.0
27,weekly_prop_replayed_mean_InWeek1,0.0014189174319117637,0.0005323194036770292,0.0
28,weekly_prop_interrupted_mean_InWeek1,0.0017737485280800822,0.00028583339972435614,0.0
29,total_clicks_Video_InWeek1,0.001807083740349858,0.0018615901957594386,0.0
30,frequency_action_Video_InWeek1,0.0013742848450810177,0.0009101984088725482,0.0
31,frequency_action_Video.Load_InWeek1,0.0014341790239507802,0.002012701914262739,0.0
32,frequency_action_Video.Play_InWeek1,0.0014548136025961294,0.0017893729853595722,0.0
33,frequency_action_Video.Pause_InWeek1,0.0019202645487956971,0.0019507676563565088,0.0
34,pause_duration_mean_InWeek1,0.0013161732630873762,0.003051374086295542,0.0
35,pause_duration_std_InWeek1,0.0017397045370425809,3.341205094990162e-05,0.0
36,time_speeding_up_mean_InWeek1,0.001938467717536582,0.0005491422742716922,0.0
37,time_speeding_up_std_InWeek1,0.0012274608564704118,0.002598644236354167,0.0
38,fraction_spent_ratio_duration_Video.Play_InWeek1,0.0014051593229436395,3.3413946595994616e-05,0.0
39,fraction_spent_ratio_played_Video.Pause_InWeek1,0.0014724878480481918,0.00039488116824607113,0.0
40,fraction_spent_completed_Video.Play_InWeek1,0.0014308721368695495,0.0019579553886834074,0.0
41,fraction_spent_spent_Video.Play_InWeek1,0.0016409968911490008,0.0018642605141671418,0.0
42,frequency_action_total_Video.Pause_InWeek1,0.0015546916468038789,0.0003446530355048164,0.0
43,speed_playback__mean_InWeek1,0.0016227782224004334,0.001807843019637783,0.0
44,speed_playback__std_InWeek1,0.0015021138051883685,0.0009074042399318898,0.0
45,count_unique_elements_video_InWeek1,0.0015272762759290359,0.0016886918131593096,0.0
46,content_alignment_InWeek1,0.0011436322557341896,0.0016886918131593096,0.0
47,content_anticipation_InWeek1,0.0,0.0,0.0015812419604563236
48,student_speed_InWeek1,0.0017537438855226406,3.357238452158634e-05,0.0
49,watching_index_InWeek1,0.001356285113214207,0.0032008892797487994,0.0
50,fraction_spent_entirety_Video.Play_InWeek1,0.0009325128112651046,0.0020224041550974065,0.0
51,frequency_action_relative_Video.Play_InWeek1,0.0014130037367997622,0.002013473212177429,0.0
52,frequency_action_relative_Video.Pause_InWeek1,0.001071657896946052,0.0018643863716343897,0.0
53,frequency_action_relative_Video.Load_InWeek1,0.0016805309540321453,0.00141963472763616,0.0
54,number_submissions_distinct_InWeek1,0.0,0.0,0.004953630211242122
55,number_submissions_InWeek1,0.0,0.0,0.0026858787426222047
56,number_submissions_avg_InWeek1,0.0,0.0,0.002541828490404069
57,time_solve_problem_InWeek1,0.001508774880486642,0.0013664686621019373,0.0
58,obs_duration_problem_var_InWeek1,0.0014375020163716076,3.3413081163509595e-05,0.0
59,obs_duration_problem_amax_InWeek1,0.0014537844496021457,0.001911040705958788,0.0
60,time_sessions_length_InWeek1,0.0012725751653685142,0.0021431710979236125,0.0
61,total_clicks_InWeek2,0.0010982503428637199,0.0034917312772395153,0.0
62,number_sessions_InWeek2,0.001375867327200095,0.0019445691916220177,0.0
63,time_in__video_sum_InWeek2,0.0011815265169370813,0.0018554487968291708,0.0
64,time_in__problem_sum_InWeek2,0.0017162173336476966,0.0012548397473520717,0.0
65,video.pause-video.speedchange-video.play_InWeek2,0.0,0.003720823343897979,0.0
66,video.play-video.pause-video.load_InWeek2,0.0013905933733421466,0.002949607242473419,0.0
67,video.play-video.play-video.play_InWeek2,0.0018510270844413709,0.003727169865147847,0.0
68,video.play-problem.check-problem.check_InWeek2,0.0017228559667588571,2.8262652030577833e-05,0.0
69,problem.check-problem.check-video.load_InWeek2,0.0012025722900127892,3.531008424438314e-05,0.0
70,problem.check-problem.check-problem.check_InWeek2,0.00158289860287848,0.00026537374466261695,0.0
71,regularity_peak_dayhour_InWeek2,0.0017419262084171366,0.00035348569106009994,0.0
72,regularity_periodicity_m1_InWeek2,0.0015393408763184763,0.001285055809771601,0.0
73,delay_lecture_InWeek2,0.001605053515738042,0.0016153758597181077,0.0
74,time_sessions_sum_InWeek2,0.0013557828705040365,0.0025101422920195916,0.0
75,time_sessions_mean_InWeek2,0.0018741651594885189,0.002533419103372833,0.0
76,time_between_sessions_std_InWeek2,0.0009443140385211241,0.001767568874588485,0.0
77,time_sessions_std_InWeek2,0.0009770089604820128,0.002112397344300146,0.0
78,total_clicks_weekday_InWeek2,0.0013383736836557125,0.0009101410568870386,0.0
79,total_clicks_weekend_InWeek2,0.0016189321387092598,0.0036528318347245677,0.0
80,ratio_clicks_weekend_day_InWeek2,0.001963368267108778,0.0018036644285101076,0.0
81,total_clicks_video_InWeek2,0.0012394605435870124,0.0018653507923691978,0.0
82,total_clicks_problem_InWeek2,0.0016372608170370168,0.0023779131376154964,0.0
83,attendance_rate_InWeek2,0.001622737579687325,0.0020827869773882533,0.0
84,utilization_rate_InWeek2,0.0016667323043038345,0.0017748857205993852,0.0
85,watching_ratio_InWeek2,0.0010176139694033578,3.341147905159335e-05,0.0
86,total_clicks_Video.Load_InWeek2,0.0011936240137686315,0.0011151763830748987,0.0
87,weekly_prop_watched_mean_InWeek2,0.001443703866915595,0.0020827869773882533,0.0
88,weekly_prop_replayed_mean_InWeek2,0.0013920917999726882,0.0015215095671144612,0.0
89,weekly_prop_interrupted_mean_InWeek2,0.0014766656345932886,0.001551490534709323,0.0
90,total_clicks_Video_InWeek2,0.001384913914478989,0.0018653507923691978,0.0
91,frequency_action_Video_InWeek2,0.0016581402639747017,0.0020629411151471978,0.0
92,frequency_action_Video.Load_InWeek2,0.001313150722987629,0.0012221714250878948,0.0
93,frequency_action_Video.Play_InWeek2,0.001492402626000343,0.0017298137300878927,0.0
94,frequency_action_Video.Pause_InWeek2,0.001846986814897329,0.0019900263021673976,0.0
95,pause_duration_mean_InWeek2,0.0013227471115945856,0.0013285518802484836,0.0
96,pause_duration_std_InWeek2,0.0011132627864298495,3.34242646665768e-05,0.0
97,time_speeding_up_mean_InWeek2,0.001835389232400533,0.0014519135573502226,0.0
98,time_speeding_up_std_InWeek2,0.0013297529031942499,0.0019399963762070994,0.0
99,fraction_spent_ratio_duration_Video.Play_InWeek2,0.0013283069382419876,0.00137106766785004,0.0
100,fraction_spent_ratio_played_Video.Pause_InWeek2,0.0012137392238086822,7.008219205488393e-05,0.0
101,fraction_spent_completed_Video.Play_InWeek2,0.0015208061538025028,0.0021123071674148245,0.0
102,fraction_spent_spent_Video.Play_InWeek2,0.001253825883902572,0.0029733510247888983,0.0
103,frequency_action_total_Video.Pause_InWeek2,0.0014888002408116282,0.0009430699415607538,0.0
104,speed_playback__mean_InWeek2,0.0016399517832154911,0.001752062952597372,0.0
105,speed_playback__std_InWeek2,0.0014185354293192968,0.002021247973538469,0.0
106,count_unique_elements_video_InWeek2,0.00138034926828219,0.0017757572612510874,0.0
107,content_alignment_InWeek2,0.001089831828103158,0.0020827869773882533,0.0
108,content_anticipation_InWeek2,0.0,0.0,0.0
109,student_speed_InWeek2,0.0013021800652073174,0.00259496278967824,0.0
110,watching_index_InWeek2,0.0014761424028651151,0.0023055527821760203,0.0
111,fraction_spent_entirety_Video.Play_InWeek2,0.0011569627597305253,0.0018492724797606924,0.0
112,frequency_action_relative_Video.Play_InWeek2,0.002188535733192815,0.0019566021110275157,0.0
113,frequency_action_relative_Video.Pause_InWeek2,0.001210524131179813,0.00203379135275974,0.0
114,frequency_action_relative_Video.Load_InWeek2,0.001385911057243544,0.0013222646413468151,0.0
115,number_submissions_distinct_InWeek2,0.0,0.0,0.02110731629428185
116,number_submissions_InWeek2,0.0,0.0,0.00020421572390497228
117,number_submissions_avg_InWeek2,0.0,0.0,0.007357409924023125
118,time_solve_problem_InWeek2,0.0014119707299579372,0.0016523894080331938,0.0
119,obs_duration_problem_var_InWeek2,0.0015131396125032332,0.0016253117880718068,0.0
120,obs_duration_problem_amax_InWeek2,0.0014680062231090813,0.0024038131276142793,0.0
121,time_sessions_length_InWeek2,0.0016032139884533706,0.0019445691916220177,0.0
122,total_clicks_InWeek3,0.0016386839233728876,0.000658235451626395,0.0
123,number_sessions_InWeek3,0.0018937320347394344,0.001139725795382768,0.0
124,time_in__video_sum_InWeek3,0.0017259341664039938,0.0013374282024779726,0.0
125,time_in__problem_sum_InWeek3,0.001549113038124464,0.0011849548692430512,0.0
126,video.pause-video.speedchange-video.play_InWeek3,0.0010713134300050326,0.003759751376901853,0.0
127,video.play-video.pause-video.load_InWeek3,0.0015329402383001162,0.001577723094144142,0.0
128,video.play-video.play-video.play_InWeek3,0.0014360807908747933,4.80042671323337e-05,0.0
129,video.play-problem.check-problem.check_InWeek3,0.0,0.0,0.0002041995943098447
130,problem.check-problem.check-video.load_InWeek3,0.0013851634617205006,0.0037566043405802157,0.0
131,problem.check-problem.check-problem.check_InWeek3,0.00165431527886417,5.8579644737063884e-05,0.0
132,regularity_peak_dayhour_InWeek3,0.0020381516428389255,0.0016589581622080862,0.0
133,regularity_periodicity_m1_InWeek3,0.001959702909428297,0.0011963356974713615,0.0
134,delay_lecture_InWeek3,0.0009833392772623096,0.0016802747055067258,0.0
135,time_sessions_sum_InWeek3,0.0016075454903003062,0.0004753596252710664,0.0
136,time_sessions_mean_InWeek3,0.0009113076926222371,0.0020648979730735844,0.0
137,time_between_sessions_std_InWeek3,0.0014950020337522229,0.0030467896224339653,0.0
138,time_sessions_std_InWeek3,0.001000382223057578,0.003170080371340086,0.0
139,total_clicks_weekday_InWeek3,0.001456131308598059,0.0008090035184093873,0.0
140,total_clicks_weekend_InWeek3,0.0017763171045277729,0.0005151557723021555,0.0
141,ratio_clicks_weekend_day_InWeek3,0.0015292553499840508,0.00022780323961699067,0.0
142,total_clicks_video_InWeek3,0.001606023325653429,0.0007775144783743312,0.0
143,total_clicks_problem_InWeek3,0.002051466464248185,0.0009132303565306833,0.0
144,attendance_rate_InWeek3,0.0015632011592442417,0.0019662331130030023,0.0
145,utilization_rate_InWeek3,0.0014077253227854259,0.001740321239237965,0.0
146,watching_ratio_InWeek3,0.0010315595300610149,3.3413100109928004e-05,0.0
147,total_clicks_Video.Load_InWeek3,0.001662553230765157,0.002045294542516124,0.0
148,weekly_prop_watched_mean_InWeek3,0.00164988267470189,0.0019662331130030023,0.0
149,weekly_prop_replayed_mean_InWeek3,0.0028197229844641293,0.0036681825776423067,0.0
150,weekly_prop_interrupted_mean_InWeek3,0.0012887370696367502,0.0011794718885952513,0.0
151,total_clicks_Video_InWeek3,0.0017806807725141368,0.0007775144783743312,0.0
152,frequency_action_Video_InWeek3,0.0009813127146804438,0.0031831023001922466,0.0
153,frequency_action_Video.Load_InWeek3,0.0015545733243644542,0.0018222066980564478,0.0
154,frequency_action_Video.Play_InWeek3,0.0011083490968731829,0.001848215157123497,0.0
155,frequency_action_Video.Pause_InWeek3,0.0017074979509071444,0.0018588196571901062,0.0
156,pause_duration_mean_InWeek3,0.001424260568766584,0.0032542062968665105,0.0
157,pause_duration_std_InWeek3,0.0020007450555416303,0.0015440161090047142,0.0
158,time_speeding_up_mean_InWeek3,0.0014500605961957436,0.0012902792174930703,0.0
159,time_speeding_up_std_InWeek3,0.00099631996782553,0.001878917439140789,0.0
160,fraction_spent_ratio_duration_Video.Play_InWeek3,0.0016312565545330447,0.0019041182440228015,0.0
161,fraction_spent_ratio_played_Video.Pause_InWeek3,0.0018659443060635343,0.001501556910441498,0.0
162,fraction_spent_completed_Video.Play_InWeek3,0.0013172067216431962,0.0012346870511896022,0.0
163,fraction_spent_spent_Video.Play_InWeek3,0.001893373559513006,0.001637384704807124,0.0
164,frequency_action_total_Video.Pause_InWeek3,0.0010952875745267312,0.0007577328383624328,0.0
165,speed_playback__mean_InWeek3,0.0018145520006719305,0.001259017155388019,0.0
166,speed_playback__std_InWeek3,0.0015056613689956298,0.0012645523793093471,0.0
167,count_unique_elements_video_InWeek3,0.0015379763744891855,0.0015787764474614894,0.0
168,content_alignment_InWeek3,0.0013717286565599152,0.0019662331130030023,0.0
169,content_anticipation_InWeek3,0.0012580656398298582,6.804837154687447e-05,0.0
170,student_speed_InWeek3,0.0014603765429149775,0.0012138244386442497,0.0
171,watching_index_InWeek3,0.0014186475703043865,0.0015647914760786698,0.0
172,fraction_spent_entirety_Video.Play_InWeek3,0.0013656054084884288,0.0019058141672766349,0.0
173,frequency_action_relative_Video.Play_InWeek3,0.0015520931414554709,0.0019311722950811482,0.0
174,frequency_action_relative_Video.Pause_InWeek3,0.0015445725945367928,0.0018927925029220618,0.0
175,frequency_action_relative_Video.Load_InWeek3,0.0021761795185078537,0.0016000060936015171,0.0
176,number_submissions_distinct_InWeek3,0.0,3.341134062119357e-05,0.0211951317926555
177,number_submissions_InWeek3,0.0,0.0,0.0002780066378868009
178,number_submissions_avg_InWeek3,0.0,0.0,0.0005477484598725463
179,time_solve_problem_InWeek3,0.0015171709458831509,0.0008139175482320968,0.0
180,obs_duration_problem_var_InWeek3,0.0012058802994420754,0.0007697671906855368,0.0
181,obs_duration_problem_amax_InWeek3,0.0018133763681768044,0.0016664916652410003,0.0
182,time_sessions_length_InWeek3,0.0013102911724175218,0.001139725795382768,0.0
183,total_clicks_InWeek4,0.0013910283327118445,0.0014610593407053743,0.0
184,number_sessions_InWeek4,0.0009738836044176353,0.0024241011816034733,0.0
185,time_in__video_sum_InWeek4,0.0011849363856976964,0.0024523886336669126,0.0
186,time_in__problem_sum_InWeek4,0.0012255948489532486,0.002554964522100131,0.0
187,video.pause-video.speedchange-video.play_InWeek4,0.0,0.0,0.0
188,video.play-video.pause-video.load_InWeek4,0.0019241100381078278,0.0030456476294237504,0.0
189,video.play-video.play-video.play_InWeek4,0.0,0.0,0.0
190,video.play-problem.check-problem.check_InWeek4,0.0015185111923823318,0.0,0.0
191,problem.check-problem.check-video.load_InWeek4,0.0016007993603845824,0.00372138200266589,0.0
192,problem.check-problem.check-problem.check_InWeek4,0.001565776165286243,0.003539723539424733,0.0
193,regularity_peak_dayhour_InWeek4,0.0016841992644230958,0.0019612529838041698,0.0
194,regularity_periodicity_m1_InWeek4,0.002033207474237818,0.0019006975956173224,0.0
195,delay_lecture_InWeek4,0.0021102407746964014,0.0018193748217498024,0.0
196,time_sessions_sum_InWeek4,0.0013697127803706977,0.0015611353158830332,0.0
197,time_sessions_mean_InWeek4,0.0017539265745440936,0.0013909977435038465,0.0
198,time_between_sessions_std_InWeek4,0.0011818496401904493,0.0007529099782170818,0.0
199,time_sessions_std_InWeek4,0.0016355998703547132,0.001688339583332452,0.0
200,total_clicks_weekday_InWeek4,0.00122993730301155,0.001907399071281529,0.0
201,total_clicks_weekend_InWeek4,0.00105451945169307,0.00015309495962077403,0.0
202,ratio_clicks_weekend_day_InWeek4,0.0016065933321303934,0.0005992510383258445,0.0
203,total_clicks_video_InWeek4,0.0014313022542573365,0.0024049466537502777,0.0
204,total_clicks_problem_InWeek4,0.0013165338888880165,0.0011683872924963096,0.0
205,attendance_rate_InWeek4,0.0013911220610466602,0.0007353400781811765,0.0
206,utilization_rate_InWeek4,0.0021262347721877376,0.0017069104857367853,0.0
207,watching_ratio_InWeek4,0.001683700606985093,3.341151032053365e-05,0.0
208,total_clicks_Video.Load_InWeek4,0.001849427309705399,0.002552618850396658,0.0
209,weekly_prop_watched_mean_InWeek4,0.0012207886534196745,0.0007353400781811765,0.0
210,weekly_prop_replayed_mean_InWeek4,0.00019334605478193284,0.00016775454118108095,0.0
211,weekly_prop_interrupted_mean_InWeek4,0.0014887967858449205,0.0001401759697802727,0.0
212,total_clicks_Video_InWeek4,0.0015950858556262513,0.0024049466537502777,0.0
213,frequency_action_Video_InWeek4,0.0010180659313187134,0.0017478748572195267,0.0
214,frequency_action_Video.Load_InWeek4,0.0010905058097797962,0.001589568034606025,0.0
215,frequency_action_Video.Play_InWeek4,0.0013834657239482824,0.0018074959888452046,0.0
216,frequency_action_Video.Pause_InWeek4,0.0017329811681643776,0.00184882291287705,0.0
217,pause_duration_mean_InWeek4,0.0016953572891081107,0.0020681590114208443,0.0
218,pause_duration_std_InWeek4,0.0011574997114369775,0.0007890094130204703,0.0
219,time_speeding_up_mean_InWeek4,0.001398211350888401,0.0020891733690986975,0.0
220,time_speeding_up_std_InWeek4,0.0012749324823359302,0.0003587725916217759,0.0
221,fraction_spent_ratio_duration_Video.Play_InWeek4,0.0014117768525314736,0.0016170797657022815,0.0
222,fraction_spent_ratio_played_Video.Pause_InWeek4,0.0015405299743427624,0.0014864357772471932,0.0
223,fraction_spent_completed_Video.Play_InWeek4,0.0015641734497019713,0.0018453832951248208,0.0
224,fraction_spent_spent_Video.Play_InWeek4,0.0010047281503296616,0.0021145520018686164,0.0
225,frequency_action_total_Video.Pause_InWeek4,0.0017239151820481777,0.0013220843031625986,0.0
226,speed_playback__mean_InWeek4,0.00171322432611099,0.0017694319542030674,0.0
227,speed_playback__std_InWeek4,0.0011928510469462147,0.0018892550478612083,0.0
228,count_unique_elements_video_InWeek4,0.0016592758327584106,0.0007592500502158306,0.0
229,content_alignment_InWeek4,0.0016844730604322572,0.0007353400781811765,0.0
230,content_anticipation_InWeek4,0.0,0.0,0.0032966595412632156
231,student_speed_InWeek4,0.0015275221976420558,0.0022067445320464183,0.0
232,watching_index_InWeek4,0.0013372139936505265,0.0021272357269886103,0.0
233,fraction_spent_entirety_Video.Play_InWeek4,0.001923024370786542,0.00011091076301598024,0.0
234,frequency_action_relative_Video.Play_InWeek4,0.001270506330902024,0.001344746480333078,0.0
235,frequency_action_relative_Video.Pause_InWeek4,0.001670037426286772,0.0018537873201764621,0.0
236,frequency_action_relative_Video.Load_InWeek4,0.0016583192749443105,0.002025434782758514,0.0
237,number_submissions_distinct_InWeek4,2.940880158550598e-05,3.341168576717861e-05,0.0
238,number_submissions_InWeek4,0.0028964257684835916,3.7574812494929683e-05,0.0
239,number_submissions_avg_InWeek4,0.0,0.0,0.007133436529732359
240,time_solve_problem_InWeek4,0.001524899001239914,0.0007852217074909567,0.0
241,obs_duration_problem_var_InWeek4,0.0008273519653257923,0.0026136060853313935,0.0
242,obs_duration_problem_amax_InWeek4,0.001433048480188094,0.001890034498671797,0.0
243,time_sessions_length_InWeek4,0.001696838194312015,0.0024241011816034733,0.0
244,total_clicks_InWeek5,0.001937386508765927,0.0012636735434563946,0.0
245,number_sessions_InWeek5,0.0016570072642933381,0.0022113421020993583,0.0
246,time_in__video_sum_InWeek5,0.0014350810667449136,0.0005811058512191613,0.0
247,time_in__problem_sum_InWeek5,0.0017554787104886466,0.0021346044847937277,0.0
248,video.pause-video.speedchange-video.play_InWeek5,0.002521037784037029,0.003703262717710139,0.0
249,video.play-video.pause-video.load_InWeek5,0.0012664043616937622,0.0014557586587739385,0.0
250,video.play-video.play-video.play_InWeek5,2.9924240559234472e-05,3.791414762373723e-05,0.0
251,video.play-problem.check-problem.check_InWeek5,0.0,0.0,0.0
252,problem.check-problem.check-video.load_InWeek5,0.0013665071783585392,3.7574812494929683e-05,0.0
253,problem.check-problem.check-problem.check_InWeek5,0.0028959550775266678,3.821266997874477e-05,0.0
254,regularity_peak_dayhour_InWeek5,0.0014014434605909723,0.0014027076254169337,0.0
255,regularity_periodicity_m1_InWeek5,0.001945692669108649,0.0023429795029734453,0.0
256,delay_lecture_InWeek5,0.0012778287129364579,0.0019296283135930956,0.0
257,time_sessions_sum_InWeek5,0.0014183095439745485,0.0009050730568440034,0.0
258,time_sessions_mean_InWeek5,0.0010784018252607511,0.0023502320434094282,0.0
259,time_between_sessions_std_InWeek5,0.00142302022659369,0.0020251697561926136,0.0
260,time_sessions_std_InWeek5,0.0011844446167851872,0.001771702119733139,0.0
261,total_clicks_weekday_InWeek5,0.0012867295655782651,0.002059097732421599,0.0
262,total_clicks_weekend_InWeek5,0.0014522088145147297,0.00024269709073971226,0.0
263,ratio_clicks_weekend_day_InWeek5,0.0014619012453055483,0.0009349069860534007,0.0
264,total_clicks_video_InWeek5,0.001139047666527255,0.0033037710891462425,0.0
265,total_clicks_problem_InWeek5,0.001966927689283268,0.0015508950702680443,0.0
266,attendance_rate_InWeek5,0.0016337176493980885,0.0012118641929309256,0.0
267,utilization_rate_InWeek5,0.0011544561566036312,0.0015191194807426332,0.0
268,watching_ratio_InWeek5,0.0015814428401883004,6.445001923317931e-05,0.0
269,total_clicks_Video.Load_InWeek5,0.001303391432002867,0.0028128345547609856,0.0
270,weekly_prop_watched_mean_InWeek5,0.001311929999064643,0.0012118641929309256,0.0
271,weekly_prop_replayed_mean_InWeek5,0.0014634651886970957,0.0036002588717581425,0.0
272,weekly_prop_interrupted_mean_InWeek5,0.0017927623996251666,0.0015248370615583518,0.0
273,total_clicks_Video_InWeek5,0.0015730811017893053,0.0033037710891462425,0.0
274,frequency_action_Video_InWeek5,0.0011828683160274983,0.0003909020922659635,0.0
275,frequency_action_Video.Load_InWeek5,0.001366667088053817,0.001704458682540668,0.0
276,frequency_action_Video.Play_InWeek5,0.0019200877790853598,0.0018190590229502216,0.0
277,frequency_action_Video.Pause_InWeek5,0.0012609866493791372,0.0020058476290250437,0.0
278,pause_duration_mean_InWeek5,0.0010239645323841045,0.001335482224578191,0.0
279,pause_duration_std_InWeek5,0.0014579002561808702,0.0014268258025980538,0.0
280,time_speeding_up_mean_InWeek5,0.0013038259511888362,0.0033521975785400886,0.0
281,time_speeding_up_std_InWeek5,0.0009333972482909049,0.0016116237182349986,0.0
282,fraction_spent_ratio_duration_Video.Play_InWeek5,0.001984200504432384,0.0017798532729907358,0.0
283,fraction_spent_ratio_played_Video.Pause_InWeek5,0.0015436664005851542,0.0015912943811813545,0.0
284,fraction_spent_completed_Video.Play_InWeek5,0.0021240987439985048,0.001450012634622943,0.0
285,fraction_spent_spent_Video.Play_InWeek5,0.0016926966636399005,0.0018744397843369707,0.0
286,frequency_action_total_Video.Pause_InWeek5,0.0016300511606966853,0.001755200923630843,0.0
287,speed_playback__mean_InWeek5,0.0012776659053901304,0.0015072430397699507,0.0
288,speed_playback__std_InWeek5,0.0015860249878253707,0.002294579636520899,0.0
289,count_unique_elements_video_InWeek5,0.0012254014430445968,0.0017674780791917004,0.0
290,content_alignment_InWeek5,0.001796811448486762,0.0012118641929309256,0.0
291,content_anticipation_InWeek5,0.0,0.0,0.0002119944178792537
292,student_speed_InWeek5,0.0015107261960997309,0.0018718454977342802,0.0
293,watching_index_InWeek5,0.0017440656380182005,0.0015481028893496315,0.0
294,fraction_spent_entirety_Video.Play_InWeek5,0.0012875645978251379,0.000892078772683117,0.0
295,frequency_action_relative_Video.Play_InWeek5,0.0013742428240126514,0.0022017683103195042,0.0
296,frequency_action_relative_Video.Pause_InWeek5,0.0017612408656224657,0.0020542673045642577,0.0
297,frequency_action_relative_Video.Load_InWeek5,0.0016027295219184121,0.0017110173203309254,0.0
298,number_submissions_distinct_InWeek5,0.0,3.341134062119357e-05,0.002777689637508558
299,number_submissions_InWeek5,0.0,0.0,0.008686305275172435
300,number_submissions_avg_InWeek5,0.0,0.0,0.0
301,time_solve_problem_InWeek5,0.00137183819710733,0.002343134428129979,0.0
302,obs_duration_problem_var_InWeek5,0.0017768043138193903,0.0019512457024987888,0.0
303,obs_duration_problem_amax_InWeek5,0.0015870523003451576,0.0013840770514974181,0.0
304,time_sessions_length_InWeek5,0.0015202498766299349,0.0022113421020993583,0.0
305,total_clicks_InWeek6,0.0014021324162413452,0.00046516661539958826,0.0
306,number_sessions_InWeek6,0.0011460312382716986,0.0012475894035777696,0.0
307,time_in__video_sum_InWeek6,0.0013521600590067522,0.0004478292663297125,0.0
308,time_in__problem_sum_InWeek6,0.0018616420657137983,0.00097662157561726,0.0
309,video.pause-video.speedchange-video.play_InWeek6,0.0,0.0,0.0
310,video.play-video.pause-video.load_InWeek6,0.0015058456012144229,0.0012080074199002741,0.0
311,video.play-video.play-video.play_InWeek6,4.4646457517899054e-05,7.380782280249e-05,0.0
312,video.play-problem.check-problem.check_InWeek6,0.0028961659850148124,3.5924872149418566e-05,0.0
313,problem.check-problem.check-video.load_InWeek6,8.265531160672186e-05,0.00025877312765078367,0.0
314,problem.check-problem.check-problem.check_InWeek6,0.0008590697493583582,0.00011260310503986967,0.0
315,regularity_peak_dayhour_InWeek6,0.0015915427339656238,0.001858760002199351,0.0
316,regularity_periodicity_m1_InWeek6,0.0017718510096453627,0.0007733860969130341,0.0
317,delay_lecture_InWeek6,0.0016520616022992888,0.001856231315669906,0.0
318,time_sessions_sum_InWeek6,0.0013608790650471493,0.0004619446871797257,0.0
319,time_sessions_mean_InWeek6,0.0021402671037659233,0.0026705133211723793,0.0
320,time_between_sessions_std_InWeek6,0.0014730684048216533,0.002127839593376422,0.0
321,time_sessions_std_InWeek6,0.0013190181176802296,0.0029997037551442157,0.0
322,total_clicks_weekday_InWeek6,0.00164746471768576,0.0004280301228794784,0.0
323,total_clicks_weekend_InWeek6,0.002046679283244643,0.0007215298214826245,0.0
324,ratio_clicks_weekend_day_InWeek6,0.0015529853317324976,5.425445447047874e-05,0.0
325,total_clicks_video_InWeek6,0.0011930966524978388,0.0002437100519112493,0.0
326,total_clicks_problem_InWeek6,0.002105219264774052,0.0014486496054079464,0.0
327,attendance_rate_InWeek6,0.0016781715202596823,0.0013208776333958755,0.0
328,utilization_rate_InWeek6,0.001359516078853111,0.00044701387812437455,0.0
329,watching_ratio_InWeek6,0.0014741439560712049,6.57244381619143e-05,0.0
330,total_clicks_Video.Load_InWeek6,0.0013797324506167178,0.0008618482857017058,0.0
331,weekly_prop_watched_mean_InWeek6,0.002006170854627762,0.0013208776333958755,0.0
332,weekly_prop_replayed_mean_InWeek6,0.0017051388787220473,0.000615222580769952,0.0
333,weekly_prop_interrupted_mean_InWeek6,0.0018633561473739113,0.0010122225558695937,0.0
334,total_clicks_Video_InWeek6,0.0013878054769637638,0.0002437100519112493,0.0
335,frequency_action_Video_InWeek6,0.001515647718065846,0.002276836185451369,0.0
336,frequency_action_Video.Load_InWeek6,0.0010247320950285922,0.0014759189272291501,0.0
337,frequency_action_Video.Play_InWeek6,0.0018635347695433815,0.001908180632634731,0.0
338,frequency_action_Video.Pause_InWeek6,0.0018811526839149551,0.0019348053116485893,0.0
339,pause_duration_mean_InWeek6,0.0011127541157892708,0.0020597858239765703,0.0
340,pause_duration_std_InWeek6,0.0015837732644516337,0.000668891751659977,0.0
341,time_speeding_up_mean_InWeek6,0.0015385469110572117,0.00219106978980782,0.0
342,time_speeding_up_std_InWeek6,0.0017248531077880935,5.247793034700621e-05,0.0
343,fraction_spent_ratio_duration_Video.Play_InWeek6,0.0015094482204197652,0.0023046948871065886,0.0
344,fraction_spent_ratio_played_Video.Pause_InWeek6,0.001474600103621347,0.002643797155955191,0.0
345,fraction_spent_completed_Video.Play_InWeek6,0.0017255011341546452,0.002494919597984282,0.0
346,fraction_spent_spent_Video.Play_InWeek6,0.0018147230920033855,0.0003598908875495899,0.0
347,frequency_action_total_Video.Pause_InWeek6,0.0014616348188159628,0.000491561500565595,0.0
348,speed_playback__mean_InWeek6,0.0018867728695794695,0.0020136717528760678,0.0
349,speed_playback__std_InWeek6,0.0012730485997426754,0.0027070108179568005,0.0
350,count_unique_elements_video_InWeek6,0.0015830991464513128,0.002397993272623251,0.0
351,content_alignment_InWeek6,0.0017058879485649337,0.0013208776333958755,0.0
352,content_anticipation_InWeek6,0.0,0.0,0.006476573174633729
353,student_speed_InWeek6,0.001999128397562774,0.0011121752317858607,0.0
354,watching_index_InWeek6,0.0012695625772257324,0.0028596297770618513,0.0
355,fraction_spent_entirety_Video.Play_InWeek6,0.001589849430876929,0.0006812406200153702,0.0
356,frequency_action_relative_Video.Play_InWeek6,0.0016985614747512187,0.0019058724892168327,0.0
357,frequency_action_relative_Video.Pause_InWeek6,0.0015916381004467128,0.0018601483584309618,0.0
358,frequency_action_relative_Video.Load_InWeek6,0.001621582311666928,0.00153849019093995,0.0
359,number_submissions_distinct_InWeek6,0.0009564196378884826,3.760400575232925e-05,0.0
360,number_submissions_InWeek6,0.001488659000045323,0.0,0.0
361,number_submissions_avg_InWeek6,0.0,0.0,0.0
362,time_solve_problem_InWeek6,0.0017812009291617182,0.002127831261558158,0.0
363,obs_duration_problem_var_InWeek6,0.0013210873458314673,3.3711439508844855e-05,0.0
364,obs_duration_problem_amax_InWeek6,0.0014753581340756613,0.0017587679709671195,0.0
365,time_sessions_length_InWeek6,0.001309271076220808,0.0012475894035777696,0.0
366,total_clicks_InWeek7,0.0016764596485211935,0.001874991369321797,0.0
367,number_sessions_InWeek7,0.0017293577162962146,0.0018208513273763047,0.0
368,time_in__video_sum_InWeek7,0.001494421524509561,0.0014450473701702598,0.0
369,time_in__problem_sum_InWeek7,0.0016181960517034951,0.0017999466081671377,0.0
370,video.pause-video.speedchange-video.play_InWeek7,2.8890148713482216e-05,0.0037191283131115024,0.0
371,video.play-video.pause-video.load_InWeek7,0.0014737179942160032,0.0023053429013233685,0.0
372,video.play-video.play-video.play_InWeek7,2.9148594031507194e-05,3.9052437433382104e-05,0.00033035361902495925
373,video.play-problem.check-problem.check_InWeek7,0.0,0.0,0.0004827145437764747
374,problem.check-problem.check-video.load_InWeek7,0.0006414482021534916,7.53151146949638e-05,0.0
375,problem.check-problem.check-problem.check_InWeek7,0.0018710836127709396,0.003758637528375928,0.0
376,regularity_peak_dayhour_InWeek7,0.0014641981821145473,0.0019350797922188165,0.0
377,regularity_periodicity_m1_InWeek7,0.0014623905804635822,0.0014400403478511522,0.0
378,delay_lecture_InWeek7,0.0020538037528943583,0.0016882302260537469,0.0
379,time_sessions_sum_InWeek7,0.0011690026758006309,0.0030664755312856634,0.0
380,time_sessions_mean_InWeek7,0.0013545173122425753,0.002565396555045353,0.0
381,time_between_sessions_std_InWeek7,0.0014843438157943227,0.002159844276348893,0.0
382,time_sessions_std_InWeek7,0.0013463530569753509,0.0008745605693972241,0.0
383,total_clicks_weekday_InWeek7,0.0013304824365023464,0.001882181767584886,0.0
384,total_clicks_weekend_InWeek7,0.0015148332561524705,0.002674872615890011,0.0
385,ratio_clicks_weekend_day_InWeek7,0.0015367851107375627,0.00010045103961335355,0.0
386,total_clicks_video_InWeek7,0.001389712561345655,0.003025479494463103,0.0
387,total_clicks_problem_InWeek7,0.0022683867390664836,6.53487875447081e-05,0.0
388,attendance_rate_InWeek7,0.0013660243076970638,0.001946530422670444,0.0
389,utilization_rate_InWeek7,0.001409534202004582,0.0019209964255279233,0.0
390,watching_ratio_InWeek7,0.001349215964758016,6.040675254416899e-05,0.0
391,total_clicks_Video.Load_InWeek7,0.0012378537631334745,0.0013180924075738825,0.0
392,weekly_prop_watched_mean_InWeek7,0.0015785236264118615,0.001946530422670444,0.0
393,weekly_prop_replayed_mean_InWeek7,0.001749126123771117,0.0012170198361805703,0.0
394,weekly_prop_interrupted_mean_InWeek7,0.0016178226472448153,0.0018098487224880951,0.0
395,total_clicks_Video_InWeek7,0.0016105222328144564,0.003025479494463103,0.0
396,frequency_action_Video_InWeek7,0.0017236759576318946,0.00041130470616886403,0.0
397,frequency_action_Video.Load_InWeek7,0.0013869301434018184,0.0016581184104670402,0.0
398,frequency_action_Video.Play_InWeek7,0.0012806437975702418,0.0018267147038422626,0.0
399,frequency_action_Video.Pause_InWeek7,0.0016314816503595695,0.001936380320273185,0.0
400,pause_duration_mean_InWeek7,0.0013330160254733444,0.001405780134346317,0.0
401,pause_duration_std_InWeek7,0.0013472745265729364,0.0025035277285303283,0.0
402,time_speeding_up_mean_InWeek7,0.0012490371827752634,0.0013329734104764212,0.0
403,time_speeding_up_std_InWeek7,0.001716774095696742,0.0023980740239403255,0.0
404,fraction_spent_ratio_duration_Video.Play_InWeek7,0.0012453007057600376,3.30102128839157e-05,0.0
405,fraction_spent_ratio_played_Video.Pause_InWeek7,0.001574695491355292,0.0008563060621313233,0.0
406,fraction_spent_completed_Video.Play_InWeek7,0.001622474476610353,0.001701135646269667,0.0
407,fraction_spent_spent_Video.Play_InWeek7,0.0011438540350972345,0.003327866212980374,0.0
408,frequency_action_total_Video.Pause_InWeek7,0.0012420007461186409,0.0019652841427636315,0.0
409,speed_playback__mean_InWeek7,0.001267429819980692,0.002143870144464146,0.0
410,speed_playback__std_InWeek7,0.001401941322050363,0.0005172762457786814,0.0
411,count_unique_elements_video_InWeek7,0.0009668883451413284,0.002506514810299139,0.0
412,content_alignment_InWeek7,0.001339205747756789,0.001946530422670444,0.0
413,content_anticipation_InWeek7,0.0,0.0,0.0050772049423931966
414,student_speed_InWeek7,0.001487530584516038,0.0024125393901662374,0.0
415,watching_index_InWeek7,0.001979400274027227,0.001295644976821855,0.0
416,fraction_spent_entirety_Video.Play_InWeek7,0.0010984189801620625,0.001570736245951014,0.0
417,frequency_action_relative_Video.Play_InWeek7,0.0014312494057127103,0.0019389768450128369,0.0
418,frequency_action_relative_Video.Pause_InWeek7,0.0017277705172890215,0.0019794055670681976,0.0
419,frequency_action_relative_Video.Load_InWeek7,0.0012210661917881418,0.0015035900240103874,0.0
420,number_submissions_distinct_InWeek7,0.0,3.743946425814771e-05,0.02135667779258118
421,number_submissions_InWeek7,0.0,0.0,0.00021238201033745921
422,number_submissions_avg_InWeek7,0.0,0.0,0.0074897574520625355
423,time_solve_problem_InWeek7,0.0014643283477026089,0.0017392579179695833,0.0
424,obs_duration_problem_var_InWeek7,0.001382418235391616,3.341710190946658e-05,0.0
425,obs_duration_problem_amax_InWeek7,0.0016785464531298864,0.001401796432000045,0.0
426,time_sessions_length_InWeek7,0.0012018710196706906,0.0018208513273763047,0.0
427,total_clicks_InWeek8,0.0013925142390457657,0.0005060518602693644,0.0
428,number_sessions_InWeek8,0.001595687140087067,0.0013074932113267515,0.0
429,time_in__video_sum_InWeek8,0.0016796342421631647,0.0018727257676743694,0.0
430,time_in__problem_sum_InWeek8,0.0013551504528226915,0.002956602266288137,0.0
431,video.pause-video.speedchange-video.play_InWeek8,0.001578717716659359,0.003725975733290054,0.0
432,video.play-video.pause-video.load_InWeek8,0.0009954797286361795,0.003113077608973794,0.0
433,video.play-video.play-video.play_InWeek8,0.0,0.003759664457533289,0.0
434,video.play-problem.check-problem.check_InWeek8,0.0,0.0,0.00036395892795794595
435,problem.check-problem.check-video.load_InWeek8,2.9383133528481085e-05,3.966228335826445e-05,0.0
436,problem.check-problem.check-problem.check_InWeek8,0.001346310399161333,0.0011078465689627775,0.0
437,regularity_peak_dayhour_InWeek8,0.0024419846988952055,0.0025873367948942854,0.0
438,regularity_periodicity_m1_InWeek8,0.0019095062411894443,0.0019203244860728989,0.0
439,delay_lecture_InWeek8,0.00175086752649359,0.0021154048973612417,0.0
440,time_sessions_sum_InWeek8,0.0008481888607816546,0.0004609543756780997,0.0
441,time_sessions_mean_InWeek8,0.002170817175447196,0.0008598615826411526,0.0
442,time_between_sessions_std_InWeek8,0.0015963288579427793,0.0007787734886914276,0.0
443,time_sessions_std_InWeek8,0.0017518038822985848,0.0016187144267569504,0.0
444,total_clicks_weekday_InWeek8,0.0015979351982136102,0.0005332019801731068,0.0
445,total_clicks_weekend_InWeek8,0.0016762313849000285,0.0005699757453443344,0.0
446,ratio_clicks_weekend_day_InWeek8,0.001349006168649066,0.003496591990455389,0.0
447,total_clicks_video_InWeek8,0.0013410454992053976,0.0005409841426399789,0.0
448,total_clicks_problem_InWeek8,0.0023478208736277826,0.0003341819639496186,0.0
449,attendance_rate_InWeek8,0.00127966745409927,0.00046658041745382126,0.0
450,utilization_rate_InWeek8,0.0019050824171589758,0.0008195899722511388,0.0
451,watching_ratio_InWeek8,0.0012416416411241903,0.0001270106856263347,0.0
452,total_clicks_Video.Load_InWeek8,0.0019069896630267437,0.002222587706059611,0.0
453,weekly_prop_watched_mean_InWeek8,0.0011700271968325094,0.00046658041745382126,0.0
454,weekly_prop_replayed_mean_InWeek8,0.0015801732684093612,0.00374086867215393,0.0
455,weekly_prop_interrupted_mean_InWeek8,0.0015188794726160315,0.002113859319867664,0.0
456,total_clicks_Video_InWeek8,0.0015980788347652812,0.0005409841426399789,0.0
457,frequency_action_Video_InWeek8,0.0018873854447683466,4.556036470201966e-05,0.0
458,frequency_action_Video.Load_InWeek8,0.0012420749470254085,0.0013977777517059718,0.0
459,frequency_action_Video.Play_InWeek8,0.001306798987044703,0.0018440204772591467,0.0
460,frequency_action_Video.Pause_InWeek8,0.0010676947775315627,0.0018040029362854915,0.0
461,pause_duration_mean_InWeek8,0.0015080122343954583,0.0025168041555448583,0.0
462,pause_duration_std_InWeek8,0.0018870940493142768,0.0020132589035422492,0.0
463,time_speeding_up_mean_InWeek8,0.0016419330366038295,0.0014104756855050254,0.0
464,time_speeding_up_std_InWeek8,0.0015507783030365204,0.003708743745035647,0.0
465,fraction_spent_ratio_duration_Video.Play_InWeek8,0.0015863235142699894,6.153575845834893e-05,0.0
466,fraction_spent_ratio_played_Video.Pause_InWeek8,0.002194746424150425,5.264697553570663e-05,0.0
467,fraction_spent_completed_Video.Play_InWeek8,0.0016037990336074948,0.0008733601803018605,0.0
468,fraction_spent_spent_Video.Play_InWeek8,0.0015663133545205825,3.301430736219336e-05,0.0
469,frequency_action_total_Video.Pause_InWeek8,0.0014570168803271714,0.0015300855171440336,0.0
470,speed_playback__mean_InWeek8,0.0017201025924375335,0.002552298381233129,0.0
471,speed_playback__std_InWeek8,0.0016570950671413644,0.0016002901329510808,0.0
472,count_unique_elements_video_InWeek8,0.0017677806515762244,0.002551284448940063,0.0
473,content_alignment_InWeek8,0.00129007840668192,0.00046658041745382126,0.0
474,content_anticipation_InWeek8,0.0,0.0,0.0028606990059752337
475,student_speed_InWeek8,0.00185393690864354,0.0011206859724953297,0.0
476,watching_index_InWeek8,0.0016608602636887515,0.00046001871989215405,0.0
477,fraction_spent_entirety_Video.Play_InWeek8,0.0011756433037354466,0.001496826642277594,0.0
478,frequency_action_relative_Video.Play_InWeek8,0.001343585976520176,0.0019597934189697092,0.0
479,frequency_action_relative_Video.Pause_InWeek8,0.0009486823009358637,0.0019091355100907337,0.0
480,frequency_action_relative_Video.Load_InWeek8,0.0017416471308361562,0.0008859940864787443,0.0
481,number_submissions_distinct_InWeek8,0.0,9.158564970561617e-05,0.0
482,number_submissions_InWeek8,0.0,0.0,0.0
483,number_submissions_avg_InWeek8,0.0,0.0,0.0
484,time_solve_problem_InWeek8,0.0020465172131693297,0.000987825272818924,0.0
485,obs_duration_problem_var_InWeek8,0.0005599222236931529,4.3719364762740635e-05,0.0
486,obs_duration_problem_amax_InWeek8,0.0015468750176937992,0.0019532058276066034,0.0
487,time_sessions_length_InWeek8,0.0014074652382036242,0.0013074932113267515,0.0
488,total_clicks_InWeek9,0.0019757652124811355,0.001065644062140778,0.0
489,number_sessions_InWeek9,0.001195592340998996,0.0009087109555928376,0.0
490,time_in__video_sum_InWeek9,0.0013621976653091991,0.0022151656070583635,0.0
491,time_in__problem_sum_InWeek9,0.0017683989666736053,0.002237240077651455,0.0
492,video.pause-video.speedchange-video.play_InWeek9,0.0018477530981964138,2.826272966557869e-05,0.0
493,video.play-video.pause-video.load_InWeek9,0.0016229744697848257,0.0004619061962920487,0.0
494,video.play-video.play-video.play_InWeek9,0.0,3.402957224657449e-05,0.0
495,video.play-problem.check-problem.check_InWeek9,0.0,0.0,0.0028205827038398556
496,problem.check-problem.check-video.load_InWeek9,2.9695013260697573e-05,3.341134062119357e-05,0.0
497,problem.check-problem.check-problem.check_InWeek9,0.001363384913429118,6.006260116162778e-05,0.0
498,regularity_peak_dayhour_InWeek9,0.0014238891900581908,0.0007340088339348394,0.0
499,regularity_periodicity_m1_InWeek9,0.002236906062068148,0.001073341217765663,0.0
500,delay_lecture_InWeek9,0.0014549839008860918,0.0021441786798469865,0.0
501,time_sessions_sum_InWeek9,0.0012738422073968803,0.0032317933279857837,0.0
502,time_sessions_mean_InWeek9,0.0018193448731173654,0.001432776433906424,0.0
503,time_between_sessions_std_InWeek9,0.0010597499360116452,0.0025279061852287845,0.0
504,time_sessions_std_InWeek9,0.0008720644709550063,0.0018991065902275658,0.0
505,total_clicks_weekday_InWeek9,0.002022962930741461,0.00198543897867281,0.0
506,total_clicks_weekend_InWeek9,0.0014025487630260076,2.8262691969913025e-05,0.0
507,ratio_clicks_weekend_day_InWeek9,0.001570487113866578,3.7521878303275956e-05,0.0
508,total_clicks_video_InWeek9,0.0013586336184149945,0.0019502531409417473,0.0
509,total_clicks_problem_InWeek9,0.0025887475019658168,0.0004543300029659532,0.0
510,attendance_rate_InWeek9,0.0017774045950864064,0.0002983744499444082,0.0
511,utilization_rate_InWeek9,0.0013465801520451163,0.0025317567922776467,0.0
512,watching_ratio_InWeek9,0.0017407239481085281,0.00020574461550808124,0.0
513,total_clicks_Video.Load_InWeek9,0.0016911537008048746,0.001858915689030739,0.0
514,weekly_prop_watched_mean_InWeek9,0.001568859055245439,0.0002983744499444082,0.0
515,weekly_prop_replayed_mean_InWeek9,0.0011264156176709617,0.00013889956041897346,0.0
516,weekly_prop_interrupted_mean_InWeek9,0.0017769418644072962,0.00014099184840448488,0.0
517,total_clicks_Video_InWeek9,0.0010074019640063795,0.0019502531409417473,0.0
518,frequency_action_Video_InWeek9,0.0017812321373753054,9.817640707122343e-05,0.0
519,frequency_action_Video.Load_InWeek9,0.0006435672612803213,0.0011041109591000864,0.0
520,frequency_action_Video.Play_InWeek9,0.0012384331432261843,0.0019518619262684216,0.0
521,frequency_action_Video.Pause_InWeek9,0.0014033894026719326,0.0014050724726932837,0.0
522,pause_duration_mean_InWeek9,0.0013167052334199824,0.002662426541080301,0.0
523,pause_duration_std_InWeek9,0.0019384640115043125,0.0004447047661754972,0.0
524,time_speeding_up_mean_InWeek9,0.0028724549956886873,0.001649953512937998,0.0
525,time_speeding_up_std_InWeek9,5.267387692517068e-05,4.152449210629742e-05,0.0
526,fraction_spent_ratio_duration_Video.Play_InWeek9,0.001523045412814688,0.00010724522505694775,0.0
527,fraction_spent_ratio_played_Video.Pause_InWeek9,0.0015958562483356338,0.0015722061606716462,0.0
528,fraction_spent_completed_Video.Play_InWeek9,0.0012270406407505405,0.0013509380382260628,0.0
529,fraction_spent_spent_Video.Play_InWeek9,0.0008514835621641615,5.321484555421441e-05,0.0
530,frequency_action_total_Video.Pause_InWeek9,0.0016854251711340327,0.0014543845042330498,0.0
531,speed_playback__mean_InWeek9,0.001603094053829457,0.0032216904510350493,0.0
532,speed_playback__std_InWeek9,0.0016037894787202446,0.00021197720748468142,0.0
533,count_unique_elements_video_InWeek9,0.0011053337804434573,0.0019112828224912438,0.0
534,content_alignment_InWeek9,0.0017308319248038923,0.0002983744499444082,0.0
535,content_anticipation_InWeek9,0.0,0.0,0.0018052955839695922
536,student_speed_InWeek9,0.0019255605839965761,0.0023134229020426345,0.0
537,watching_index_InWeek9,0.0015387452599085133,0.0027454728649231245,0.0
538,fraction_spent_entirety_Video.Play_InWeek9,0.0028959103295098628,7.359818771305195e-05,0.0
539,frequency_action_relative_Video.Play_InWeek9,0.0017614368904750241,0.0016566019441687956,0.0
540,frequency_action_relative_Video.Pause_InWeek9,0.0009648627709056765,0.0016348693059642606,0.0
541,frequency_action_relative_Video.Load_InWeek9,0.001812027440378902,0.0011269430938792098,0.0
542,number_submissions_distinct_InWeek9,0.0,0.00012694543974744462,0.0
543,number_submissions_InWeek9,0.0,0.0,0.0
544,number_submissions_avg_InWeek9,0.0,0.0,0.0
545,time_solve_problem_InWeek9,0.0020410839773810337,0.002307999283376928,0.0
546,obs_duration_problem_var_InWeek9,0.0007851391711276659,9.333504484041284e-05,0.0
547,obs_duration_problem_amax_InWeek9,0.0013001369860975555,0.0012936370538478342,0.0
548,time_sessions_length_InWeek9,0.002059817002842411,0.0009087109555928376,0.0
549,total_clicks_InWeek10,0.0012035475313096114,0.00022792770460030673,0.0
550,number_sessions_InWeek10,0.0013228828972081553,0.00024140937574654967,0.0
551,time_in__video_sum_InWeek10,0.000617032304505151,4.381979360496144e-05,0.0
552,time_in__problem_sum_InWeek10,0.0013643598321796523,0.0030131029524808946,0.0
553,video.pause-video.speedchange-video.play_InWeek10,0.0015211095460882912,2.8262652030577833e-05,0.0
554,video.play-video.pause-video.load_InWeek10,0.0011940688477272393,0.0036576160059778456,0.0
555,video.play-video.play-video.play_InWeek10,0.0,6.716114337300435e-05,0.014174452035072827
556,video.play-problem.check-problem.check_InWeek10,0.0,0.0,0.008794110680072381
557,problem.check-problem.check-video.load_InWeek10,0.0,0.0,0.0
558,problem.check-problem.check-problem.check_InWeek10,0.0,0.00013296263845861096,0.0
559,regularity_peak_dayhour_InWeek10,0.0013472885203267755,0.001662009795328003,0.0
560,regularity_periodicity_m1_InWeek10,0.0019417722965684833,0.0016795708685223595,0.0
561,delay_lecture_InWeek10,0.0,0.0,0.0005328160884454523
562,time_sessions_sum_InWeek10,0.0015661026684002245,0.0028244800180160863,0.0
563,time_sessions_mean_InWeek10,0.0014839346257778776,0.001962767939488884,0.0
564,time_between_sessions_std_InWeek10,0.0014411570828398734,0.002313197718503644,0.0
565,time_sessions_std_InWeek10,0.0010474921884321246,0.0010453069688181665,0.0
566,total_clicks_weekday_InWeek10,0.001427617741068515,0.0007622554457489784,0.0
567,total_clicks_weekend_InWeek10,0.0015384395716076633,2.826270471297934e-05,0.0
568,ratio_clicks_weekend_day_InWeek10,0.0014308503041343928,0.00038222098518845996,0.0
569,total_clicks_video_InWeek10,0.0019754296027671933,0.0011982963564763983,0.0
570,total_clicks_problem_InWeek10,0.0025330546135343907,0.000982571123516911,0.004519395702691111
571,total_clicks_problem_InWeek10,0.0025330546135343907,0.000982571123516911,0.020963476166034188
572,attendance_rate_InWeek10,0.0,0.0,0.004718587619517264
573,utilization_rate_InWeek10,0.0016910257299404654,0.0007902529977296457,0.0
574,watching_ratio_InWeek10,0.0,0.00032268137386886817,0.020741855799569393
575,total_clicks_Video.Load_InWeek10,0.0014415765325077315,0.003064504649505613,0.0
576,weekly_prop_watched_mean_InWeek10,0.0,0.0,0.00020486768864831718
577,weekly_prop_replayed_mean_InWeek10,0.0,0.0,0.006899898781569781
578,weekly_prop_interrupted_mean_InWeek10,0.0,0.0,0.005179074397498381
579,total_clicks_Video_InWeek10,0.0017422369590965195,3.9890017674081355e-05,0.0
580,frequency_action_Video_InWeek10,0.0009706830213856586,0.0001753135850663812,0.0
581,frequency_action_Video.Load_InWeek10,0.0007554874265765975,3.954105590646073e-05,0.0
582,frequency_action_Video.Play_InWeek10,0.0012478086054259823,0.00183991402346916,0.0
583,frequency_action_Video.Pause_InWeek10,0.0015480154484145713,0.0025855988261497946,0.0
584,pause_duration_mean_InWeek10,0.001727878704295798,2.8262989042810265e-05,0.0
585,pause_duration_std_InWeek10,0.0019782084563012784,0.00268348078548756,0.0
586,time_speeding_up_mean_InWeek10,0.0012675366857754103,3.62770823501025e-05,0.0
587,time_speeding_up_std_InWeek10,0.001517142337010394,0.0037596583966855103,0.0
588,fraction_spent_ratio_duration_Video.Play_InWeek10,0.0,0.00020753416854070317,0.021397550686714104
589,fraction_spent_ratio_played_Video.Pause_InWeek10,0.001432753569316367,0.0024249505464970593,0.0
590,fraction_spent_completed_Video.Play_InWeek10,0.0,0.0,0.009521630905343541
591,fraction_spent_spent_Video.Play_InWeek10,0.0,0.0001264162423606612,0.002447036989034639
592,frequency_action_total_Video.Pause_InWeek10,0.0013548627393038875,0.0033933725406526394,0.0
593,speed_playback__mean_InWeek10,0.0017814088351438488,0.0017324878398673465,0.0
594,speed_playback__std_InWeek10,0.001878479422903662,0.0023139678027690115,0.0
595,count_unique_elements_video_InWeek10,0.0015436010487064964,0.0015890160285196378,0.0
596,content_alignment_InWeek10,0.0,0.0,0.006579735801399701
597,content_anticipation_InWeek10,0.0,0.0,0.00021030533003352865
598,student_speed_InWeek10,0.0016049551909298918,0.0026246652677954147,0.0
599,watching_index_InWeek10,0.0,0.0,0.0011932275515349965
600,fraction_spent_entirety_Video.Play_InWeek10,0.0,0.0,0.003183438330601124
601,frequency_action_relative_Video.Play_InWeek10,0.0014858481854172414,0.0016539092593305682,0.0
602,frequency_action_relative_Video.Pause_InWeek10,0.0012367451091237296,0.0021415226978944856,0.0
603,frequency_action_relative_Video.Load_InWeek10,0.002067945345427061,0.0007224951173206472,0.0
604,number_submissions_distinct_InWeek10,0.0,0.00022171862767877523,0.021405931851156437
605,number_submissions_InWeek10,0.0,0.0,0.007581770519531132
606,number_submissions_avg_InWeek10,0.0,0.0,0.0003879526293590428
607,time_solve_problem_InWeek10,0.0017990906949737406,0.0011145219849046306,0.0
608,obs_duration_problem_var_InWeek10,0.0010044240405151547,0.0002428116768236341,0.0
609,obs_duration_problem_amax_InWeek10,0.001310743588356666,0.0018755865657289232,0.0
610,time_sessions_length_InWeek10,0.0018956951804963162,0.00024140937574654967,0.0
611,total_clicks_InWeek11,0.0011837091545396743,0.0006219576529173219,0.0
612,number_sessions_InWeek11,0.0012497978709584882,0.0023002537633215947,0.0
613,time_in__video_sum_InWeek11,0.0011895159886904305,0.000148756614092435,0.0
614,time_in__problem_sum_InWeek11,0.0015324059517052746,0.0021366777694559204,0.0
615,video.pause-video.speedchange-video.play_InWeek11,5.607031937057704e-05,5.524858835742992e-05,0.0
616,video.play-video.pause-video.load_InWeek11,0.0010307964838882433,0.0017999048015395905,0.0
617,video.play-video.play-video.play_InWeek11,0.0,0.00014499080694810177,0.021299452112668423
618,video.play-problem.check-problem.check_InWeek11,0.0,3.799155083785985e-05,0.013777390836244446
619,problem.check-problem.check-video.load_InWeek11,0.0009313903710962393,7.319624380557775e-05,0.0
620,problem.check-problem.check-problem.check_InWeek11,0.0010259725215457445,0.0002695458615442056,0.0
621,regularity_peak_dayhour_InWeek11,0.0013679820279964582,0.002165177071890303,0.0
622,regularity_periodicity_m1_InWeek11,0.0023428129985918807,0.001883426168336898,0.0
623,delay_lecture_InWeek11,0.0,0.0,0.000784328753062151
624,time_sessions_sum_InWeek11,0.0014934699681416288,0.0024648451179555718,0.0
625,time_sessions_mean_InWeek11,0.0017281971319107925,0.0024008725318890234,0.0
626,time_between_sessions_std_InWeek11,0.0017645233649852064,0.0012935950609523688,0.0
627,time_sessions_std_InWeek11,0.0012302839268429708,0.0021857730547859898,0.0
628,total_clicks_weekday_InWeek11,0.001398439462721972,0.0006145617224217433,0.0
629,total_clicks_weekend_InWeek11,0.0017052706303847857,2.8262705294132703e-05,0.0
630,ratio_clicks_weekend_day_InWeek11,0.0015650626667514426,0.003742227657417307,0.0
631,total_clicks_video_InWeek11,0.0013374837375335418,0.0007163276776265395,0.0
632,total_clicks_problem_InWeek11,0.0025636072352468527,0.0011391982655424592,0.002781491389579659
633,total_clicks_problem_InWeek11,0.0025636072352468527,0.0011391982655424592,0.02044347304694773
634,attendance_rate_InWeek11,0.0,0.0,0.007136921901816006
635,utilization_rate_InWeek11,0.002001929729457135,0.0011426892068197314,0.0
636,watching_ratio_InWeek11,0.0,0.0005999619490224741,0.0011823992714276562
637,total_clicks_Video.Load_InWeek11,0.0017176703599857484,0.00246058792431809,0.0
638,weekly_prop_watched_mean_InWeek11,0.0,0.0,0.007395226674860669
639,weekly_prop_replayed_mean_InWeek11,0.0,0.0,0.021191482732720434
640,weekly_prop_interrupted_mean_InWeek11,0.0,2.8262652030577833e-05,0.021163807302360668
641,total_clicks_Video_InWeek11,0.0015670336337831293,5.986857337915052e-05,0.0
642,frequency_action_Video_InWeek11,0.0011977602434411713,0.0002694927387459047,0.0
643,frequency_action_Video.Load_InWeek11,0.001216183023608317,5.5486872833661715e-05,0.0
644,frequency_action_Video.Play_InWeek11,0.0009590533231418404,0.0019396564485048117,0.0
645,frequency_action_Video.Pause_InWeek11,0.0020434305973709983,0.002376764928528089,0.0
646,pause_duration_mean_InWeek11,0.0017518981799896766,6.126116952861767e-05,0.0
647,pause_duration_std_InWeek11,0.001441222838518031,0.0019257839294883853,0.0
648,time_speeding_up_mean_InWeek11,0.0016800609616673648,0.0037445397125180947,0.0
649,time_speeding_up_std_InWeek11,0.0016447039522960597,0.001203109072962425,0.0
650,fraction_spent_ratio_duration_Video.Play_InWeek11,0.0,0.00034743662773885353,0.000218991459436925
651,fraction_spent_ratio_played_Video.Pause_InWeek11,0.0017639377332835016,0.0028516026732010587,0.0
652,fraction_spent_completed_Video.Play_InWeek11,0.0,0.0,0.0002052137589415734
653,fraction_spent_spent_Video.Play_InWeek11,0.0,0.00020336985058491442,0.021250922385388286
654,frequency_action_total_Video.Pause_InWeek11,0.0014933759916142394,2.82726196774848e-05,0.0
655,speed_playback__mean_InWeek11,0.002133937011812038,0.0028462332304904354,0.0
656,speed_playback__std_InWeek11,0.0013818527382374723,0.0022450663915865943,0.0
657,count_unique_elements_video_InWeek11,0.0012302338927142257,0.002504209934055103,0.0
658,content_alignment_InWeek11,0.0,0.0,0.0029327511586001776
659,content_anticipation_InWeek11,0.0,0.0,0.003711280207385614
660,student_speed_InWeek11,0.0017206734979353807,0.0023681338920215093,0.0
661,watching_index_InWeek11,0.0,0.0,0.0016822133719410401
662,fraction_spent_entirety_Video.Play_InWeek11,0.0,2.8262652030577833e-05,0.0
663,frequency_action_relative_Video.Play_InWeek11,0.001991639558954663,0.0018727774784444331,0.0
664,frequency_action_relative_Video.Pause_InWeek11,0.0010736419936849284,0.002353293683342274,0.0
665,frequency_action_relative_Video.Load_InWeek11,0.002160095803293142,0.0018888863221985636,0.0
666,number_submissions_distinct_InWeek11,0.0,0.00035123882918444157,0.02141635172994713
667,number_submissions_InWeek11,0.0,0.0,0.008385191986636113
668,number_submissions_avg_InWeek11,0.0,0.0,0.005677385863615115
669,time_solve_problem_InWeek11,0.0024934768538262186,0.002575406434101104,0.0
670,obs_duration_problem_var_InWeek11,0.0007986280665459053,0.0003432141275806105,0.0
671,obs_duration_problem_amax_InWeek11,0.0017306979406962345,0.001361416199331834,0.0
672,time_sessions_length_InWeek11,0.0017028004613265047,0.0023002537633215947,0.0
673,total_clicks_InWeek12,0.0012048756981073861,0.0006091726634966546,0.0
674,number_sessions_InWeek12,0.0016157979863332004,0.0006678855338354782,0.0
675,time_in__video_sum_InWeek12,0.0014284434257169126,0.00035656841181951846,0.0
676,time_in__problem_sum_InWeek12,0.0018730304075113323,0.002360513605258505,0.0
677,video.pause-video.speedchange-video.play_InWeek12,2.9810811160634055e-05,8.456360628342708e-05,0.0
678,video.play-video.pause-video.load_InWeek12,0.0014137089514334785,0.0022455841405914175,0.0
679,video.play-video.play-video.play_InWeek12,2.933159474426693e-05,0.00022185755047862677,0.021408481013562675
680,video.play-problem.check-problem.check_InWeek12,0.002734414787543562,8.60973369750951e-05,0.01685563471523094
681,video.play-problem.check-problem.check_InWeek12,0.002734414787543562,8.60973369750951e-05,0.021158487848250206
682,problem.check-problem.check-video.load_InWeek12,0.001207527667976188,9.35109856914262e-05,0.0
683,problem.check-problem.check-problem.check_InWeek12,0.0006886055148853728,0.0005453154715479901,0.0
684,regularity_peak_dayhour_InWeek12,0.001520614452603609,0.002337901125383397,0.0
685,regularity_periodicity_m1_InWeek12,0.0021246748930835325,6.83534695556584e-05,0.0
686,delay_lecture_InWeek12,0.0,0.0,0.0075232441165447375
687,time_sessions_sum_InWeek12,0.0016184992500715917,0.002328795584073584,0.0
688,time_sessions_mean_InWeek12,0.0022841736248789294,0.002433670332937496,0.0
689,time_between_sessions_std_InWeek12,0.0016943513761035723,0.0022173780674332355,0.0
690,time_sessions_std_InWeek12,0.0015405729024322034,0.0013737174143903937,0.0
691,total_clicks_weekday_InWeek12,0.001748818957245889,0.0009801764401557748,0.0
692,total_clicks_weekend_InWeek12,0.001617144746315515,6.445042001933443e-05,0.0
693,ratio_clicks_weekend_day_InWeek12,0.0017346148938064026,6.317662096544883e-05,0.0
694,total_clicks_video_InWeek12,0.001034347577575229,0.0011793603476805985,0.0
695,total_clicks_problem_InWeek12,0.002476375359367071,0.0014450686193435008,0.006548038921552639
696,total_clicks_problem_InWeek12,0.002476375359367071,0.0014450686193435008,0.016859397879258914
697,attendance_rate_InWeek12,0.0,0.0,0.0006599588505643473
698,utilization_rate_InWeek12,0.0,0.0,0.001664096800553183
699,watching_ratio_InWeek12,0.0,0.000687934115363416,0.02091336496494045
700,total_clicks_Video.Load_InWeek12,0.002235299902007022,0.001820378426696422,0.0
701,weekly_prop_watched_mean_InWeek12,0.0,0.0,0.00021030533003352865
702,weekly_prop_replayed_mean_InWeek12,0.0,0.0,0.003938784435878324
703,weekly_prop_interrupted_mean_InWeek12,0.0,5.742934923692548e-05,0.021098071770476207
704,total_clicks_Video_InWeek12,0.0015281115959176366,0.00017447898854157043,0.0
705,frequency_action_Video_InWeek12,0.0013536270353280305,0.0003634307226580105,0.0
706,frequency_action_Video.Load_InWeek12,0.000822090711502866,7.411902532352945e-05,0.0
707,frequency_action_Video.Play_InWeek12,0.0010103649328976534,0.0013513689514404812,0.0
708,frequency_action_Video.Pause_InWeek12,0.0012266665398288008,0.0025093696583547366,0.0
709,pause_duration_mean_InWeek12,0.001518707891350329,9.43777711782762e-05,0.0
710,pause_duration_std_InWeek12,0.0017068728736354332,0.001477124037617319,0.0
711,time_speeding_up_mean_InWeek12,0.0016983558736488127,0.002922821120242766,0.0
712,time_speeding_up_std_InWeek12,5.987495933920856e-05,0.0004361739476503023,0.0
713,fraction_spent_ratio_duration_Video.Play_InWeek12,0.0,0.0005579745960863252,0.01041357821773311
714,fraction_spent_ratio_played_Video.Pause_InWeek12,0.0014952141348958553,0.0018155674167834573,0.0
715,fraction_spent_completed_Video.Play_InWeek12,0.0,0.0,0.007354941240509462
716,fraction_spent_spent_Video.Play_InWeek12,0.0,0.0002987038857026131,0.021395725358748077
717,frequency_action_total_Video.Pause_InWeek12,0.001438517119368686,6.470964086576235e-05,0.0
718,speed_playback__mean_InWeek12,0.001782549807786484,0.0011717842828272618,0.0
719,speed_playback__std_InWeek12,0.0008602357802662969,2.8267000757277198e-05,0.0
720,count_unique_elements_video_InWeek12,0.0019179818295370216,0.0017640063511254738,0.0
721,content_alignment_InWeek12,0.0,0.0,0.0005835230671803372
722,content_anticipation_InWeek12,0.0,0.0,0.011790246446780991
723,student_speed_InWeek12,0.0015273857282006261,0.002145957239354174,0.0
724,watching_index_InWeek12,0.0,0.0,0.0026643619889406313
725,fraction_spent_entirety_Video.Play_InWeek12,0.0,2.8262652030577833e-05,0.006794678724023206
726,frequency_action_relative_Video.Play_InWeek12,0.0018092652363108513,0.002011169036433875,0.0
727,frequency_action_relative_Video.Pause_InWeek12,0.0014678754261455873,0.001986870168171643,0.0
728,frequency_action_relative_Video.Load_InWeek12,0.00229131470877901,0.001039320345943304,0.0
729,number_submissions_distinct_InWeek12,2.9407842292217203e-05,0.0005010321453625708,0.0
730,number_submissions_InWeek12,0.0,0.0037602970818445274,0.0
731,number_submissions_avg_InWeek12,0.0,0.0,0.0
732,time_solve_problem_InWeek12,0.00265537343476723,0.002138627561653032,0.0
733,obs_duration_problem_var_InWeek12,0.000536598150441231,0.0004153189667520473,0.0
734,obs_duration_problem_amax_InWeek12,0.0018672731158234813,0.0026566708252502903,0.0
735,time_sessions_length_InWeek12,0.0013208540035655697,0.0006678855338354782,0.0
736,total_clicks_InWeek13,0.0013374417324529548,0.001591312950460084,0.0
737,number_sessions_InWeek13,0.001985926709154685,0.0004536268069415893,0.0
738,time_in__video_sum_InWeek13,0.0009168759379340317,0.0004667631573332353,0.0
739,time_in__problem_sum_InWeek13,0.0013755624070165688,0.0023308459894849694,0.0
740,video.pause-video.speedchange-video.play_InWeek13,0.0,0.00012819740646656706,0.021412148291239164
741,video.play-video.pause-video.load_InWeek13,8.996007248567001e-05,3.258835890890581e-05,0.0
742,video.play-video.play-video.play_InWeek13,0.0,0.0003575326782228274,0.02121729156275699
743,video.play-problem.check-problem.check_InWeek13,0.0028964257684835916,0.00036428632609102437,0.013365542604609855
744,video.play-problem.check-problem.check_InWeek13,0.0028964257684835916,0.00036428632609102437,0.021394265568989223
745,problem.check-problem.check-video.load_InWeek13,0.0010775889994258665,0.0002622207311602412,0.0
746,problem.check-problem.check-problem.check_InWeek13,2.9718384260786736e-05,0.0006783539744833389,0.0
747,regularity_peak_dayhour_InWeek13,0.001708409145983391,0.0015374182923751478,0.0
748,regularity_periodicity_m1_InWeek13,0.002426516919185653,0.00032340012999952173,0.0
749,delay_lecture_InWeek13,0.0,0.0,0.0031297643553284747
750,time_sessions_sum_InWeek13,0.0011582589900885221,0.003624915046147965,0.0
751,time_sessions_mean_InWeek13,0.001598974225489844,0.003624915046147965,0.0
752,time_between_sessions_std_InWeek13,0.0,0.0,0.005270210539505125
753,time_sessions_std_InWeek13,0.0,0.0,0.004844411797014593
754,total_clicks_weekday_InWeek13,0.00185505768122816,0.001591312950460084,0.0
755,total_clicks_weekend_InWeek13,0.0,0.00011445471508527704,0.009801600356179694
756,ratio_clicks_weekend_day_InWeek13,0.0,0.0,0.0017737632219366325
757,total_clicks_video_InWeek13,0.0012758691689095636,6.5589621655592e-05,0.0
758,total_clicks_problem_InWeek13,0.0025751752842035638,0.001485905669223891,0.01320817961223374
759,total_clicks_problem_InWeek13,0.0025751752842035638,0.001485905669223891,0.0189161381404328
760,attendance_rate_InWeek13,0.0,0.0,0.0007668895727057992
761,utilization_rate_InWeek13,0.0,0.0,0.0027700298587080337
762,watching_ratio_InWeek13,0.0,0.000689105563552911,0.02124475755820545
763,total_clicks_Video.Load_InWeek13,0.0019687470001754277,0.002224144977160239,0.0
764,weekly_prop_watched_mean_InWeek13,0.0,0.0,0.00023104554800155864
765,weekly_prop_replayed_mean_InWeek13,0.0,0.0,0.021201465000173173
766,weekly_prop_interrupted_mean_InWeek13,0.0,8.753091045550707e-05,0.02121367706030898
767,total_clicks_Video_InWeek13,0.0007600208248533466,0.0003522915106973441,0.0
768,frequency_action_Video_InWeek13,0.0016357302592131036,0.0006216193146069332,0.0
769,frequency_action_Video.Load_InWeek13,0.00038296801309435353,0.00014374928265240778,0.0
770,frequency_action_Video.Play_InWeek13,0.0008327648332626437,0.0013111043678009535,0.0
771,frequency_action_Video.Pause_InWeek13,0.001916643741933206,0.0019370813844371815,0.0
772,pause_duration_mean_InWeek13,0.0013296099414110568,0.00017319492484333207,0.0
773,pause_duration_std_InWeek13,0.0014370104068891065,2.8265132938772357e-05,0.0
774,time_speeding_up_mean_InWeek13,0.0,0.0037613651756215104,0.0
775,time_speeding_up_std_InWeek13,0.0,3.431107342976107e-05,0.0
776,fraction_spent_ratio_duration_Video.Play_InWeek13,0.0,0.0006451570438538237,0.021215619417167476
777,fraction_spent_ratio_played_Video.Pause_InWeek13,0.00106869429870324,0.0033168696697804608,0.0
778,fraction_spent_completed_Video.Play_InWeek13,0.0,0.0,0.0008647840527293119
779,fraction_spent_spent_Video.Play_InWeek13,0.0,0.0003949122594670866,0.02100432525962015
780,frequency_action_total_Video.Pause_InWeek13,0.001364065109371828,6.271349920430565e-05,0.0
781,speed_playback__mean_InWeek13,0.002028920586323388,0.0020830547541185536,0.0
782,speed_playback__std_InWeek13,6.876329839906684e-05,2.8276843281801927e-05,0.0
783,count_unique_elements_video_InWeek13,0.0013495456906306978,0.002545747194222476,0.0
784,content_alignment_InWeek13,0.0,0.0,0.0016747205697030165
785,content_anticipation_InWeek13,0.0,0.0,0.007697138501383547
786,student_speed_InWeek13,0.0009438641173239938,0.001956443165245064,0.0
787,watching_index_InWeek13,0.0,0.0,0.004437101014701963
788,fraction_spent_entirety_Video.Play_InWeek13,0.0,2.993146658590325e-05,0.00022111187826254935
789,frequency_action_relative_Video.Play_InWeek13,0.0015847721213332654,0.0013355133753112237,0.0
790,frequency_action_relative_Video.Pause_InWeek13,0.0011136852406627862,0.0013965879297492185,0.0
791,frequency_action_relative_Video.Load_InWeek13,0.0023752320549543524,0.0010538531515844503,0.0
792,number_submissions_distinct_InWeek13,0.0,0.0007370671719774357,0.020850917993889873
793,number_submissions_InWeek13,0.0,0.0,0.0003758242618015285
794,number_submissions_avg_InWeek13,0.0,2.8262652030577833e-05,0.021414128046631755
795,time_solve_problem_InWeek13,0.002395107669134764,0.002858620377233851,0.0
796,obs_duration_problem_var_InWeek13,0.0016691657678344581,0.000715618580930926,0.0
797,obs_duration_problem_amax_InWeek13,0.001519007951160675,0.002069079578709001,0.0
798,time_sessions_length_InWeek13,0.0010112881244188974,3.975646768507549e-05,0.0
